repr_type,pair,metric,category,n_items,mean,std
embedding_matrix,en_100m__vs__en_bul_a,jaccard_divergence,clothing_appearance,100,0.6494584185113713,0.2671698371519024
embedding_matrix,en_100m__vs__en_bul_a,jaccard_divergence,daily_customs,101,0.49912363735119003,0.29454968579463364
embedding_matrix,en_100m__vs__en_bul_a,jaccard_divergence,family_kinship,101,0.6299658486689824,0.2519763365253842
embedding_matrix,en_100m__vs__en_bul_a,jaccard_divergence,festivals_holidays,100,0.6375643424696542,0.22033495212791288
embedding_matrix,en_100m__vs__en_bul_a,jaccard_divergence,food_cuisine,100,0.7100484034668922,0.354056680052237
embedding_matrix,en_100m__vs__en_bul_a,jaccard_divergence,governance_law,100,0.6691652564064279,0.2252343376854234
embedding_matrix,en_100m__vs__en_bul_a,jaccard_divergence,religion_ritual,101,0.6487404894234334,0.2799900544099769
embedding_matrix,en_100m__vs__en_bul_a,jaccard_divergence,social_identity,99,0.4777060525885148,0.343904669064749
embedding_matrix,en_100m__vs__en_bul_a,jaccard_divergence,symbols_colors,97,0.6331235154330376,0.24943018556083935
embedding_matrix,en_100m__vs__en_bul_a,jaccard_divergence,values_norms,101,0.7033402381125154,0.2239758179891256
embedding_matrix,en_100m__vs__en_bul_b,jaccard_divergence,clothing_appearance,100,0.6628113045904143,0.27163169119648733
embedding_matrix,en_100m__vs__en_bul_b,jaccard_divergence,daily_customs,101,0.5082561055198006,0.2994923720819867
embedding_matrix,en_100m__vs__en_bul_b,jaccard_divergence,family_kinship,101,0.6518725155697535,0.2473631523975745
embedding_matrix,en_100m__vs__en_bul_b,jaccard_divergence,festivals_holidays,100,0.677921578109925,0.19967461759449728
embedding_matrix,en_100m__vs__en_bul_b,jaccard_divergence,food_cuisine,100,0.7314266994936781,0.3544310357405519
embedding_matrix,en_100m__vs__en_bul_b,jaccard_divergence,governance_law,100,0.6666174050430549,0.2269556745969196
embedding_matrix,en_100m__vs__en_bul_b,jaccard_divergence,religion_ritual,101,0.6448154613464537,0.28628937738787374
embedding_matrix,en_100m__vs__en_bul_b,jaccard_divergence,social_identity,99,0.4852253688212919,0.33793809760139143
embedding_matrix,en_100m__vs__en_bul_b,jaccard_divergence,symbols_colors,97,0.6499251039648445,0.2445447358602011
embedding_matrix,en_100m__vs__en_bul_b,jaccard_divergence,values_norms,101,0.7223010550667305,0.22051570996254863
embedding_matrix,en_100m__vs__en_deu_a,jaccard_divergence,clothing_appearance,100,0.6749571901524334,0.2543596744950467
embedding_matrix,en_100m__vs__en_deu_a,jaccard_divergence,daily_customs,101,0.5168332598742041,0.29006879837590477
embedding_matrix,en_100m__vs__en_deu_a,jaccard_divergence,family_kinship,101,0.6464260611629982,0.25604257077374276
embedding_matrix,en_100m__vs__en_deu_a,jaccard_divergence,festivals_holidays,100,0.6877803661059895,0.20892724011608305
embedding_matrix,en_100m__vs__en_deu_a,jaccard_divergence,food_cuisine,100,0.7269813587529589,0.3700015444821325
embedding_matrix,en_100m__vs__en_deu_a,jaccard_divergence,governance_law,100,0.6695711855089743,0.22255992478630257
embedding_matrix,en_100m__vs__en_deu_a,jaccard_divergence,religion_ritual,101,0.6636560481936388,0.27959230457071815
embedding_matrix,en_100m__vs__en_deu_a,jaccard_divergence,social_identity,99,0.477650443344562,0.3358286871743609
embedding_matrix,en_100m__vs__en_deu_a,jaccard_divergence,symbols_colors,97,0.6461926211613098,0.24408505845138764
embedding_matrix,en_100m__vs__en_deu_a,jaccard_divergence,values_norms,101,0.7050787442098567,0.22682815459680244
embedding_matrix,en_100m__vs__en_deu_b,jaccard_divergence,clothing_appearance,100,0.6858278337067673,0.24727169248883576
embedding_matrix,en_100m__vs__en_deu_b,jaccard_divergence,daily_customs,101,0.5050980977649329,0.2991420590250222
embedding_matrix,en_100m__vs__en_deu_b,jaccard_divergence,family_kinship,101,0.6545406912837094,0.24322840337349205
embedding_matrix,en_100m__vs__en_deu_b,jaccard_divergence,festivals_holidays,100,0.6550140114025433,0.22468220242496828
embedding_matrix,en_100m__vs__en_deu_b,jaccard_divergence,food_cuisine,100,0.7282564749863225,0.3619517228738651
embedding_matrix,en_100m__vs__en_deu_b,jaccard_divergence,governance_law,100,0.6482961539258244,0.2369799870440381
embedding_matrix,en_100m__vs__en_deu_b,jaccard_divergence,religion_ritual,101,0.6590358017765029,0.2810637326969606
embedding_matrix,en_100m__vs__en_deu_b,jaccard_divergence,social_identity,99,0.4813765205973071,0.3388974116689764
embedding_matrix,en_100m__vs__en_deu_b,jaccard_divergence,symbols_colors,97,0.6305061381752571,0.24479059796811908
embedding_matrix,en_100m__vs__en_deu_b,jaccard_divergence,values_norms,101,0.7120772691436624,0.23031400294986695
embedding_matrix,en_100m__vs__en_fas_a,jaccard_divergence,clothing_appearance,100,0.6909472320525771,0.25401778993661467
embedding_matrix,en_100m__vs__en_fas_a,jaccard_divergence,daily_customs,101,0.5412346805821914,0.2919196137903986
embedding_matrix,en_100m__vs__en_fas_a,jaccard_divergence,family_kinship,101,0.6722642552029163,0.24865470661593012
embedding_matrix,en_100m__vs__en_fas_a,jaccard_divergence,festivals_holidays,100,0.7443967422912339,0.1733671231909623
embedding_matrix,en_100m__vs__en_fas_a,jaccard_divergence,food_cuisine,100,0.7584619723116309,0.33297498945563175
embedding_matrix,en_100m__vs__en_fas_a,jaccard_divergence,governance_law,100,0.6792133789394783,0.23594761407546172
embedding_matrix,en_100m__vs__en_fas_a,jaccard_divergence,religion_ritual,101,0.6831412209477032,0.26721206554061017
embedding_matrix,en_100m__vs__en_fas_a,jaccard_divergence,social_identity,99,0.5017194776911674,0.33656418103562263
embedding_matrix,en_100m__vs__en_fas_a,jaccard_divergence,symbols_colors,97,0.6985619995430972,0.2321537337238056
embedding_matrix,en_100m__vs__en_fas_a,jaccard_divergence,values_norms,101,0.7337755169743151,0.22073199945355665
embedding_matrix,en_100m__vs__en_fas_b,jaccard_divergence,clothing_appearance,100,0.6873048688204983,0.24793247529689563
embedding_matrix,en_100m__vs__en_fas_b,jaccard_divergence,daily_customs,101,0.5159801451665333,0.2997766821177167
embedding_matrix,en_100m__vs__en_fas_b,jaccard_divergence,family_kinship,101,0.6602047144955503,0.25293336514446557
embedding_matrix,en_100m__vs__en_fas_b,jaccard_divergence,festivals_holidays,100,0.6864182307365577,0.20856589328730704
embedding_matrix,en_100m__vs__en_fas_b,jaccard_divergence,food_cuisine,100,0.7430102886097365,0.34380906482887463
embedding_matrix,en_100m__vs__en_fas_b,jaccard_divergence,governance_law,100,0.6839658214193602,0.22354680410331118
embedding_matrix,en_100m__vs__en_fas_b,jaccard_divergence,religion_ritual,101,0.6660185693569113,0.2677160903169897
embedding_matrix,en_100m__vs__en_fas_b,jaccard_divergence,social_identity,99,0.48521821626316014,0.3406562460717513
embedding_matrix,en_100m__vs__en_fas_b,jaccard_divergence,symbols_colors,97,0.6572888898826167,0.24787370280728752
embedding_matrix,en_100m__vs__en_fas_b,jaccard_divergence,values_norms,101,0.7416382655772524,0.21171455170288808
embedding_matrix,en_100m__vs__en_fr_a,jaccard_divergence,clothing_appearance,100,0.6461355852534456,0.28130922027974886
embedding_matrix,en_100m__vs__en_fr_a,jaccard_divergence,daily_customs,101,0.5004470288432894,0.2932081128650547
embedding_matrix,en_100m__vs__en_fr_a,jaccard_divergence,family_kinship,101,0.6278140124149642,0.2582244833162376
embedding_matrix,en_100m__vs__en_fr_a,jaccard_divergence,festivals_holidays,100,0.661516976957165,0.2192256398775933
embedding_matrix,en_100m__vs__en_fr_a,jaccard_divergence,food_cuisine,100,0.7097554139632879,0.3650801300420447
embedding_matrix,en_100m__vs__en_fr_a,jaccard_divergence,governance_law,100,0.6423181396092059,0.23946100180729546
embedding_matrix,en_100m__vs__en_fr_a,jaccard_divergence,religion_ritual,101,0.6521823560704031,0.2799820135171224
embedding_matrix,en_100m__vs__en_fr_a,jaccard_divergence,social_identity,99,0.4622535651550942,0.34920170346541346
embedding_matrix,en_100m__vs__en_fr_a,jaccard_divergence,symbols_colors,97,0.6349824000077462,0.24797780430144203
embedding_matrix,en_100m__vs__en_fr_a,jaccard_divergence,values_norms,101,0.6913663872214622,0.23988536142564604
embedding_matrix,en_100m__vs__en_fr_b,jaccard_divergence,clothing_appearance,100,0.6542341751286433,0.26949331099478263
embedding_matrix,en_100m__vs__en_fr_b,jaccard_divergence,daily_customs,101,0.488000538193243,0.3006987241395439
embedding_matrix,en_100m__vs__en_fr_b,jaccard_divergence,family_kinship,101,0.631353716635178,0.25280816471828466
embedding_matrix,en_100m__vs__en_fr_b,jaccard_divergence,festivals_holidays,100,0.6539313332810073,0.23070038112200295
embedding_matrix,en_100m__vs__en_fr_b,jaccard_divergence,food_cuisine,100,0.712993825841637,0.3744250088419505
embedding_matrix,en_100m__vs__en_fr_b,jaccard_divergence,governance_law,100,0.6646015321837541,0.21758587315931793
embedding_matrix,en_100m__vs__en_fr_b,jaccard_divergence,religion_ritual,101,0.6534377443344532,0.27220309321609987
embedding_matrix,en_100m__vs__en_fr_b,jaccard_divergence,social_identity,99,0.46893323811541726,0.343586882729164
embedding_matrix,en_100m__vs__en_fr_b,jaccard_divergence,symbols_colors,97,0.6250768269701418,0.24206081182676523
embedding_matrix,en_100m__vs__en_fr_b,jaccard_divergence,values_norms,101,0.7004473375638092,0.23774542532063886
embedding_matrix,en_100m__vs__en_ind_a,jaccard_divergence,clothing_appearance,100,0.6800638995467057,0.2529991570307924
embedding_matrix,en_100m__vs__en_ind_a,jaccard_divergence,daily_customs,101,0.49142919490183906,0.3045377939259025
embedding_matrix,en_100m__vs__en_ind_a,jaccard_divergence,family_kinship,101,0.6439054306212061,0.2432838140343553
embedding_matrix,en_100m__vs__en_ind_a,jaccard_divergence,festivals_holidays,100,0.6708048161175852,0.2226563166505589
embedding_matrix,en_100m__vs__en_ind_a,jaccard_divergence,food_cuisine,100,0.7355947058828204,0.3522544561604822
embedding_matrix,en_100m__vs__en_ind_a,jaccard_divergence,governance_law,100,0.6422164866528922,0.24238080225452202
embedding_matrix,en_100m__vs__en_ind_a,jaccard_divergence,religion_ritual,101,0.6607034211656104,0.27783376834608753
embedding_matrix,en_100m__vs__en_ind_a,jaccard_divergence,social_identity,99,0.4931385824151907,0.3304685182472053
embedding_matrix,en_100m__vs__en_ind_a,jaccard_divergence,symbols_colors,97,0.6389125063634298,0.24975836376440547
embedding_matrix,en_100m__vs__en_ind_a,jaccard_divergence,values_norms,101,0.6819433457903984,0.2517902581137066
embedding_matrix,en_100m__vs__en_ind_b,jaccard_divergence,clothing_appearance,100,0.6684986909828402,0.26436727917465375
embedding_matrix,en_100m__vs__en_ind_b,jaccard_divergence,daily_customs,101,0.4905052318213142,0.2960931993609178
embedding_matrix,en_100m__vs__en_ind_b,jaccard_divergence,family_kinship,101,0.6238593929029513,0.26918204378242194
embedding_matrix,en_100m__vs__en_ind_b,jaccard_divergence,festivals_holidays,100,0.6804688076452591,0.2175897511162696
embedding_matrix,en_100m__vs__en_ind_b,jaccard_divergence,food_cuisine,100,0.7134437333389603,0.3701193934238654
embedding_matrix,en_100m__vs__en_ind_b,jaccard_divergence,governance_law,100,0.6228100039990404,0.2553263596476609
embedding_matrix,en_100m__vs__en_ind_b,jaccard_divergence,religion_ritual,101,0.6485549041788411,0.2830878666895666
embedding_matrix,en_100m__vs__en_ind_b,jaccard_divergence,social_identity,99,0.4743200428782823,0.34170880647355195
embedding_matrix,en_100m__vs__en_ind_b,jaccard_divergence,symbols_colors,97,0.6190253566844344,0.25646460360931955
embedding_matrix,en_100m__vs__en_ind_b,jaccard_divergence,values_norms,101,0.6921092002012964,0.24276482602405838
embedding_matrix,en_100m__vs__en_nld_a,jaccard_divergence,clothing_appearance,100,0.6695819691844932,0.26853502592328193
embedding_matrix,en_100m__vs__en_nld_a,jaccard_divergence,daily_customs,101,0.5069944668035843,0.29128501618442976
embedding_matrix,en_100m__vs__en_nld_a,jaccard_divergence,family_kinship,101,0.6434025043053445,0.25920529482810173
embedding_matrix,en_100m__vs__en_nld_a,jaccard_divergence,festivals_holidays,100,0.687793262380145,0.2024784481775923
embedding_matrix,en_100m__vs__en_nld_a,jaccard_divergence,food_cuisine,100,0.7317645463774585,0.34680219923943156
embedding_matrix,en_100m__vs__en_nld_a,jaccard_divergence,governance_law,100,0.6565111569799708,0.2278581295396734
embedding_matrix,en_100m__vs__en_nld_a,jaccard_divergence,religion_ritual,101,0.6515584052416881,0.2859678937831511
embedding_matrix,en_100m__vs__en_nld_a,jaccard_divergence,social_identity,99,0.48491263901565473,0.3383964577021549
embedding_matrix,en_100m__vs__en_nld_a,jaccard_divergence,symbols_colors,97,0.6226225107488241,0.2581118703991777
embedding_matrix,en_100m__vs__en_nld_a,jaccard_divergence,values_norms,101,0.6968022751037461,0.23620855581401862
embedding_matrix,en_100m__vs__en_nld_b,jaccard_divergence,clothing_appearance,100,0.6576572003050681,0.281222754953189
embedding_matrix,en_100m__vs__en_nld_b,jaccard_divergence,daily_customs,101,0.486156718603126,0.29473402658760023
embedding_matrix,en_100m__vs__en_nld_b,jaccard_divergence,family_kinship,101,0.627416416891235,0.2585819251766515
embedding_matrix,en_100m__vs__en_nld_b,jaccard_divergence,festivals_holidays,100,0.658612014053152,0.23284335535774536
embedding_matrix,en_100m__vs__en_nld_b,jaccard_divergence,food_cuisine,100,0.7028893277004095,0.3780395275159952
embedding_matrix,en_100m__vs__en_nld_b,jaccard_divergence,governance_law,100,0.6505193887898142,0.22988315904614953
embedding_matrix,en_100m__vs__en_nld_b,jaccard_divergence,religion_ritual,101,0.6430217895581022,0.281399534867583
embedding_matrix,en_100m__vs__en_nld_b,jaccard_divergence,social_identity,99,0.473556312224788,0.3427054314161367
embedding_matrix,en_100m__vs__en_nld_b,jaccard_divergence,symbols_colors,97,0.6160443943313418,0.24743516562164364
embedding_matrix,en_100m__vs__en_nld_b,jaccard_divergence,values_norms,101,0.6954668879627177,0.2395526287715845
embedding_matrix,en_100m__vs__en_ukr_a,jaccard_divergence,clothing_appearance,100,0.6814766273189917,0.24996133635281192
embedding_matrix,en_100m__vs__en_ukr_a,jaccard_divergence,daily_customs,101,0.5278930502548161,0.3081745063687032
embedding_matrix,en_100m__vs__en_ukr_a,jaccard_divergence,family_kinship,101,0.6650994834472485,0.25334696294559517
embedding_matrix,en_100m__vs__en_ukr_a,jaccard_divergence,festivals_holidays,100,0.7218852115375504,0.1756980190154963
embedding_matrix,en_100m__vs__en_ukr_a,jaccard_divergence,food_cuisine,100,0.7454395329708273,0.3418029060527547
embedding_matrix,en_100m__vs__en_ukr_a,jaccard_divergence,governance_law,100,0.6786159065436271,0.2229928141655249
embedding_matrix,en_100m__vs__en_ukr_a,jaccard_divergence,religion_ritual,101,0.6897166742861607,0.26996199664003456
embedding_matrix,en_100m__vs__en_ukr_a,jaccard_divergence,social_identity,99,0.51411927763904,0.3234149239597229
embedding_matrix,en_100m__vs__en_ukr_a,jaccard_divergence,symbols_colors,97,0.6949258569987118,0.22574256657692005
embedding_matrix,en_100m__vs__en_ukr_a,jaccard_divergence,values_norms,101,0.7425627043895524,0.21001981732815744
embedding_matrix,en_100m__vs__en_ukr_b,jaccard_divergence,clothing_appearance,100,0.6702316239066896,0.25262873579408923
embedding_matrix,en_100m__vs__en_ukr_b,jaccard_divergence,daily_customs,101,0.5034505444440079,0.30447759430202703
embedding_matrix,en_100m__vs__en_ukr_b,jaccard_divergence,family_kinship,101,0.6360059892163509,0.263195666843714
embedding_matrix,en_100m__vs__en_ukr_b,jaccard_divergence,festivals_holidays,100,0.6787400213719071,0.19198753010300917
embedding_matrix,en_100m__vs__en_ukr_b,jaccard_divergence,food_cuisine,100,0.7166652055777111,0.3547188490149253
embedding_matrix,en_100m__vs__en_ukr_b,jaccard_divergence,governance_law,100,0.6447657817366793,0.2414763070271646
embedding_matrix,en_100m__vs__en_ukr_b,jaccard_divergence,religion_ritual,101,0.655868015948611,0.272564066462542
embedding_matrix,en_100m__vs__en_ukr_b,jaccard_divergence,social_identity,99,0.48785349540516504,0.3289052263220632
embedding_matrix,en_100m__vs__en_ukr_b,jaccard_divergence,symbols_colors,97,0.6446169811783344,0.2345989682395844
embedding_matrix,en_100m__vs__en_ukr_b,jaccard_divergence,values_norms,101,0.7079801582301953,0.24251439732835833
embedding_matrix,en_100m__vs__en_zh_a,jaccard_divergence,clothing_appearance,100,0.6888858933174737,0.25524364529596294
embedding_matrix,en_100m__vs__en_zh_a,jaccard_divergence,daily_customs,101,0.5643298569374992,0.2953323755345724
embedding_matrix,en_100m__vs__en_zh_a,jaccard_divergence,family_kinship,101,0.6883346510512541,0.2358026675912921
embedding_matrix,en_100m__vs__en_zh_a,jaccard_divergence,festivals_holidays,100,0.7261278439538811,0.1840945398169501
embedding_matrix,en_100m__vs__en_zh_a,jaccard_divergence,food_cuisine,100,0.7644654161147362,0.3245077616300771
embedding_matrix,en_100m__vs__en_zh_a,jaccard_divergence,governance_law,100,0.6839467222790333,0.2211139397615492
embedding_matrix,en_100m__vs__en_zh_a,jaccard_divergence,religion_ritual,101,0.6822584288225372,0.2734370419625897
embedding_matrix,en_100m__vs__en_zh_a,jaccard_divergence,social_identity,99,0.5098442770654824,0.32838752973515745
embedding_matrix,en_100m__vs__en_zh_a,jaccard_divergence,symbols_colors,97,0.6788885749541343,0.23871378566240645
embedding_matrix,en_100m__vs__en_zh_a,jaccard_divergence,values_norms,101,0.7166832443690363,0.2274349398266596
embedding_matrix,en_100m__vs__en_zh_b,jaccard_divergence,clothing_appearance,100,0.7000670320773706,0.22849937018370878
embedding_matrix,en_100m__vs__en_zh_b,jaccard_divergence,daily_customs,101,0.5571479934027935,0.28880888755912876
embedding_matrix,en_100m__vs__en_zh_b,jaccard_divergence,family_kinship,101,0.7058276542716525,0.23186623176420304
embedding_matrix,en_100m__vs__en_zh_b,jaccard_divergence,festivals_holidays,100,0.7150520675990765,0.18754051504581326
embedding_matrix,en_100m__vs__en_zh_b,jaccard_divergence,food_cuisine,100,0.7505618069872475,0.35440106958179846
embedding_matrix,en_100m__vs__en_zh_b,jaccard_divergence,governance_law,100,0.68552941154126,0.22463946066769191
embedding_matrix,en_100m__vs__en_zh_b,jaccard_divergence,religion_ritual,101,0.683571308331498,0.26072354456758884
embedding_matrix,en_100m__vs__en_zh_b,jaccard_divergence,social_identity,99,0.5076259443838913,0.3321261291092549
embedding_matrix,en_100m__vs__en_zh_b,jaccard_divergence,symbols_colors,97,0.6881827588628213,0.25102693014496785
embedding_matrix,en_100m__vs__en_zh_b,jaccard_divergence,values_norms,101,0.7423765586013013,0.22765974821702578
embedding_matrix,en_50m__vs__en_bul_a,jaccard_divergence,clothing_appearance,100,0.6247342799569556,0.2905591714138802
embedding_matrix,en_50m__vs__en_bul_a,jaccard_divergence,daily_customs,101,0.4983138885209204,0.2962228399612039
embedding_matrix,en_50m__vs__en_bul_a,jaccard_divergence,family_kinship,101,0.6092473822697474,0.26323457421021346
embedding_matrix,en_50m__vs__en_bul_a,jaccard_divergence,festivals_holidays,100,0.6494628885495907,0.22091754856376566
embedding_matrix,en_50m__vs__en_bul_a,jaccard_divergence,food_cuisine,100,0.7142461614509408,0.3379841012603718
embedding_matrix,en_50m__vs__en_bul_a,jaccard_divergence,governance_law,100,0.6340328391169308,0.25451666735321526
embedding_matrix,en_50m__vs__en_bul_a,jaccard_divergence,religion_ritual,101,0.64697417670314,0.2761904502598235
embedding_matrix,en_50m__vs__en_bul_a,jaccard_divergence,social_identity,99,0.4748486593791924,0.33919971649482683
embedding_matrix,en_50m__vs__en_bul_a,jaccard_divergence,symbols_colors,97,0.61898641806564,0.25431669373605525
embedding_matrix,en_50m__vs__en_bul_a,jaccard_divergence,values_norms,101,0.7006615402377148,0.2264475435652225
embedding_matrix,en_50m__vs__en_bul_b,jaccard_divergence,clothing_appearance,100,0.6310166926374907,0.29462369315933373
embedding_matrix,en_50m__vs__en_bul_b,jaccard_divergence,daily_customs,101,0.5148185484588591,0.2915630488627205
embedding_matrix,en_50m__vs__en_bul_b,jaccard_divergence,family_kinship,101,0.6294302764587778,0.2534516896691457
embedding_matrix,en_50m__vs__en_bul_b,jaccard_divergence,festivals_holidays,100,0.6692507476753617,0.20361705886748077
embedding_matrix,en_50m__vs__en_bul_b,jaccard_divergence,food_cuisine,100,0.7341613861766128,0.3420551115266859
embedding_matrix,en_50m__vs__en_bul_b,jaccard_divergence,governance_law,100,0.6610632938432702,0.23099300126249014
embedding_matrix,en_50m__vs__en_bul_b,jaccard_divergence,religion_ritual,101,0.6425731613424678,0.28610682849262864
embedding_matrix,en_50m__vs__en_bul_b,jaccard_divergence,social_identity,99,0.49638226364528365,0.3295678121798869
embedding_matrix,en_50m__vs__en_bul_b,jaccard_divergence,symbols_colors,97,0.6252247691709726,0.24988284874623276
embedding_matrix,en_50m__vs__en_bul_b,jaccard_divergence,values_norms,101,0.7343295265247185,0.21115530186578
embedding_matrix,en_50m__vs__en_deu_a,jaccard_divergence,clothing_appearance,100,0.6644365112146047,0.2678379760420201
embedding_matrix,en_50m__vs__en_deu_a,jaccard_divergence,daily_customs,101,0.5072943738907397,0.2938136471725811
embedding_matrix,en_50m__vs__en_deu_a,jaccard_divergence,family_kinship,101,0.6299337649236906,0.2614986986713537
embedding_matrix,en_50m__vs__en_deu_a,jaccard_divergence,festivals_holidays,100,0.6855991177458617,0.20869597089801145
embedding_matrix,en_50m__vs__en_deu_a,jaccard_divergence,food_cuisine,100,0.7276304803442943,0.36308119280631085
embedding_matrix,en_50m__vs__en_deu_a,jaccard_divergence,governance_law,100,0.6461560806250185,0.23766953235668686
embedding_matrix,en_50m__vs__en_deu_a,jaccard_divergence,religion_ritual,101,0.6487027262206807,0.2997811148633038
embedding_matrix,en_50m__vs__en_deu_a,jaccard_divergence,social_identity,99,0.4713855950448484,0.33831172473605725
embedding_matrix,en_50m__vs__en_deu_a,jaccard_divergence,symbols_colors,97,0.6416943739780812,0.2515805972413669
embedding_matrix,en_50m__vs__en_deu_a,jaccard_divergence,values_norms,101,0.6990228728753002,0.23021891686586085
embedding_matrix,en_50m__vs__en_deu_b,jaccard_divergence,clothing_appearance,100,0.6639659998289719,0.27145279266614536
embedding_matrix,en_50m__vs__en_deu_b,jaccard_divergence,daily_customs,101,0.5174985253722861,0.29487865392522467
embedding_matrix,en_50m__vs__en_deu_b,jaccard_divergence,family_kinship,101,0.6415287591570102,0.24808420693109967
embedding_matrix,en_50m__vs__en_deu_b,jaccard_divergence,festivals_holidays,100,0.6575648657336889,0.22380058935257469
embedding_matrix,en_50m__vs__en_deu_b,jaccard_divergence,food_cuisine,100,0.737616623743467,0.3447082263838673
embedding_matrix,en_50m__vs__en_deu_b,jaccard_divergence,governance_law,100,0.6667505744516774,0.2316378960026006
embedding_matrix,en_50m__vs__en_deu_b,jaccard_divergence,religion_ritual,101,0.6580317741337987,0.280846679123476
embedding_matrix,en_50m__vs__en_deu_b,jaccard_divergence,social_identity,99,0.48086484374545074,0.3328638102539196
embedding_matrix,en_50m__vs__en_deu_b,jaccard_divergence,symbols_colors,97,0.6301144085757359,0.24882595738671892
embedding_matrix,en_50m__vs__en_deu_b,jaccard_divergence,values_norms,101,0.7297901673352876,0.2142290576080116
embedding_matrix,en_50m__vs__en_fas_a,jaccard_divergence,clothing_appearance,100,0.6727656730360976,0.2578499203518453
embedding_matrix,en_50m__vs__en_fas_a,jaccard_divergence,daily_customs,101,0.5360124531670902,0.29871628007733164
embedding_matrix,en_50m__vs__en_fas_a,jaccard_divergence,family_kinship,101,0.6623849954201301,0.24214926896115077
embedding_matrix,en_50m__vs__en_fas_a,jaccard_divergence,festivals_holidays,100,0.729844910788183,0.1822567972391508
embedding_matrix,en_50m__vs__en_fas_a,jaccard_divergence,food_cuisine,100,0.7554618916940055,0.34513318445398494
embedding_matrix,en_50m__vs__en_fas_a,jaccard_divergence,governance_law,100,0.6659011042320447,0.24332702718694643
embedding_matrix,en_50m__vs__en_fas_a,jaccard_divergence,religion_ritual,101,0.673039906655456,0.2731964737795472
embedding_matrix,en_50m__vs__en_fas_a,jaccard_divergence,social_identity,99,0.5057773253165343,0.33187927475856194
embedding_matrix,en_50m__vs__en_fas_a,jaccard_divergence,symbols_colors,97,0.6750727041382962,0.23566305889939065
embedding_matrix,en_50m__vs__en_fas_a,jaccard_divergence,values_norms,101,0.735365678031807,0.2191146154054583
embedding_matrix,en_50m__vs__en_fas_b,jaccard_divergence,clothing_appearance,100,0.6648874591367988,0.2673892837641578
embedding_matrix,en_50m__vs__en_fas_b,jaccard_divergence,daily_customs,101,0.5234510801269209,0.2904292180246907
embedding_matrix,en_50m__vs__en_fas_b,jaccard_divergence,family_kinship,101,0.6555725614234674,0.25372529987204695
embedding_matrix,en_50m__vs__en_fas_b,jaccard_divergence,festivals_holidays,100,0.6801387276846359,0.20007785699007305
embedding_matrix,en_50m__vs__en_fas_b,jaccard_divergence,food_cuisine,100,0.7421006605579504,0.33772447620258705
embedding_matrix,en_50m__vs__en_fas_b,jaccard_divergence,governance_law,100,0.673913630675302,0.23193683410181998
embedding_matrix,en_50m__vs__en_fas_b,jaccard_divergence,religion_ritual,101,0.6553945469621646,0.2790655902000272
embedding_matrix,en_50m__vs__en_fas_b,jaccard_divergence,social_identity,99,0.49439065188082565,0.33213103360202717
embedding_matrix,en_50m__vs__en_fas_b,jaccard_divergence,symbols_colors,97,0.6383145978069349,0.2546455537440549
embedding_matrix,en_50m__vs__en_fas_b,jaccard_divergence,values_norms,101,0.7464221827233385,0.20713921298836266
embedding_matrix,en_50m__vs__en_fr_a,jaccard_divergence,clothing_appearance,100,0.6295015733060885,0.29809230687684557
embedding_matrix,en_50m__vs__en_fr_a,jaccard_divergence,daily_customs,101,0.5057913491742799,0.29418504967416126
embedding_matrix,en_50m__vs__en_fr_a,jaccard_divergence,family_kinship,101,0.616150145970165,0.2646163013245772
embedding_matrix,en_50m__vs__en_fr_a,jaccard_divergence,festivals_holidays,100,0.6567400410648832,0.23019877761321844
embedding_matrix,en_50m__vs__en_fr_a,jaccard_divergence,food_cuisine,100,0.7208681036062,0.34764918696807867
embedding_matrix,en_50m__vs__en_fr_a,jaccard_divergence,governance_law,100,0.6518355124251807,0.23767783887034447
embedding_matrix,en_50m__vs__en_fr_a,jaccard_divergence,religion_ritual,101,0.6436462724919253,0.2851888324980785
embedding_matrix,en_50m__vs__en_fr_a,jaccard_divergence,social_identity,99,0.4741599699455431,0.33552315652478
embedding_matrix,en_50m__vs__en_fr_a,jaccard_divergence,symbols_colors,97,0.6147091608561933,0.26307140295319764
embedding_matrix,en_50m__vs__en_fr_a,jaccard_divergence,values_norms,101,0.679908421608954,0.24546971061576145
embedding_matrix,en_50m__vs__en_fr_b,jaccard_divergence,clothing_appearance,100,0.6359464678378915,0.2799954888416975
embedding_matrix,en_50m__vs__en_fr_b,jaccard_divergence,daily_customs,101,0.5073524657203687,0.2935193423608602
embedding_matrix,en_50m__vs__en_fr_b,jaccard_divergence,family_kinship,101,0.6056207897622723,0.26922168093239685
embedding_matrix,en_50m__vs__en_fr_b,jaccard_divergence,festivals_holidays,100,0.655868847857182,0.2188643485000717
embedding_matrix,en_50m__vs__en_fr_b,jaccard_divergence,food_cuisine,100,0.7196900306442096,0.3531165131209456
embedding_matrix,en_50m__vs__en_fr_b,jaccard_divergence,governance_law,100,0.6579727173184169,0.2334418711327249
embedding_matrix,en_50m__vs__en_fr_b,jaccard_divergence,religion_ritual,101,0.6622988803431984,0.273769407354109
embedding_matrix,en_50m__vs__en_fr_b,jaccard_divergence,social_identity,99,0.47957757832719905,0.3314622849530508
embedding_matrix,en_50m__vs__en_fr_b,jaccard_divergence,symbols_colors,97,0.6106172960029054,0.26067396791008307
embedding_matrix,en_50m__vs__en_fr_b,jaccard_divergence,values_norms,101,0.7140664636897353,0.22117913085231727
embedding_matrix,en_50m__vs__en_ind_a,jaccard_divergence,clothing_appearance,100,0.6614404285217144,0.2702481359880746
embedding_matrix,en_50m__vs__en_ind_a,jaccard_divergence,daily_customs,101,0.505339485122584,0.2985801740323499
embedding_matrix,en_50m__vs__en_ind_a,jaccard_divergence,family_kinship,101,0.6080639234771634,0.26283185577840307
embedding_matrix,en_50m__vs__en_ind_a,jaccard_divergence,festivals_holidays,100,0.6728307257223755,0.22137702039689747
embedding_matrix,en_50m__vs__en_ind_a,jaccard_divergence,food_cuisine,100,0.7479358419640385,0.3354224270200631
embedding_matrix,en_50m__vs__en_ind_a,jaccard_divergence,governance_law,100,0.6561953420869951,0.23427982813807605
embedding_matrix,en_50m__vs__en_ind_a,jaccard_divergence,religion_ritual,101,0.6599928429781082,0.27050108688838154
embedding_matrix,en_50m__vs__en_ind_a,jaccard_divergence,social_identity,99,0.48151258497121874,0.3314077111520028
embedding_matrix,en_50m__vs__en_ind_a,jaccard_divergence,symbols_colors,97,0.6385518673155574,0.2605994132161266
embedding_matrix,en_50m__vs__en_ind_a,jaccard_divergence,values_norms,101,0.6890192561643284,0.24344898267435477
embedding_matrix,en_50m__vs__en_ind_b,jaccard_divergence,clothing_appearance,100,0.6629271571488897,0.27327870528820003
embedding_matrix,en_50m__vs__en_ind_b,jaccard_divergence,daily_customs,101,0.49609406399668937,0.2998195336900363
embedding_matrix,en_50m__vs__en_ind_b,jaccard_divergence,family_kinship,101,0.6074363188102369,0.2735363900679566
embedding_matrix,en_50m__vs__en_ind_b,jaccard_divergence,festivals_holidays,100,0.6872793171283971,0.2125619744976797
embedding_matrix,en_50m__vs__en_ind_b,jaccard_divergence,food_cuisine,100,0.7235848162550007,0.3579198426747445
embedding_matrix,en_50m__vs__en_ind_b,jaccard_divergence,governance_law,100,0.6453825439779025,0.25046279315692116
embedding_matrix,en_50m__vs__en_ind_b,jaccard_divergence,religion_ritual,101,0.6509204342922615,0.2839420942214875
embedding_matrix,en_50m__vs__en_ind_b,jaccard_divergence,social_identity,99,0.4721728807092168,0.34532200463428264
embedding_matrix,en_50m__vs__en_ind_b,jaccard_divergence,symbols_colors,97,0.6070877714496734,0.2622593417928087
embedding_matrix,en_50m__vs__en_ind_b,jaccard_divergence,values_norms,101,0.6955888142829303,0.2346475234863132
embedding_matrix,en_50m__vs__en_nld_a,jaccard_divergence,clothing_appearance,100,0.645598255320915,0.2884704103569834
embedding_matrix,en_50m__vs__en_nld_a,jaccard_divergence,daily_customs,101,0.5070663979500192,0.29302085606113293
embedding_matrix,en_50m__vs__en_nld_a,jaccard_divergence,family_kinship,101,0.6296047843779699,0.2672582825129951
embedding_matrix,en_50m__vs__en_nld_a,jaccard_divergence,festivals_holidays,100,0.6782082516435048,0.20949220994439982
embedding_matrix,en_50m__vs__en_nld_a,jaccard_divergence,food_cuisine,100,0.7355540065645448,0.3415524750786644
embedding_matrix,en_50m__vs__en_nld_a,jaccard_divergence,governance_law,100,0.6218656626520762,0.2552248093283856
embedding_matrix,en_50m__vs__en_nld_a,jaccard_divergence,religion_ritual,101,0.644797429498238,0.29297644845165155
embedding_matrix,en_50m__vs__en_nld_a,jaccard_divergence,social_identity,99,0.4639278642319027,0.33913298564557404
embedding_matrix,en_50m__vs__en_nld_a,jaccard_divergence,symbols_colors,97,0.612591056742136,0.26451111308303454
embedding_matrix,en_50m__vs__en_nld_a,jaccard_divergence,values_norms,101,0.6866447717017117,0.23977055615797294
embedding_matrix,en_50m__vs__en_nld_b,jaccard_divergence,clothing_appearance,100,0.6551454849811295,0.27893137992163825
embedding_matrix,en_50m__vs__en_nld_b,jaccard_divergence,daily_customs,101,0.494720425618564,0.2931117651181716
embedding_matrix,en_50m__vs__en_nld_b,jaccard_divergence,family_kinship,101,0.6053468157490284,0.26890391854254064
embedding_matrix,en_50m__vs__en_nld_b,jaccard_divergence,festivals_holidays,100,0.6602347457288563,0.2206993266300273
embedding_matrix,en_50m__vs__en_nld_b,jaccard_divergence,food_cuisine,100,0.721012080023347,0.3542912293233062
embedding_matrix,en_50m__vs__en_nld_b,jaccard_divergence,governance_law,100,0.6443435116669574,0.24279400409815532
embedding_matrix,en_50m__vs__en_nld_b,jaccard_divergence,religion_ritual,101,0.6479074484784322,0.2846301152855683
embedding_matrix,en_50m__vs__en_nld_b,jaccard_divergence,social_identity,99,0.45981441834646125,0.3470495888082696
embedding_matrix,en_50m__vs__en_nld_b,jaccard_divergence,symbols_colors,97,0.593629140221074,0.2661593414011747
embedding_matrix,en_50m__vs__en_nld_b,jaccard_divergence,values_norms,101,0.7026716218967701,0.22567804494440094
embedding_matrix,en_50m__vs__en_ukr_a,jaccard_divergence,clothing_appearance,100,0.6581965247459842,0.27439482779986735
embedding_matrix,en_50m__vs__en_ukr_a,jaccard_divergence,daily_customs,101,0.5278546991841663,0.3016212391008162
embedding_matrix,en_50m__vs__en_ukr_a,jaccard_divergence,family_kinship,101,0.6517061838333136,0.2650849528038652
embedding_matrix,en_50m__vs__en_ukr_a,jaccard_divergence,festivals_holidays,100,0.7152916528022524,0.18114238997975693
embedding_matrix,en_50m__vs__en_ukr_a,jaccard_divergence,food_cuisine,100,0.7366951967268353,0.34418016615692515
embedding_matrix,en_50m__vs__en_ukr_a,jaccard_divergence,governance_law,100,0.6666452097863589,0.23784319913558835
embedding_matrix,en_50m__vs__en_ukr_a,jaccard_divergence,religion_ritual,101,0.6764027816978372,0.2763215993241292
embedding_matrix,en_50m__vs__en_ukr_a,jaccard_divergence,social_identity,99,0.521082350685042,0.319998193075214
embedding_matrix,en_50m__vs__en_ukr_a,jaccard_divergence,symbols_colors,97,0.6716547592441596,0.24274883247393267
embedding_matrix,en_50m__vs__en_ukr_a,jaccard_divergence,values_norms,101,0.7337527771578021,0.2171857874080373
embedding_matrix,en_50m__vs__en_ukr_b,jaccard_divergence,clothing_appearance,100,0.6467174715933449,0.26346040494284495
embedding_matrix,en_50m__vs__en_ukr_b,jaccard_divergence,daily_customs,101,0.5063941643008337,0.30023917781381493
embedding_matrix,en_50m__vs__en_ukr_b,jaccard_divergence,family_kinship,101,0.641098095639419,0.24704354414262492
embedding_matrix,en_50m__vs__en_ukr_b,jaccard_divergence,festivals_holidays,100,0.6696860294768157,0.19531956393708771
embedding_matrix,en_50m__vs__en_ukr_b,jaccard_divergence,food_cuisine,100,0.7218645191389377,0.3373174226019074
embedding_matrix,en_50m__vs__en_ukr_b,jaccard_divergence,governance_law,100,0.6533747484870227,0.24024988661196034
embedding_matrix,en_50m__vs__en_ukr_b,jaccard_divergence,religion_ritual,101,0.6619617000811886,0.26793113655554596
embedding_matrix,en_50m__vs__en_ukr_b,jaccard_divergence,social_identity,99,0.49635053702392706,0.3246739296320654
embedding_matrix,en_50m__vs__en_ukr_b,jaccard_divergence,symbols_colors,97,0.6203237077157955,0.2536668537823619
embedding_matrix,en_50m__vs__en_ukr_b,jaccard_divergence,values_norms,101,0.7132261019651116,0.22711500783964558
embedding_matrix,en_50m__vs__en_zh_a,jaccard_divergence,clothing_appearance,100,0.6694024704077783,0.27138113200699976
embedding_matrix,en_50m__vs__en_zh_a,jaccard_divergence,daily_customs,101,0.5633508853223442,0.29187964089706636
embedding_matrix,en_50m__vs__en_zh_a,jaccard_divergence,family_kinship,101,0.6729358034439538,0.24395198200566418
embedding_matrix,en_50m__vs__en_zh_a,jaccard_divergence,festivals_holidays,100,0.719299905836372,0.1846791173241303
embedding_matrix,en_50m__vs__en_zh_a,jaccard_divergence,food_cuisine,100,0.7612144386439986,0.32818403531259305
embedding_matrix,en_50m__vs__en_zh_a,jaccard_divergence,governance_law,100,0.6924521900315728,0.21535109477122136
embedding_matrix,en_50m__vs__en_zh_a,jaccard_divergence,religion_ritual,101,0.6764027852876063,0.2782973810530069
embedding_matrix,en_50m__vs__en_zh_a,jaccard_divergence,social_identity,99,0.5191489165646668,0.3168766719480719
embedding_matrix,en_50m__vs__en_zh_a,jaccard_divergence,symbols_colors,97,0.6769146714153289,0.2422953297079627
embedding_matrix,en_50m__vs__en_zh_a,jaccard_divergence,values_norms,101,0.7203995225811305,0.22674905190551464
embedding_matrix,en_50m__vs__en_zh_b,jaccard_divergence,clothing_appearance,100,0.6862123010955297,0.24137800569881968
embedding_matrix,en_50m__vs__en_zh_b,jaccard_divergence,daily_customs,101,0.5447163003658547,0.2951763398744994
embedding_matrix,en_50m__vs__en_zh_b,jaccard_divergence,family_kinship,101,0.6828570719957582,0.24736265502937768
embedding_matrix,en_50m__vs__en_zh_b,jaccard_divergence,festivals_holidays,100,0.7076038811271359,0.19393401247076905
embedding_matrix,en_50m__vs__en_zh_b,jaccard_divergence,food_cuisine,100,0.7551773857923584,0.33170231402394157
embedding_matrix,en_50m__vs__en_zh_b,jaccard_divergence,governance_law,100,0.6653897486230584,0.23821059663022864
embedding_matrix,en_50m__vs__en_zh_b,jaccard_divergence,religion_ritual,101,0.6662089799716879,0.2767651761575325
embedding_matrix,en_50m__vs__en_zh_b,jaccard_divergence,social_identity,99,0.5280623269419604,0.32340262704351225
embedding_matrix,en_50m__vs__en_zh_b,jaccard_divergence,symbols_colors,97,0.6887369745912503,0.24300019464469555
embedding_matrix,en_50m__vs__en_zh_b,jaccard_divergence,values_norms,101,0.7494050663449031,0.21969221740023484
pre_lmhead_contextual,en_100m__vs__en_bul_a,jaccard_divergence,clothing_appearance,100,0.7847436812973803,0.15386593397030884
pre_lmhead_contextual,en_100m__vs__en_bul_a,jaccard_divergence,daily_customs,101,0.7797917255228888,0.16932784204642043
pre_lmhead_contextual,en_100m__vs__en_bul_a,jaccard_divergence,family_kinship,101,0.7570850362842643,0.17677719817018095
pre_lmhead_contextual,en_100m__vs__en_bul_a,jaccard_divergence,festivals_holidays,100,0.8318081198536658,0.12422922436458028
pre_lmhead_contextual,en_100m__vs__en_bul_a,jaccard_divergence,food_cuisine,100,0.8206302414844252,0.15423226875336302
pre_lmhead_contextual,en_100m__vs__en_bul_a,jaccard_divergence,governance_law,100,0.7343764900574052,0.22705939170598696
pre_lmhead_contextual,en_100m__vs__en_bul_a,jaccard_divergence,religion_ritual,101,0.7583650443469769,0.22267534102028053
pre_lmhead_contextual,en_100m__vs__en_bul_a,jaccard_divergence,social_identity,99,0.7151622697923199,0.21846786047438507
pre_lmhead_contextual,en_100m__vs__en_bul_a,jaccard_divergence,symbols_colors,97,0.8131339041471995,0.14173325808051263
pre_lmhead_contextual,en_100m__vs__en_bul_a,jaccard_divergence,values_norms,101,0.7267360521816719,0.255174163024073
pre_lmhead_contextual,en_100m__vs__en_bul_b,jaccard_divergence,clothing_appearance,100,0.7840613107994957,0.144591300040427
pre_lmhead_contextual,en_100m__vs__en_bul_b,jaccard_divergence,daily_customs,101,0.7823799914214535,0.16175311997134673
pre_lmhead_contextual,en_100m__vs__en_bul_b,jaccard_divergence,family_kinship,101,0.7578246334321046,0.1838881739565851
pre_lmhead_contextual,en_100m__vs__en_bul_b,jaccard_divergence,festivals_holidays,100,0.824085302120343,0.13782500546433415
pre_lmhead_contextual,en_100m__vs__en_bul_b,jaccard_divergence,food_cuisine,100,0.8295077687617968,0.16970188426044938
pre_lmhead_contextual,en_100m__vs__en_bul_b,jaccard_divergence,governance_law,100,0.7864113115934682,0.1764913256241729
pre_lmhead_contextual,en_100m__vs__en_bul_b,jaccard_divergence,religion_ritual,101,0.7739419995058506,0.18597954572229997
pre_lmhead_contextual,en_100m__vs__en_bul_b,jaccard_divergence,social_identity,99,0.7069044386088362,0.2220466951769284
pre_lmhead_contextual,en_100m__vs__en_bul_b,jaccard_divergence,symbols_colors,97,0.7935347929207129,0.1469252233312675
pre_lmhead_contextual,en_100m__vs__en_bul_b,jaccard_divergence,values_norms,101,0.7525655401467686,0.22860461473933724
pre_lmhead_contextual,en_100m__vs__en_deu_a,jaccard_divergence,clothing_appearance,100,0.7891408006641122,0.15430424650225236
pre_lmhead_contextual,en_100m__vs__en_deu_a,jaccard_divergence,daily_customs,101,0.7986922072415449,0.1533623591172077
pre_lmhead_contextual,en_100m__vs__en_deu_a,jaccard_divergence,family_kinship,101,0.7639238890748552,0.1807521481145036
pre_lmhead_contextual,en_100m__vs__en_deu_a,jaccard_divergence,festivals_holidays,100,0.8477613569171154,0.11149513140310241
pre_lmhead_contextual,en_100m__vs__en_deu_a,jaccard_divergence,food_cuisine,100,0.8678885286052512,0.15085976105954751
pre_lmhead_contextual,en_100m__vs__en_deu_a,jaccard_divergence,governance_law,100,0.72552030462211,0.2269399621974331
pre_lmhead_contextual,en_100m__vs__en_deu_a,jaccard_divergence,religion_ritual,101,0.7735470984545945,0.2160454180499147
pre_lmhead_contextual,en_100m__vs__en_deu_a,jaccard_divergence,social_identity,99,0.7349609539772722,0.20311036284339093
pre_lmhead_contextual,en_100m__vs__en_deu_a,jaccard_divergence,symbols_colors,97,0.8303241892539952,0.13478283126569984
pre_lmhead_contextual,en_100m__vs__en_deu_a,jaccard_divergence,values_norms,101,0.7412927801343054,0.23991979407015043
pre_lmhead_contextual,en_100m__vs__en_deu_b,jaccard_divergence,clothing_appearance,100,0.8072345427798104,0.15092057367603606
pre_lmhead_contextual,en_100m__vs__en_deu_b,jaccard_divergence,daily_customs,101,0.8273425534776624,0.1423491628195806
pre_lmhead_contextual,en_100m__vs__en_deu_b,jaccard_divergence,family_kinship,101,0.7808676025603105,0.17018299862023076
pre_lmhead_contextual,en_100m__vs__en_deu_b,jaccard_divergence,festivals_holidays,100,0.8203731224285992,0.1318789711472014
pre_lmhead_contextual,en_100m__vs__en_deu_b,jaccard_divergence,food_cuisine,100,0.844202102664178,0.14681694880333784
pre_lmhead_contextual,en_100m__vs__en_deu_b,jaccard_divergence,governance_law,100,0.7402686245834462,0.21924791860716747
pre_lmhead_contextual,en_100m__vs__en_deu_b,jaccard_divergence,religion_ritual,101,0.7711482232243309,0.2120266918397093
pre_lmhead_contextual,en_100m__vs__en_deu_b,jaccard_divergence,social_identity,99,0.7581520894874294,0.17748808622598533
pre_lmhead_contextual,en_100m__vs__en_deu_b,jaccard_divergence,symbols_colors,97,0.8164925463630327,0.1432613515118723
pre_lmhead_contextual,en_100m__vs__en_deu_b,jaccard_divergence,values_norms,101,0.7742015439147392,0.21236013272277676
pre_lmhead_contextual,en_100m__vs__en_fas_a,jaccard_divergence,clothing_appearance,100,0.8009834448975038,0.14204259522237636
pre_lmhead_contextual,en_100m__vs__en_fas_a,jaccard_divergence,daily_customs,101,0.8267505787367354,0.1419028172183288
pre_lmhead_contextual,en_100m__vs__en_fas_a,jaccard_divergence,family_kinship,101,0.7687106766502406,0.1788645342917488
pre_lmhead_contextual,en_100m__vs__en_fas_a,jaccard_divergence,festivals_holidays,100,0.8427469421240132,0.13892027535435697
pre_lmhead_contextual,en_100m__vs__en_fas_a,jaccard_divergence,food_cuisine,100,0.8550116343846769,0.16382353399906607
pre_lmhead_contextual,en_100m__vs__en_fas_a,jaccard_divergence,governance_law,100,0.773290479526973,0.21767808324228774
pre_lmhead_contextual,en_100m__vs__en_fas_a,jaccard_divergence,religion_ritual,101,0.7895380775674797,0.1796269757371569
pre_lmhead_contextual,en_100m__vs__en_fas_a,jaccard_divergence,social_identity,99,0.7726234222198267,0.17145369927074605
pre_lmhead_contextual,en_100m__vs__en_fas_a,jaccard_divergence,symbols_colors,97,0.838442052543224,0.13107897898077156
pre_lmhead_contextual,en_100m__vs__en_fas_a,jaccard_divergence,values_norms,101,0.7423652214444866,0.2414286962341018
pre_lmhead_contextual,en_100m__vs__en_fas_b,jaccard_divergence,clothing_appearance,100,0.8115542113611961,0.1337791941345866
pre_lmhead_contextual,en_100m__vs__en_fas_b,jaccard_divergence,daily_customs,101,0.8085954599322818,0.13981359785551709
pre_lmhead_contextual,en_100m__vs__en_fas_b,jaccard_divergence,family_kinship,101,0.7643994478360775,0.17929681342396134
pre_lmhead_contextual,en_100m__vs__en_fas_b,jaccard_divergence,festivals_holidays,100,0.8387477516650182,0.11333957710265069
pre_lmhead_contextual,en_100m__vs__en_fas_b,jaccard_divergence,food_cuisine,100,0.8668024630546646,0.12952429295741386
pre_lmhead_contextual,en_100m__vs__en_fas_b,jaccard_divergence,governance_law,100,0.7751683832612086,0.20031761865902709
pre_lmhead_contextual,en_100m__vs__en_fas_b,jaccard_divergence,religion_ritual,101,0.7700384646444676,0.21102869129125537
pre_lmhead_contextual,en_100m__vs__en_fas_b,jaccard_divergence,social_identity,99,0.7441785416973505,0.21870798072742778
pre_lmhead_contextual,en_100m__vs__en_fas_b,jaccard_divergence,symbols_colors,97,0.853796049035829,0.12285498372061487
pre_lmhead_contextual,en_100m__vs__en_fas_b,jaccard_divergence,values_norms,101,0.77953564369484,0.2096871138821201
pre_lmhead_contextual,en_100m__vs__en_fr_a,jaccard_divergence,clothing_appearance,100,0.7887559850319686,0.1504483141850412
pre_lmhead_contextual,en_100m__vs__en_fr_a,jaccard_divergence,daily_customs,101,0.7882539997910907,0.1584043705547889
pre_lmhead_contextual,en_100m__vs__en_fr_a,jaccard_divergence,family_kinship,101,0.7493218770933167,0.19142137544506893
pre_lmhead_contextual,en_100m__vs__en_fr_a,jaccard_divergence,festivals_holidays,100,0.8322077154859024,0.11859529108378773
pre_lmhead_contextual,en_100m__vs__en_fr_a,jaccard_divergence,food_cuisine,100,0.8318291170632466,0.15256632319897134
pre_lmhead_contextual,en_100m__vs__en_fr_a,jaccard_divergence,governance_law,100,0.709392096629696,0.2380635241020459
pre_lmhead_contextual,en_100m__vs__en_fr_a,jaccard_divergence,religion_ritual,101,0.7131920849444215,0.26094264454857996
pre_lmhead_contextual,en_100m__vs__en_fr_a,jaccard_divergence,social_identity,99,0.7391608453172659,0.20685945660430158
pre_lmhead_contextual,en_100m__vs__en_fr_a,jaccard_divergence,symbols_colors,97,0.8303107252993711,0.13038248599606123
pre_lmhead_contextual,en_100m__vs__en_fr_a,jaccard_divergence,values_norms,101,0.7918541053653955,0.1842571556276972
pre_lmhead_contextual,en_100m__vs__en_fr_b,jaccard_divergence,clothing_appearance,100,0.7822764691378012,0.15786602085080204
pre_lmhead_contextual,en_100m__vs__en_fr_b,jaccard_divergence,daily_customs,101,0.7477769616669051,0.1838799456725821
pre_lmhead_contextual,en_100m__vs__en_fr_b,jaccard_divergence,family_kinship,101,0.7529144597096,0.18023305065895495
pre_lmhead_contextual,en_100m__vs__en_fr_b,jaccard_divergence,festivals_holidays,100,0.8346459821456287,0.11350434670081859
pre_lmhead_contextual,en_100m__vs__en_fr_b,jaccard_divergence,food_cuisine,100,0.8340255971010124,0.16539252312259617
pre_lmhead_contextual,en_100m__vs__en_fr_b,jaccard_divergence,governance_law,100,0.7265502278553849,0.2174109407192564
pre_lmhead_contextual,en_100m__vs__en_fr_b,jaccard_divergence,religion_ritual,101,0.7337583817589547,0.23630195827703887
pre_lmhead_contextual,en_100m__vs__en_fr_b,jaccard_divergence,social_identity,99,0.6873825357573373,0.23262937545359297
pre_lmhead_contextual,en_100m__vs__en_fr_b,jaccard_divergence,symbols_colors,97,0.790765518539448,0.14428053724021828
pre_lmhead_contextual,en_100m__vs__en_fr_b,jaccard_divergence,values_norms,101,0.7468038729009254,0.22219552407278528
pre_lmhead_contextual,en_100m__vs__en_ind_a,jaccard_divergence,clothing_appearance,100,0.8227922228175957,0.12457126471085517
pre_lmhead_contextual,en_100m__vs__en_ind_a,jaccard_divergence,daily_customs,101,0.805546611368576,0.11775920024457827
pre_lmhead_contextual,en_100m__vs__en_ind_a,jaccard_divergence,family_kinship,101,0.7616726510028415,0.18476007846960218
pre_lmhead_contextual,en_100m__vs__en_ind_a,jaccard_divergence,festivals_holidays,100,0.8473280601594506,0.10363925665300838
pre_lmhead_contextual,en_100m__vs__en_ind_a,jaccard_divergence,food_cuisine,100,0.8583362022732912,0.13206178123614887
pre_lmhead_contextual,en_100m__vs__en_ind_a,jaccard_divergence,governance_law,100,0.7234899158929022,0.23795585265191097
pre_lmhead_contextual,en_100m__vs__en_ind_a,jaccard_divergence,religion_ritual,101,0.7277742669458788,0.28198483249728956
pre_lmhead_contextual,en_100m__vs__en_ind_a,jaccard_divergence,social_identity,99,0.7154067604134206,0.2242819236212036
pre_lmhead_contextual,en_100m__vs__en_ind_a,jaccard_divergence,symbols_colors,97,0.809138666588053,0.1419163862205856
pre_lmhead_contextual,en_100m__vs__en_ind_a,jaccard_divergence,values_norms,101,0.7775764699952137,0.20704877641273764
pre_lmhead_contextual,en_100m__vs__en_ind_b,jaccard_divergence,clothing_appearance,100,0.8078928042166297,0.13305649744736228
pre_lmhead_contextual,en_100m__vs__en_ind_b,jaccard_divergence,daily_customs,101,0.7832790405776568,0.1346070393173728
pre_lmhead_contextual,en_100m__vs__en_ind_b,jaccard_divergence,family_kinship,101,0.7815822572226353,0.16994437112422683
pre_lmhead_contextual,en_100m__vs__en_ind_b,jaccard_divergence,festivals_holidays,100,0.8398160313805592,0.09378847554881764
pre_lmhead_contextual,en_100m__vs__en_ind_b,jaccard_divergence,food_cuisine,100,0.8561062015227747,0.1319130644787536
pre_lmhead_contextual,en_100m__vs__en_ind_b,jaccard_divergence,governance_law,100,0.7431156778145772,0.21642085513556003
pre_lmhead_contextual,en_100m__vs__en_ind_b,jaccard_divergence,religion_ritual,101,0.7369403256849584,0.25823902894385514
pre_lmhead_contextual,en_100m__vs__en_ind_b,jaccard_divergence,social_identity,99,0.7289995375630318,0.21056769971068248
pre_lmhead_contextual,en_100m__vs__en_ind_b,jaccard_divergence,symbols_colors,97,0.821152086224119,0.14361583839800418
pre_lmhead_contextual,en_100m__vs__en_ind_b,jaccard_divergence,values_norms,101,0.7564801286804277,0.21793783169518913
pre_lmhead_contextual,en_100m__vs__en_nld_a,jaccard_divergence,clothing_appearance,100,0.8048929608746381,0.13076641096160938
pre_lmhead_contextual,en_100m__vs__en_nld_a,jaccard_divergence,daily_customs,101,0.7617815056886184,0.19456102592555488
pre_lmhead_contextual,en_100m__vs__en_nld_a,jaccard_divergence,family_kinship,101,0.7569082059665276,0.19539691938473663
pre_lmhead_contextual,en_100m__vs__en_nld_a,jaccard_divergence,festivals_holidays,100,0.845493438776038,0.11285514373380061
pre_lmhead_contextual,en_100m__vs__en_nld_a,jaccard_divergence,food_cuisine,100,0.8488473917745716,0.15509675050686475
pre_lmhead_contextual,en_100m__vs__en_nld_a,jaccard_divergence,governance_law,100,0.7124819042265331,0.23395255336993004
pre_lmhead_contextual,en_100m__vs__en_nld_a,jaccard_divergence,religion_ritual,101,0.7879190121207534,0.2012204639479001
pre_lmhead_contextual,en_100m__vs__en_nld_a,jaccard_divergence,social_identity,99,0.7311732011883496,0.21412090686343543
pre_lmhead_contextual,en_100m__vs__en_nld_a,jaccard_divergence,symbols_colors,97,0.8138339809424916,0.13343961509041746
pre_lmhead_contextual,en_100m__vs__en_nld_a,jaccard_divergence,values_norms,101,0.7197907134884698,0.2528880441855299
pre_lmhead_contextual,en_100m__vs__en_nld_b,jaccard_divergence,clothing_appearance,100,0.7979293914636435,0.14656837580760979
pre_lmhead_contextual,en_100m__vs__en_nld_b,jaccard_divergence,daily_customs,101,0.7596724681876678,0.17431712415360764
pre_lmhead_contextual,en_100m__vs__en_nld_b,jaccard_divergence,family_kinship,101,0.7433050679665597,0.19383429463537374
pre_lmhead_contextual,en_100m__vs__en_nld_b,jaccard_divergence,festivals_holidays,100,0.8333109110836127,0.11890756243188141
pre_lmhead_contextual,en_100m__vs__en_nld_b,jaccard_divergence,food_cuisine,100,0.8310931385771037,0.14478389144754808
pre_lmhead_contextual,en_100m__vs__en_nld_b,jaccard_divergence,governance_law,100,0.7179103681292571,0.23010203295806675
pre_lmhead_contextual,en_100m__vs__en_nld_b,jaccard_divergence,religion_ritual,101,0.7313346260605211,0.2570758757522891
pre_lmhead_contextual,en_100m__vs__en_nld_b,jaccard_divergence,social_identity,99,0.6839266088209359,0.23566692573031892
pre_lmhead_contextual,en_100m__vs__en_nld_b,jaccard_divergence,symbols_colors,97,0.8016358712407105,0.1351542694410796
pre_lmhead_contextual,en_100m__vs__en_nld_b,jaccard_divergence,values_norms,101,0.7542054755508342,0.21667402612541312
pre_lmhead_contextual,en_100m__vs__en_ukr_a,jaccard_divergence,clothing_appearance,100,0.8187611005127302,0.13298249594614203
pre_lmhead_contextual,en_100m__vs__en_ukr_a,jaccard_divergence,daily_customs,101,0.8032387257728111,0.14867533095964142
pre_lmhead_contextual,en_100m__vs__en_ukr_a,jaccard_divergence,family_kinship,101,0.7680118102965036,0.17547238154886863
pre_lmhead_contextual,en_100m__vs__en_ukr_a,jaccard_divergence,festivals_holidays,100,0.8260471369308792,0.13329275707254093
pre_lmhead_contextual,en_100m__vs__en_ukr_a,jaccard_divergence,food_cuisine,100,0.8527154672003294,0.1403761323767933
pre_lmhead_contextual,en_100m__vs__en_ukr_a,jaccard_divergence,governance_law,100,0.743075085146963,0.22251676250087776
pre_lmhead_contextual,en_100m__vs__en_ukr_a,jaccard_divergence,religion_ritual,101,0.8035146353951587,0.17167539546595675
pre_lmhead_contextual,en_100m__vs__en_ukr_a,jaccard_divergence,social_identity,99,0.7618939810422469,0.18182852814513392
pre_lmhead_contextual,en_100m__vs__en_ukr_a,jaccard_divergence,symbols_colors,97,0.8395747360008134,0.12794533457110704
pre_lmhead_contextual,en_100m__vs__en_ukr_a,jaccard_divergence,values_norms,101,0.7383310934795195,0.25179198289036175
pre_lmhead_contextual,en_100m__vs__en_ukr_b,jaccard_divergence,clothing_appearance,100,0.775862238235025,0.1631826178569491
pre_lmhead_contextual,en_100m__vs__en_ukr_b,jaccard_divergence,daily_customs,101,0.7608641763754411,0.1879064381067187
pre_lmhead_contextual,en_100m__vs__en_ukr_b,jaccard_divergence,family_kinship,101,0.7529538432218864,0.18245114113689256
pre_lmhead_contextual,en_100m__vs__en_ukr_b,jaccard_divergence,festivals_holidays,100,0.8079512391259557,0.14610854793854625
pre_lmhead_contextual,en_100m__vs__en_ukr_b,jaccard_divergence,food_cuisine,100,0.8490693641572504,0.11778385173347969
pre_lmhead_contextual,en_100m__vs__en_ukr_b,jaccard_divergence,governance_law,100,0.7252578235096334,0.23265554309684824
pre_lmhead_contextual,en_100m__vs__en_ukr_b,jaccard_divergence,religion_ritual,101,0.7971721764726267,0.15999310731937547
pre_lmhead_contextual,en_100m__vs__en_ukr_b,jaccard_divergence,social_identity,99,0.7470460895839844,0.19469330905129767
pre_lmhead_contextual,en_100m__vs__en_ukr_b,jaccard_divergence,symbols_colors,97,0.7918694947715693,0.15537390472768364
pre_lmhead_contextual,en_100m__vs__en_ukr_b,jaccard_divergence,values_norms,101,0.7309272871968957,0.24343342792116998
pre_lmhead_contextual,en_100m__vs__en_zh_a,jaccard_divergence,clothing_appearance,100,0.8315725351675005,0.13267516356612413
pre_lmhead_contextual,en_100m__vs__en_zh_a,jaccard_divergence,daily_customs,101,0.8384901008610786,0.1272635615022676
pre_lmhead_contextual,en_100m__vs__en_zh_a,jaccard_divergence,family_kinship,101,0.7708818871274549,0.20405495402491322
pre_lmhead_contextual,en_100m__vs__en_zh_a,jaccard_divergence,festivals_holidays,100,0.863862043980561,0.10847225906409783
pre_lmhead_contextual,en_100m__vs__en_zh_a,jaccard_divergence,food_cuisine,100,0.8590757059097187,0.16600741384457643
pre_lmhead_contextual,en_100m__vs__en_zh_a,jaccard_divergence,governance_law,100,0.8300673638932072,0.15000452294213912
pre_lmhead_contextual,en_100m__vs__en_zh_a,jaccard_divergence,religion_ritual,101,0.8090147322857199,0.1880613186969236
pre_lmhead_contextual,en_100m__vs__en_zh_a,jaccard_divergence,social_identity,99,0.7881700011466678,0.17406001911421043
pre_lmhead_contextual,en_100m__vs__en_zh_a,jaccard_divergence,symbols_colors,97,0.8450414567759401,0.1286678309209976
pre_lmhead_contextual,en_100m__vs__en_zh_a,jaccard_divergence,values_norms,101,0.7920730529019172,0.18898709165222058
pre_lmhead_contextual,en_100m__vs__en_zh_b,jaccard_divergence,clothing_appearance,100,0.8129404613225967,0.13119323468251312
pre_lmhead_contextual,en_100m__vs__en_zh_b,jaccard_divergence,daily_customs,101,0.8547908861402241,0.10694473404928656
pre_lmhead_contextual,en_100m__vs__en_zh_b,jaccard_divergence,family_kinship,101,0.8051613450424583,0.164014773841779
pre_lmhead_contextual,en_100m__vs__en_zh_b,jaccard_divergence,festivals_holidays,100,0.8607211818954922,0.10259537833746263
pre_lmhead_contextual,en_100m__vs__en_zh_b,jaccard_divergence,food_cuisine,100,0.8796930492153971,0.14317846173915547
pre_lmhead_contextual,en_100m__vs__en_zh_b,jaccard_divergence,governance_law,100,0.7847968545333158,0.1805328370823742
pre_lmhead_contextual,en_100m__vs__en_zh_b,jaccard_divergence,religion_ritual,101,0.8090647753517097,0.18056472752465014
pre_lmhead_contextual,en_100m__vs__en_zh_b,jaccard_divergence,social_identity,99,0.7640612064137023,0.18227570147849545
pre_lmhead_contextual,en_100m__vs__en_zh_b,jaccard_divergence,symbols_colors,97,0.8363107415662435,0.1301713015722198
pre_lmhead_contextual,en_100m__vs__en_zh_b,jaccard_divergence,values_norms,101,0.7479022859311454,0.24912583891085338
pre_lmhead_contextual,en_50m__vs__en_bul_a,jaccard_divergence,clothing_appearance,100,0.784234086217057,0.15137919128126145
pre_lmhead_contextual,en_50m__vs__en_bul_a,jaccard_divergence,daily_customs,101,0.758615143780284,0.19102856595149892
pre_lmhead_contextual,en_50m__vs__en_bul_a,jaccard_divergence,family_kinship,101,0.7341155851833178,0.17728927077084766
pre_lmhead_contextual,en_50m__vs__en_bul_a,jaccard_divergence,festivals_holidays,100,0.8228813499391616,0.12426767795636776
pre_lmhead_contextual,en_50m__vs__en_bul_a,jaccard_divergence,food_cuisine,100,0.8161992221586541,0.1576213796741747
pre_lmhead_contextual,en_50m__vs__en_bul_a,jaccard_divergence,governance_law,100,0.737556151662958,0.23014235117269777
pre_lmhead_contextual,en_50m__vs__en_bul_a,jaccard_divergence,religion_ritual,101,0.7366381824383358,0.2315052453776686
pre_lmhead_contextual,en_50m__vs__en_bul_a,jaccard_divergence,social_identity,99,0.7298020905469478,0.21424665774698873
pre_lmhead_contextual,en_50m__vs__en_bul_a,jaccard_divergence,symbols_colors,97,0.7773175625290014,0.16171414436002313
pre_lmhead_contextual,en_50m__vs__en_bul_a,jaccard_divergence,values_norms,101,0.720016642410917,0.25013218749778915
pre_lmhead_contextual,en_50m__vs__en_bul_b,jaccard_divergence,clothing_appearance,100,0.7993765992980919,0.1382104997070628
pre_lmhead_contextual,en_50m__vs__en_bul_b,jaccard_divergence,daily_customs,101,0.7685075338396521,0.17845205428898586
pre_lmhead_contextual,en_50m__vs__en_bul_b,jaccard_divergence,family_kinship,101,0.7192055677676154,0.20308209025075394
pre_lmhead_contextual,en_50m__vs__en_bul_b,jaccard_divergence,festivals_holidays,100,0.8223334020426343,0.11659020158880873
pre_lmhead_contextual,en_50m__vs__en_bul_b,jaccard_divergence,food_cuisine,100,0.8335049326321604,0.16213423871515262
pre_lmhead_contextual,en_50m__vs__en_bul_b,jaccard_divergence,governance_law,100,0.7999583993055873,0.18583457911619328
pre_lmhead_contextual,en_50m__vs__en_bul_b,jaccard_divergence,religion_ritual,101,0.7773731797259914,0.18431639228663405
pre_lmhead_contextual,en_50m__vs__en_bul_b,jaccard_divergence,social_identity,99,0.7279115616665331,0.199130381448839
pre_lmhead_contextual,en_50m__vs__en_bul_b,jaccard_divergence,symbols_colors,97,0.7394881525014061,0.16906589398463215
pre_lmhead_contextual,en_50m__vs__en_bul_b,jaccard_divergence,values_norms,101,0.7704378730784631,0.20670183068082829
pre_lmhead_contextual,en_50m__vs__en_deu_a,jaccard_divergence,clothing_appearance,100,0.7897210295634904,0.15199039113525784
pre_lmhead_contextual,en_50m__vs__en_deu_a,jaccard_divergence,daily_customs,101,0.7949552090370045,0.1637317362450002
pre_lmhead_contextual,en_50m__vs__en_deu_a,jaccard_divergence,family_kinship,101,0.7252706539642235,0.22041047002389194
pre_lmhead_contextual,en_50m__vs__en_deu_a,jaccard_divergence,festivals_holidays,100,0.8512733144611998,0.09640662830465825
pre_lmhead_contextual,en_50m__vs__en_deu_a,jaccard_divergence,food_cuisine,100,0.8696289054364417,0.1314338690063855
pre_lmhead_contextual,en_50m__vs__en_deu_a,jaccard_divergence,governance_law,100,0.7058423305706722,0.2467627430663814
pre_lmhead_contextual,en_50m__vs__en_deu_a,jaccard_divergence,religion_ritual,101,0.7725782682757842,0.22987802469165702
pre_lmhead_contextual,en_50m__vs__en_deu_a,jaccard_divergence,social_identity,99,0.737098815304164,0.19845856042928192
pre_lmhead_contextual,en_50m__vs__en_deu_a,jaccard_divergence,symbols_colors,97,0.7860278623938627,0.16713573116718722
pre_lmhead_contextual,en_50m__vs__en_deu_a,jaccard_divergence,values_norms,101,0.7536862582849178,0.2126024644983557
pre_lmhead_contextual,en_50m__vs__en_deu_b,jaccard_divergence,clothing_appearance,100,0.8155262943024943,0.14113958410587388
pre_lmhead_contextual,en_50m__vs__en_deu_b,jaccard_divergence,daily_customs,101,0.8386064122270673,0.14546729024503496
pre_lmhead_contextual,en_50m__vs__en_deu_b,jaccard_divergence,family_kinship,101,0.7429585469182524,0.20014138912534715
pre_lmhead_contextual,en_50m__vs__en_deu_b,jaccard_divergence,festivals_holidays,100,0.8430315798072014,0.11173609271308517
pre_lmhead_contextual,en_50m__vs__en_deu_b,jaccard_divergence,food_cuisine,100,0.858002959957852,0.13835248073524703
pre_lmhead_contextual,en_50m__vs__en_deu_b,jaccard_divergence,governance_law,100,0.7518379383416396,0.21616118460384734
pre_lmhead_contextual,en_50m__vs__en_deu_b,jaccard_divergence,religion_ritual,101,0.7869082111996758,0.19545248298840648
pre_lmhead_contextual,en_50m__vs__en_deu_b,jaccard_divergence,social_identity,99,0.759876081457467,0.17708988348540738
pre_lmhead_contextual,en_50m__vs__en_deu_b,jaccard_divergence,symbols_colors,97,0.7788453581076437,0.15169845930736503
pre_lmhead_contextual,en_50m__vs__en_deu_b,jaccard_divergence,values_norms,101,0.76886863199561,0.2010619365378483
pre_lmhead_contextual,en_50m__vs__en_fas_a,jaccard_divergence,clothing_appearance,100,0.8007128259890257,0.13855383719718994
pre_lmhead_contextual,en_50m__vs__en_fas_a,jaccard_divergence,daily_customs,101,0.8286831057262593,0.1445879725567278
pre_lmhead_contextual,en_50m__vs__en_fas_a,jaccard_divergence,family_kinship,101,0.746510936446632,0.194739702868159
pre_lmhead_contextual,en_50m__vs__en_fas_a,jaccard_divergence,festivals_holidays,100,0.8385569035319341,0.12532243598433446
pre_lmhead_contextual,en_50m__vs__en_fas_a,jaccard_divergence,food_cuisine,100,0.8555497244905185,0.16485312313444236
pre_lmhead_contextual,en_50m__vs__en_fas_a,jaccard_divergence,governance_law,100,0.7672393475220046,0.23869053231920614
pre_lmhead_contextual,en_50m__vs__en_fas_a,jaccard_divergence,religion_ritual,101,0.7847081816771437,0.18524495350039263
pre_lmhead_contextual,en_50m__vs__en_fas_a,jaccard_divergence,social_identity,99,0.776024699552779,0.16272954837012815
pre_lmhead_contextual,en_50m__vs__en_fas_a,jaccard_divergence,symbols_colors,97,0.7813507369910553,0.15703129373348315
pre_lmhead_contextual,en_50m__vs__en_fas_a,jaccard_divergence,values_norms,101,0.771751664039926,0.21335753383294034
pre_lmhead_contextual,en_50m__vs__en_fas_b,jaccard_divergence,clothing_appearance,100,0.8187930790518313,0.1284775726403954
pre_lmhead_contextual,en_50m__vs__en_fas_b,jaccard_divergence,daily_customs,101,0.798792362645717,0.1558233948456713
pre_lmhead_contextual,en_50m__vs__en_fas_b,jaccard_divergence,family_kinship,101,0.7269706103162014,0.20621047127820394
pre_lmhead_contextual,en_50m__vs__en_fas_b,jaccard_divergence,festivals_holidays,100,0.8523865835268812,0.10035818917792133
pre_lmhead_contextual,en_50m__vs__en_fas_b,jaccard_divergence,food_cuisine,100,0.8633630524988003,0.13171823981755076
pre_lmhead_contextual,en_50m__vs__en_fas_b,jaccard_divergence,governance_law,100,0.7697252360589879,0.2180482464559241
pre_lmhead_contextual,en_50m__vs__en_fas_b,jaccard_divergence,religion_ritual,101,0.7782613489922743,0.21021673245067168
pre_lmhead_contextual,en_50m__vs__en_fas_b,jaccard_divergence,social_identity,99,0.7382846256744682,0.21864135430086803
pre_lmhead_contextual,en_50m__vs__en_fas_b,jaccard_divergence,symbols_colors,97,0.8398703036095002,0.12961430177792735
pre_lmhead_contextual,en_50m__vs__en_fas_b,jaccard_divergence,values_norms,101,0.7902291980449453,0.1881378422854893
pre_lmhead_contextual,en_50m__vs__en_fr_a,jaccard_divergence,clothing_appearance,100,0.7877487732095735,0.16120997085152022
pre_lmhead_contextual,en_50m__vs__en_fr_a,jaccard_divergence,daily_customs,101,0.7689494449887284,0.17830482095282196
pre_lmhead_contextual,en_50m__vs__en_fr_a,jaccard_divergence,family_kinship,101,0.7147532046702221,0.22880170935965713
pre_lmhead_contextual,en_50m__vs__en_fr_a,jaccard_divergence,festivals_holidays,100,0.8226368501141272,0.10884423631592849
pre_lmhead_contextual,en_50m__vs__en_fr_a,jaccard_divergence,food_cuisine,100,0.8332951717643823,0.15259793751847914
pre_lmhead_contextual,en_50m__vs__en_fr_a,jaccard_divergence,governance_law,100,0.7118271979023715,0.23603632666284144
pre_lmhead_contextual,en_50m__vs__en_fr_a,jaccard_divergence,religion_ritual,101,0.7088771125252662,0.26667281200261533
pre_lmhead_contextual,en_50m__vs__en_fr_a,jaccard_divergence,social_identity,99,0.7384614999082146,0.1983129636976507
pre_lmhead_contextual,en_50m__vs__en_fr_a,jaccard_divergence,symbols_colors,97,0.7848572779445442,0.16040688870264264
pre_lmhead_contextual,en_50m__vs__en_fr_a,jaccard_divergence,values_norms,101,0.7899984512277217,0.17156687020069358
pre_lmhead_contextual,en_50m__vs__en_fr_b,jaccard_divergence,clothing_appearance,100,0.8103321716576284,0.1273879512190128
pre_lmhead_contextual,en_50m__vs__en_fr_b,jaccard_divergence,daily_customs,101,0.7342352071723067,0.19451729618344976
pre_lmhead_contextual,en_50m__vs__en_fr_b,jaccard_divergence,family_kinship,101,0.7101702731212749,0.23255385079394686
pre_lmhead_contextual,en_50m__vs__en_fr_b,jaccard_divergence,festivals_holidays,100,0.8447347671648306,0.09999054022941062
pre_lmhead_contextual,en_50m__vs__en_fr_b,jaccard_divergence,food_cuisine,100,0.850787105919943,0.14773890410343987
pre_lmhead_contextual,en_50m__vs__en_fr_b,jaccard_divergence,governance_law,100,0.7238227124972894,0.2370083849344863
pre_lmhead_contextual,en_50m__vs__en_fr_b,jaccard_divergence,religion_ritual,101,0.7428493829012248,0.2373852531985981
pre_lmhead_contextual,en_50m__vs__en_fr_b,jaccard_divergence,social_identity,99,0.7034243155044722,0.23268730268059895
pre_lmhead_contextual,en_50m__vs__en_fr_b,jaccard_divergence,symbols_colors,97,0.7649557010209538,0.1530505058835859
pre_lmhead_contextual,en_50m__vs__en_fr_b,jaccard_divergence,values_norms,101,0.7522647838072849,0.21395590862805816
pre_lmhead_contextual,en_50m__vs__en_ind_a,jaccard_divergence,clothing_appearance,100,0.8235791132332706,0.12235792586404257
pre_lmhead_contextual,en_50m__vs__en_ind_a,jaccard_divergence,daily_customs,101,0.8239178547543423,0.11800477357359672
pre_lmhead_contextual,en_50m__vs__en_ind_a,jaccard_divergence,family_kinship,101,0.7348062980401817,0.21212570172229112
pre_lmhead_contextual,en_50m__vs__en_ind_a,jaccard_divergence,festivals_holidays,100,0.8362928339866015,0.11388543601722095
pre_lmhead_contextual,en_50m__vs__en_ind_a,jaccard_divergence,food_cuisine,100,0.8721662886158952,0.12496904157329032
pre_lmhead_contextual,en_50m__vs__en_ind_a,jaccard_divergence,governance_law,100,0.7440005113640475,0.22582558332520727
pre_lmhead_contextual,en_50m__vs__en_ind_a,jaccard_divergence,religion_ritual,101,0.7545639914133615,0.25044333853867035
pre_lmhead_contextual,en_50m__vs__en_ind_a,jaccard_divergence,social_identity,99,0.6970220307538633,0.23697816485309128
pre_lmhead_contextual,en_50m__vs__en_ind_a,jaccard_divergence,symbols_colors,97,0.7997377401932569,0.14645888119380954
pre_lmhead_contextual,en_50m__vs__en_ind_a,jaccard_divergence,values_norms,101,0.7881440514791089,0.1872656932378667
pre_lmhead_contextual,en_50m__vs__en_ind_b,jaccard_divergence,clothing_appearance,100,0.807537892547532,0.1330526580772822
pre_lmhead_contextual,en_50m__vs__en_ind_b,jaccard_divergence,daily_customs,101,0.8001968161650498,0.14062944010499348
pre_lmhead_contextual,en_50m__vs__en_ind_b,jaccard_divergence,family_kinship,101,0.7463152272645791,0.20335909372831992
pre_lmhead_contextual,en_50m__vs__en_ind_b,jaccard_divergence,festivals_holidays,100,0.8577341001632963,0.09736890627619829
pre_lmhead_contextual,en_50m__vs__en_ind_b,jaccard_divergence,food_cuisine,100,0.8607145809842206,0.13127520953228938
pre_lmhead_contextual,en_50m__vs__en_ind_b,jaccard_divergence,governance_law,100,0.7281366510220805,0.24335087328538926
pre_lmhead_contextual,en_50m__vs__en_ind_b,jaccard_divergence,religion_ritual,101,0.7528658778572275,0.2499183962008395
pre_lmhead_contextual,en_50m__vs__en_ind_b,jaccard_divergence,social_identity,99,0.7211974150309304,0.2123244781237638
pre_lmhead_contextual,en_50m__vs__en_ind_b,jaccard_divergence,symbols_colors,97,0.7882455558578937,0.14932521068390078
pre_lmhead_contextual,en_50m__vs__en_ind_b,jaccard_divergence,values_norms,101,0.7429568754260312,0.23153175418529606
pre_lmhead_contextual,en_50m__vs__en_nld_a,jaccard_divergence,clothing_appearance,100,0.8053137997446177,0.12740024875048483
pre_lmhead_contextual,en_50m__vs__en_nld_a,jaccard_divergence,daily_customs,101,0.7418866589026645,0.20735601275597582
pre_lmhead_contextual,en_50m__vs__en_nld_a,jaccard_divergence,family_kinship,101,0.7084720341161993,0.2271768563122775
pre_lmhead_contextual,en_50m__vs__en_nld_a,jaccard_divergence,festivals_holidays,100,0.8446587689845615,0.10916242191095582
pre_lmhead_contextual,en_50m__vs__en_nld_a,jaccard_divergence,food_cuisine,100,0.8409674095201276,0.16869579330757092
pre_lmhead_contextual,en_50m__vs__en_nld_a,jaccard_divergence,governance_law,100,0.7142574610633917,0.2432687472186927
pre_lmhead_contextual,en_50m__vs__en_nld_a,jaccard_divergence,religion_ritual,101,0.7892858340895506,0.2007542022245805
pre_lmhead_contextual,en_50m__vs__en_nld_a,jaccard_divergence,social_identity,99,0.728925149844528,0.21132594828789217
pre_lmhead_contextual,en_50m__vs__en_nld_a,jaccard_divergence,symbols_colors,97,0.7873534792192369,0.14134368737856348
pre_lmhead_contextual,en_50m__vs__en_nld_a,jaccard_divergence,values_norms,101,0.736587816696846,0.24843765630585463
pre_lmhead_contextual,en_50m__vs__en_nld_b,jaccard_divergence,clothing_appearance,100,0.8122990988225826,0.1325948007154992
pre_lmhead_contextual,en_50m__vs__en_nld_b,jaccard_divergence,daily_customs,101,0.7601528429770239,0.1985059576248429
pre_lmhead_contextual,en_50m__vs__en_nld_b,jaccard_divergence,family_kinship,101,0.709469932922713,0.22914878415019752
pre_lmhead_contextual,en_50m__vs__en_nld_b,jaccard_divergence,festivals_holidays,100,0.855182597259751,0.10364830864696746
pre_lmhead_contextual,en_50m__vs__en_nld_b,jaccard_divergence,food_cuisine,100,0.8516288808936584,0.14479389716658686
pre_lmhead_contextual,en_50m__vs__en_nld_b,jaccard_divergence,governance_law,100,0.7085877969650827,0.25584786628913847
pre_lmhead_contextual,en_50m__vs__en_nld_b,jaccard_divergence,religion_ritual,101,0.7352615920231236,0.2612157698619702
pre_lmhead_contextual,en_50m__vs__en_nld_b,jaccard_divergence,social_identity,99,0.6773705920092834,0.23792798294533793
pre_lmhead_contextual,en_50m__vs__en_nld_b,jaccard_divergence,symbols_colors,97,0.7936042450310111,0.1368116214077945
pre_lmhead_contextual,en_50m__vs__en_nld_b,jaccard_divergence,values_norms,101,0.7431586887085561,0.22868353062674085
pre_lmhead_contextual,en_50m__vs__en_ukr_a,jaccard_divergence,clothing_appearance,100,0.8281383696977042,0.12012219377952629
pre_lmhead_contextual,en_50m__vs__en_ukr_a,jaccard_divergence,daily_customs,101,0.7890794129085746,0.16554075843594976
pre_lmhead_contextual,en_50m__vs__en_ukr_a,jaccard_divergence,family_kinship,101,0.7557989679308549,0.1775990387192916
pre_lmhead_contextual,en_50m__vs__en_ukr_a,jaccard_divergence,festivals_holidays,100,0.8406365651497159,0.11031133144577747
pre_lmhead_contextual,en_50m__vs__en_ukr_a,jaccard_divergence,food_cuisine,100,0.8609265513991265,0.132686632494503
pre_lmhead_contextual,en_50m__vs__en_ukr_a,jaccard_divergence,governance_law,100,0.7485743509110699,0.2232380463012997
pre_lmhead_contextual,en_50m__vs__en_ukr_a,jaccard_divergence,religion_ritual,101,0.7906006995960904,0.18386304748309
pre_lmhead_contextual,en_50m__vs__en_ukr_a,jaccard_divergence,social_identity,99,0.7601460918033609,0.18544151602491923
pre_lmhead_contextual,en_50m__vs__en_ukr_a,jaccard_divergence,symbols_colors,97,0.823254883516256,0.13458459000386727
pre_lmhead_contextual,en_50m__vs__en_ukr_a,jaccard_divergence,values_norms,101,0.752266602328242,0.23253078032272517
pre_lmhead_contextual,en_50m__vs__en_ukr_b,jaccard_divergence,clothing_appearance,100,0.8083486654368535,0.13933554921382224
pre_lmhead_contextual,en_50m__vs__en_ukr_b,jaccard_divergence,daily_customs,101,0.7254281017180133,0.22739681804972636
pre_lmhead_contextual,en_50m__vs__en_ukr_b,jaccard_divergence,family_kinship,101,0.7285151448818159,0.20409785403367003
pre_lmhead_contextual,en_50m__vs__en_ukr_b,jaccard_divergence,festivals_holidays,100,0.8336903147881835,0.10634985542779148
pre_lmhead_contextual,en_50m__vs__en_ukr_b,jaccard_divergence,food_cuisine,100,0.8590653659399375,0.11201736613971819
pre_lmhead_contextual,en_50m__vs__en_ukr_b,jaccard_divergence,governance_law,100,0.742657968448038,0.24029227862334937
pre_lmhead_contextual,en_50m__vs__en_ukr_b,jaccard_divergence,religion_ritual,101,0.8097262211627024,0.15644636855887334
pre_lmhead_contextual,en_50m__vs__en_ukr_b,jaccard_divergence,social_identity,99,0.7506320937888261,0.18848413978036954
pre_lmhead_contextual,en_50m__vs__en_ukr_b,jaccard_divergence,symbols_colors,97,0.7935665984948019,0.14737645160954627
pre_lmhead_contextual,en_50m__vs__en_ukr_b,jaccard_divergence,values_norms,101,0.7538882179457052,0.2247130398918097
pre_lmhead_contextual,en_50m__vs__en_zh_a,jaccard_divergence,clothing_appearance,100,0.8210241384979631,0.13373876951603453
pre_lmhead_contextual,en_50m__vs__en_zh_a,jaccard_divergence,daily_customs,101,0.8198387686411938,0.13709230644739162
pre_lmhead_contextual,en_50m__vs__en_zh_a,jaccard_divergence,family_kinship,101,0.7453230033296298,0.2085853226290849
pre_lmhead_contextual,en_50m__vs__en_zh_a,jaccard_divergence,festivals_holidays,100,0.8542218485567266,0.10454304294425192
pre_lmhead_contextual,en_50m__vs__en_zh_a,jaccard_divergence,food_cuisine,100,0.8603125622337225,0.15534433477794435
pre_lmhead_contextual,en_50m__vs__en_zh_a,jaccard_divergence,governance_law,100,0.8239845687977485,0.16756998871066334
pre_lmhead_contextual,en_50m__vs__en_zh_a,jaccard_divergence,religion_ritual,101,0.7900034003397316,0.2044844923024576
pre_lmhead_contextual,en_50m__vs__en_zh_a,jaccard_divergence,social_identity,99,0.7835420006361057,0.16501464903694346
pre_lmhead_contextual,en_50m__vs__en_zh_a,jaccard_divergence,symbols_colors,97,0.8061217167261647,0.15025521923857685
pre_lmhead_contextual,en_50m__vs__en_zh_a,jaccard_divergence,values_norms,101,0.78329581613148,0.20199109772260532
pre_lmhead_contextual,en_50m__vs__en_zh_b,jaccard_divergence,clothing_appearance,100,0.8205881765828997,0.13544369231402248
pre_lmhead_contextual,en_50m__vs__en_zh_b,jaccard_divergence,daily_customs,101,0.8446110504704337,0.12355645109865221
pre_lmhead_contextual,en_50m__vs__en_zh_b,jaccard_divergence,family_kinship,101,0.7788241058315801,0.1943280396798788
pre_lmhead_contextual,en_50m__vs__en_zh_b,jaccard_divergence,festivals_holidays,100,0.8519073126452856,0.0976673435449723
pre_lmhead_contextual,en_50m__vs__en_zh_b,jaccard_divergence,food_cuisine,100,0.8801623611928211,0.13048016898879564
pre_lmhead_contextual,en_50m__vs__en_zh_b,jaccard_divergence,governance_law,100,0.7874860984190609,0.19221038123837775
pre_lmhead_contextual,en_50m__vs__en_zh_b,jaccard_divergence,religion_ritual,101,0.8166496022539472,0.17029576499933613
pre_lmhead_contextual,en_50m__vs__en_zh_b,jaccard_divergence,social_identity,99,0.7737301076007398,0.17139302482643112
pre_lmhead_contextual,en_50m__vs__en_zh_b,jaccard_divergence,symbols_colors,97,0.8201970648716432,0.13792255364510644
pre_lmhead_contextual,en_50m__vs__en_zh_b,jaccard_divergence,values_norms,101,0.7751675855561145,0.21943453026635842
embedding_matrix,en_100m__vs__en_bul_a,axis_abs_projection_diff,food_cuisine,4,0.13904122076928613,0.017946365215784146
embedding_matrix,en_100m__vs__en_bul_a,axis_abs_projection_diff,other_axis,32,0.14577003056183455,0.021779267944550665
embedding_matrix,en_100m__vs__en_bul_a,axis_abs_projection_diff,religion_ritual,2,0.16936393082141876,0.013201425551400517
embedding_matrix,en_100m__vs__en_bul_a,axis_abs_projection_diff,space_society,3,0.14391037821769712,0.016505813665505492
embedding_matrix,en_100m__vs__en_bul_a,axis_abs_projection_diff,values_norms,9,0.15273399319913647,0.022255475040319432
embedding_matrix,en_100m__vs__en_bul_b,axis_abs_projection_diff,food_cuisine,4,0.1526668071746826,0.021841929652195908
embedding_matrix,en_100m__vs__en_bul_b,axis_abs_projection_diff,other_axis,32,0.15248953946866092,0.01705818253454301
embedding_matrix,en_100m__vs__en_bul_b,axis_abs_projection_diff,religion_ritual,2,0.15875849127769465,0.026405506354257213
embedding_matrix,en_100m__vs__en_bul_b,axis_abs_projection_diff,space_society,3,0.14002723246812818,0.01841891675987339
embedding_matrix,en_100m__vs__en_bul_b,axis_abs_projection_diff,values_norms,9,0.15019806557231477,0.01549787662749054
embedding_matrix,en_100m__vs__en_deu_a,axis_abs_projection_diff,food_cuisine,4,0.15111064538359636,0.02498414387282673
embedding_matrix,en_100m__vs__en_deu_a,axis_abs_projection_diff,other_axis,32,0.14791902480646965,0.016324385614471706
embedding_matrix,en_100m__vs__en_deu_a,axis_abs_projection_diff,religion_ritual,2,0.17167707532644266,0.006438299894963524
embedding_matrix,en_100m__vs__en_deu_a,axis_abs_projection_diff,space_society,3,0.13647668808698651,0.010432266704379876
embedding_matrix,en_100m__vs__en_deu_a,axis_abs_projection_diff,values_norms,9,0.15511341724130837,0.017968106136578982
embedding_matrix,en_100m__vs__en_deu_b,axis_abs_projection_diff,food_cuisine,4,0.1626349929720163,0.04027131154972781
embedding_matrix,en_100m__vs__en_deu_b,axis_abs_projection_diff,other_axis,32,0.14913351158611474,0.020481352272673038
embedding_matrix,en_100m__vs__en_deu_b,axis_abs_projection_diff,religion_ritual,2,0.14754063636064524,0.004249824786035332
embedding_matrix,en_100m__vs__en_deu_b,axis_abs_projection_diff,space_society,3,0.14331756035486856,0.009968028411764964
embedding_matrix,en_100m__vs__en_deu_b,axis_abs_projection_diff,values_norms,9,0.15118667814466683,0.018067535289630048
embedding_matrix,en_100m__vs__en_fas_a,axis_abs_projection_diff,food_cuisine,4,0.1616202145814895,0.026631816383228122
embedding_matrix,en_100m__vs__en_fas_a,axis_abs_projection_diff,other_axis,32,0.1694282167591154,0.02752906431879134
embedding_matrix,en_100m__vs__en_fas_a,axis_abs_projection_diff,religion_ritual,2,0.19277364015579218,0.05426566903801941
embedding_matrix,en_100m__vs__en_fas_a,axis_abs_projection_diff,space_society,3,0.1539226025342941,0.007957949843586526
embedding_matrix,en_100m__vs__en_fas_a,axis_abs_projection_diff,values_norms,9,0.16365002923541597,0.02803160397857853
embedding_matrix,en_100m__vs__en_fas_b,axis_abs_projection_diff,food_cuisine,4,0.14377826079726216,0.014585565395396044
embedding_matrix,en_100m__vs__en_fas_b,axis_abs_projection_diff,other_axis,32,0.1625193762592971,0.0234307506365859
embedding_matrix,en_100m__vs__en_fas_b,axis_abs_projection_diff,religion_ritual,2,0.1444829255342483,0.004902900740423792
embedding_matrix,en_100m__vs__en_fas_b,axis_abs_projection_diff,space_society,3,0.16288712620735163,0.007677583089505923
embedding_matrix,en_100m__vs__en_fas_b,axis_abs_projection_diff,values_norms,9,0.1656331138478385,0.016399599950936275
embedding_matrix,en_100m__vs__en_fr_a,axis_abs_projection_diff,food_cuisine,4,0.14032190293073654,0.0197568671872457
embedding_matrix,en_100m__vs__en_fr_a,axis_abs_projection_diff,other_axis,32,0.1448919142130762,0.013838275919748943
embedding_matrix,en_100m__vs__en_fr_a,axis_abs_projection_diff,religion_ritual,2,0.158885583281517,0.014446864924897485
embedding_matrix,en_100m__vs__en_fr_a,axis_abs_projection_diff,space_society,3,0.13218340774377182,0.0015313926918066665
embedding_matrix,en_100m__vs__en_fr_a,axis_abs_projection_diff,values_norms,9,0.14251789533429673,0.01485414490413253
embedding_matrix,en_100m__vs__en_fr_b,axis_abs_projection_diff,food_cuisine,4,0.13680812716484067,0.00623917766251089
embedding_matrix,en_100m__vs__en_fr_b,axis_abs_projection_diff,other_axis,32,0.14262608811259267,0.017710776845983968
embedding_matrix,en_100m__vs__en_fr_b,axis_abs_projection_diff,religion_ritual,2,0.14778700470924377,0.0029483406407311103
embedding_matrix,en_100m__vs__en_fr_b,axis_abs_projection_diff,space_society,3,0.13741483787695563,0.005405910924811274
embedding_matrix,en_100m__vs__en_fr_b,axis_abs_projection_diff,values_norms,9,0.13943334917227423,0.017770775415437624
embedding_matrix,en_100m__vs__en_ind_a,axis_abs_projection_diff,food_cuisine,4,0.15036565251648426,0.023145146180716537
embedding_matrix,en_100m__vs__en_ind_a,axis_abs_projection_diff,other_axis,32,0.14812946296297008,0.01476233633204574
embedding_matrix,en_100m__vs__en_ind_a,axis_abs_projection_diff,religion_ritual,2,0.15482869744300837,0.0055645008949235415
embedding_matrix,en_100m__vs__en_ind_a,axis_abs_projection_diff,space_society,3,0.14042496184508002,0.0028586543839845646
embedding_matrix,en_100m__vs__en_ind_a,axis_abs_projection_diff,values_norms,9,0.15134309728940326,0.016093887156707384
embedding_matrix,en_100m__vs__en_ind_b,axis_abs_projection_diff,food_cuisine,4,0.1353948321193456,0.021105138338672644
embedding_matrix,en_100m__vs__en_ind_b,axis_abs_projection_diff,other_axis,32,0.1424911092035472,0.01845073042781887
embedding_matrix,en_100m__vs__en_ind_b,axis_abs_projection_diff,religion_ritual,2,0.13326037675142283,0.010092579174827766
embedding_matrix,en_100m__vs__en_ind_b,axis_abs_projection_diff,space_society,3,0.1267632370193799,0.015449310143086285
embedding_matrix,en_100m__vs__en_ind_b,axis_abs_projection_diff,values_norms,9,0.14024327695369718,0.010398910236799992
embedding_matrix,en_100m__vs__en_nld_a,axis_abs_projection_diff,food_cuisine,4,0.15096037089824677,0.015592348482773816
embedding_matrix,en_100m__vs__en_nld_a,axis_abs_projection_diff,other_axis,32,0.15052921022288498,0.014656955156272735
embedding_matrix,en_100m__vs__en_nld_a,axis_abs_projection_diff,religion_ritual,2,0.15603011846542356,0.006958676496815454
embedding_matrix,en_100m__vs__en_nld_a,axis_abs_projection_diff,space_society,3,0.13879657785097751,0.00872123057791765
embedding_matrix,en_100m__vs__en_nld_a,axis_abs_projection_diff,values_norms,9,0.15845071855518547,0.02303087612637299
embedding_matrix,en_100m__vs__en_nld_b,axis_abs_projection_diff,food_cuisine,4,0.13223494589328763,0.0071942433715342325
embedding_matrix,en_100m__vs__en_nld_b,axis_abs_projection_diff,other_axis,32,0.14181707473471755,0.01575542766985068
embedding_matrix,en_100m__vs__en_nld_b,axis_abs_projection_diff,religion_ritual,2,0.13739794492721558,0.005858791264650898
embedding_matrix,en_100m__vs__en_nld_b,axis_abs_projection_diff,space_society,3,0.1274047493934631,0.011206854851746146
embedding_matrix,en_100m__vs__en_nld_b,axis_abs_projection_diff,values_norms,9,0.1505662889944182,0.02040224804328145
embedding_matrix,en_100m__vs__en_ukr_a,axis_abs_projection_diff,food_cuisine,4,0.15133401378989214,0.012226792035790163
embedding_matrix,en_100m__vs__en_ukr_a,axis_abs_projection_diff,other_axis,32,0.16914950311183927,0.02522763600159249
embedding_matrix,en_100m__vs__en_ukr_a,axis_abs_projection_diff,religion_ritual,2,0.15913075208663935,0.03882422278196196
embedding_matrix,en_100m__vs__en_ukr_a,axis_abs_projection_diff,space_society,3,0.15224577486515042,0.010616695262293155
embedding_matrix,en_100m__vs__en_ukr_a,axis_abs_projection_diff,values_norms,9,0.17390626503361592,0.039137860830089584
embedding_matrix,en_100m__vs__en_ukr_b,axis_abs_projection_diff,food_cuisine,4,0.15767468884587285,0.027806287059326112
embedding_matrix,en_100m__vs__en_ukr_b,axis_abs_projection_diff,other_axis,32,0.1510374480858445,0.02036960788832485
embedding_matrix,en_100m__vs__en_ukr_b,axis_abs_projection_diff,religion_ritual,2,0.14252522587776179,0.015604133091309546
embedding_matrix,en_100m__vs__en_ukr_b,axis_abs_projection_diff,space_society,3,0.16617340346177414,0.008291701625165133
embedding_matrix,en_100m__vs__en_ukr_b,axis_abs_projection_diff,values_norms,9,0.16585869756009838,0.02549705934426517
embedding_matrix,en_100m__vs__en_zh_a,axis_abs_projection_diff,food_cuisine,4,0.16163172386586663,0.028856161671551462
embedding_matrix,en_100m__vs__en_zh_a,axis_abs_projection_diff,other_axis,32,0.1678516257088631,0.026247426459259378
embedding_matrix,en_100m__vs__en_zh_a,axis_abs_projection_diff,religion_ritual,2,0.18736465275287625,0.012038256826196874
embedding_matrix,en_100m__vs__en_zh_a,axis_abs_projection_diff,space_society,3,0.16340748965740196,0.022394898457508406
embedding_matrix,en_100m__vs__en_zh_a,axis_abs_projection_diff,values_norms,9,0.1661360147926542,0.01600873203436448
embedding_matrix,en_100m__vs__en_zh_b,axis_abs_projection_diff,food_cuisine,4,0.14684172719717023,0.015386279798318862
embedding_matrix,en_100m__vs__en_zh_b,axis_abs_projection_diff,other_axis,32,0.16445667576044792,0.021522261421385185
embedding_matrix,en_100m__vs__en_zh_b,axis_abs_projection_diff,religion_ritual,2,0.16370933502912516,0.005450398839292423
embedding_matrix,en_100m__vs__en_zh_b,axis_abs_projection_diff,space_society,3,0.17003057400385535,0.039901666261582355
embedding_matrix,en_100m__vs__en_zh_b,axis_abs_projection_diff,values_norms,9,0.1630632529656092,0.021164442351956386
embedding_matrix,en_50m__vs__en_bul_a,axis_abs_projection_diff,food_cuisine,4,0.12470411509275432,0.010447334284210576
embedding_matrix,en_50m__vs__en_bul_a,axis_abs_projection_diff,other_axis,32,0.12683060299605128,0.018314151661033895
embedding_matrix,en_50m__vs__en_bul_a,axis_abs_projection_diff,religion_ritual,2,0.12857037037611005,0.01791676227923873
embedding_matrix,en_50m__vs__en_bul_a,axis_abs_projection_diff,space_society,3,0.11016701161861413,0.00842296745443416
embedding_matrix,en_50m__vs__en_bul_a,axis_abs_projection_diff,values_norms,9,0.12367544240421714,0.013916697975786057
embedding_matrix,en_50m__vs__en_bul_b,axis_abs_projection_diff,food_cuisine,4,0.14952809177339074,0.03801099591173379
embedding_matrix,en_50m__vs__en_bul_b,axis_abs_projection_diff,other_axis,32,0.13602856197394425,0.020475556906604853
embedding_matrix,en_50m__vs__en_bul_b,axis_abs_projection_diff,religion_ritual,2,0.13452072814106936,0.025751339850163608
embedding_matrix,en_50m__vs__en_bul_b,axis_abs_projection_diff,space_society,3,0.125234638651212,0.019398354568854324
embedding_matrix,en_50m__vs__en_bul_b,axis_abs_projection_diff,values_norms,9,0.12049348817931277,0.013790077485091649
embedding_matrix,en_50m__vs__en_deu_a,axis_abs_projection_diff,food_cuisine,4,0.1525372397154569,0.029969219771779063
embedding_matrix,en_50m__vs__en_deu_a,axis_abs_projection_diff,other_axis,32,0.12846087245270604,0.013635472305660147
embedding_matrix,en_50m__vs__en_deu_a,axis_abs_projection_diff,religion_ritual,2,0.12915194034576416,0.0004320894909336856
embedding_matrix,en_50m__vs__en_deu_a,axis_abs_projection_diff,space_society,3,0.12160903712113696,0.006734441041788493
embedding_matrix,en_50m__vs__en_deu_a,axis_abs_projection_diff,values_norms,9,0.1328118741512298,0.010921555807169997
embedding_matrix,en_50m__vs__en_deu_b,axis_abs_projection_diff,food_cuisine,4,0.1584939751774072,0.05170265114177861
embedding_matrix,en_50m__vs__en_deu_b,axis_abs_projection_diff,other_axis,32,0.13349420228041706,0.015129073692374609
embedding_matrix,en_50m__vs__en_deu_b,axis_abs_projection_diff,religion_ritual,2,0.12159045040607445,0.01789070499014687
embedding_matrix,en_50m__vs__en_deu_b,axis_abs_projection_diff,space_society,3,0.12668504317601517,0.013681595377642656
embedding_matrix,en_50m__vs__en_deu_b,axis_abs_projection_diff,values_norms,9,0.13380237006478835,0.0178101486213777
embedding_matrix,en_50m__vs__en_fas_a,axis_abs_projection_diff,food_cuisine,4,0.14431954361498353,0.04628789946192677
embedding_matrix,en_50m__vs__en_fas_a,axis_abs_projection_diff,other_axis,32,0.14594902028329668,0.022202040182002548
embedding_matrix,en_50m__vs__en_fas_a,axis_abs_projection_diff,religion_ritual,2,0.1482316106557846,0.010022394135345098
embedding_matrix,en_50m__vs__en_fas_a,axis_abs_projection_diff,space_society,3,0.13175923128922776,0.006498819811337183
embedding_matrix,en_50m__vs__en_fas_a,axis_abs_projection_diff,values_norms,9,0.13797515465153587,0.016577130239416215
embedding_matrix,en_50m__vs__en_fas_b,axis_abs_projection_diff,food_cuisine,4,0.12777818180620668,0.020157954608527803
embedding_matrix,en_50m__vs__en_fas_b,axis_abs_projection_diff,other_axis,32,0.14579230151139194,0.02124415985362822
embedding_matrix,en_50m__vs__en_fas_b,axis_abs_projection_diff,religion_ritual,2,0.14573797583580014,0.03768497239328823
embedding_matrix,en_50m__vs__en_fas_b,axis_abs_projection_diff,space_society,3,0.144996240735054,0.003902342585733779
embedding_matrix,en_50m__vs__en_fas_b,axis_abs_projection_diff,values_norms,9,0.14785978280835677,0.015164085558090809
embedding_matrix,en_50m__vs__en_fr_a,axis_abs_projection_diff,food_cuisine,4,0.13002953305840487,0.023138165344793987
embedding_matrix,en_50m__vs__en_fr_a,axis_abs_projection_diff,other_axis,32,0.1270432171877473,0.012915710133194497
embedding_matrix,en_50m__vs__en_fr_a,axis_abs_projection_diff,religion_ritual,2,0.1140384599566459,0.004110750722661578
embedding_matrix,en_50m__vs__en_fr_a,axis_abs_projection_diff,space_society,3,0.11869024236996963,0.006299539634802028
embedding_matrix,en_50m__vs__en_fr_a,axis_abs_projection_diff,values_norms,9,0.12298630177974695,0.00811253048325831
embedding_matrix,en_50m__vs__en_fr_b,axis_abs_projection_diff,food_cuisine,4,0.12880349904298777,0.015298451871998459
embedding_matrix,en_50m__vs__en_fr_b,axis_abs_projection_diff,other_axis,32,0.12482303450815374,0.016334555686387087
embedding_matrix,en_50m__vs__en_fr_b,axis_abs_projection_diff,religion_ritual,2,0.12248431146144859,0.016325497476997766
embedding_matrix,en_50m__vs__en_fr_b,axis_abs_projection_diff,space_society,3,0.11519641677538546,0.01287396175146041
embedding_matrix,en_50m__vs__en_fr_b,axis_abs_projection_diff,values_norms,9,0.12751740879482687,0.01737413865441218
embedding_matrix,en_50m__vs__en_ind_a,axis_abs_projection_diff,food_cuisine,4,0.13895969465374944,0.042643268894697495
embedding_matrix,en_50m__vs__en_ind_a,axis_abs_projection_diff,other_axis,32,0.12825730373151598,0.014920783763144561
embedding_matrix,en_50m__vs__en_ind_a,axis_abs_projection_diff,religion_ritual,2,0.13667166233062739,0.03910085362216322
embedding_matrix,en_50m__vs__en_ind_a,axis_abs_projection_diff,space_society,3,0.11977704366048177,0.010748182856741407
embedding_matrix,en_50m__vs__en_ind_a,axis_abs_projection_diff,values_norms,9,0.11968839002980121,0.007169415815006217
embedding_matrix,en_50m__vs__en_ind_b,axis_abs_projection_diff,food_cuisine,4,0.1262196339666843,0.03267726634504009
embedding_matrix,en_50m__vs__en_ind_b,axis_abs_projection_diff,other_axis,32,0.1221011108718812,0.012997654982651185
embedding_matrix,en_50m__vs__en_ind_b,axis_abs_projection_diff,religion_ritual,2,0.11804367974400515,0.021658944080028587
embedding_matrix,en_50m__vs__en_ind_b,axis_abs_projection_diff,space_society,3,0.12104813506205869,0.01328832094768699
embedding_matrix,en_50m__vs__en_ind_b,axis_abs_projection_diff,values_norms,9,0.11390575932131869,0.010777047723792633
embedding_matrix,en_50m__vs__en_nld_a,axis_abs_projection_diff,food_cuisine,4,0.13606456480920312,0.03179642609303811
embedding_matrix,en_50m__vs__en_nld_a,axis_abs_projection_diff,other_axis,32,0.13027728069573638,0.012525038855919723
embedding_matrix,en_50m__vs__en_nld_a,axis_abs_projection_diff,religion_ritual,2,0.12062390148639676,0.01808980670251237
embedding_matrix,en_50m__vs__en_nld_a,axis_abs_projection_diff,space_society,3,0.12249808758497234,0.018784479646281108
embedding_matrix,en_50m__vs__en_nld_a,axis_abs_projection_diff,values_norms,9,0.13607102384169895,0.009873341782904436
embedding_matrix,en_50m__vs__en_nld_b,axis_abs_projection_diff,food_cuisine,4,0.12210959941148755,0.021659783900041706
embedding_matrix,en_50m__vs__en_nld_b,axis_abs_projection_diff,other_axis,32,0.12281742226332422,0.015628793782293714
embedding_matrix,en_50m__vs__en_nld_b,axis_abs_projection_diff,religion_ritual,2,0.1275136731564998,0.04742117362217617
embedding_matrix,en_50m__vs__en_nld_b,axis_abs_projection_diff,space_society,3,0.11505469928185141,0.00844380850065239
embedding_matrix,en_50m__vs__en_nld_b,axis_abs_projection_diff,values_norms,9,0.12563507424460513,0.022965573510435773
embedding_matrix,en_50m__vs__en_ukr_a,axis_abs_projection_diff,food_cuisine,4,0.1388304736465215,0.015054280427093399
embedding_matrix,en_50m__vs__en_ukr_a,axis_abs_projection_diff,other_axis,32,0.15160718769766388,0.025794405417944383
embedding_matrix,en_50m__vs__en_ukr_a,axis_abs_projection_diff,religion_ritual,2,0.11637151241302485,0.023643391563671533
embedding_matrix,en_50m__vs__en_ukr_a,axis_abs_projection_diff,space_society,3,0.13684746623039243,0.009865205366283237
embedding_matrix,en_50m__vs__en_ukr_a,axis_abs_projection_diff,values_norms,9,0.1487361681130197,0.03611755146777598
embedding_matrix,en_50m__vs__en_ukr_b,axis_abs_projection_diff,food_cuisine,4,0.1530814096331596,0.04457060752958844
embedding_matrix,en_50m__vs__en_ukr_b,axis_abs_projection_diff,other_axis,32,0.13873959402553732,0.022341537792370525
embedding_matrix,en_50m__vs__en_ukr_b,axis_abs_projection_diff,religion_ritual,2,0.12822263315320015,0.012532929118813188
embedding_matrix,en_50m__vs__en_ukr_b,axis_abs_projection_diff,space_society,3,0.14587013423442838,0.017397129303692326
embedding_matrix,en_50m__vs__en_ukr_b,axis_abs_projection_diff,values_norms,9,0.1404132338033782,0.018640481079431215
embedding_matrix,en_50m__vs__en_zh_a,axis_abs_projection_diff,food_cuisine,4,0.14755292981863016,0.022159986690478747
embedding_matrix,en_50m__vs__en_zh_a,axis_abs_projection_diff,other_axis,32,0.14940015948377544,0.027029040010420734
embedding_matrix,en_50m__vs__en_zh_a,axis_abs_projection_diff,religion_ritual,2,0.1479951068758964,0.012640335093887163
embedding_matrix,en_50m__vs__en_zh_a,axis_abs_projection_diff,space_society,3,0.15093592802683511,0.02428688367625402
embedding_matrix,en_50m__vs__en_zh_a,axis_abs_projection_diff,values_norms,9,0.1477585360407829,0.023271499859556056
embedding_matrix,en_50m__vs__en_zh_b,axis_abs_projection_diff,food_cuisine,4,0.1366069391369819,0.01807339816005702
embedding_matrix,en_50m__vs__en_zh_b,axis_abs_projection_diff,other_axis,32,0.14822117448784405,0.025349898774939726
embedding_matrix,en_50m__vs__en_zh_b,axis_abs_projection_diff,religion_ritual,2,0.16485325247049326,0.035306804855924655
embedding_matrix,en_50m__vs__en_zh_b,axis_abs_projection_diff,space_society,3,0.15680955102046326,0.038241184393858
embedding_matrix,en_50m__vs__en_zh_b,axis_abs_projection_diff,values_norms,9,0.15327870763010445,0.02773847842946321
pre_lmhead_contextual,en_100m__vs__en_bul_a,axis_abs_projection_diff,food_cuisine,4,3.8449283838272095,1.7563504934796264
pre_lmhead_contextual,en_100m__vs__en_bul_a,axis_abs_projection_diff,other_axis,32,3.3634330853819847,1.7317667790353073
pre_lmhead_contextual,en_100m__vs__en_bul_a,axis_abs_projection_diff,religion_ritual,2,2.5333590507507324,0.30978102242901157
pre_lmhead_contextual,en_100m__vs__en_bul_a,axis_abs_projection_diff,space_society,3,3.3069531122843423,1.9729417457531935
pre_lmhead_contextual,en_100m__vs__en_bul_a,axis_abs_projection_diff,values_norms,9,3.9448836776945324,2.2318964060406086
pre_lmhead_contextual,en_100m__vs__en_bul_b,axis_abs_projection_diff,food_cuisine,4,4.357169210910797,2.8866023104606597
pre_lmhead_contextual,en_100m__vs__en_bul_b,axis_abs_projection_diff,other_axis,32,2.8639069385826588,1.641430129887931
pre_lmhead_contextual,en_100m__vs__en_bul_b,axis_abs_projection_diff,religion_ritual,2,2.8968619108200073,0.07445308224407048
pre_lmhead_contextual,en_100m__vs__en_bul_b,axis_abs_projection_diff,space_society,3,2.954643726348877,1.3691000953583183
pre_lmhead_contextual,en_100m__vs__en_bul_b,axis_abs_projection_diff,values_norms,9,4.03022837638855,1.8926061562734602
pre_lmhead_contextual,en_100m__vs__en_deu_a,axis_abs_projection_diff,food_cuisine,4,5.111244320869446,2.2958035222747566
pre_lmhead_contextual,en_100m__vs__en_deu_a,axis_abs_projection_diff,other_axis,32,3.518339864909649,1.799321704913019
pre_lmhead_contextual,en_100m__vs__en_deu_a,axis_abs_projection_diff,religion_ritual,2,2.237402558326721,0.016276944307513388
pre_lmhead_contextual,en_100m__vs__en_deu_a,axis_abs_projection_diff,space_society,3,2.880751291910807,0.5388946738112722
pre_lmhead_contextual,en_100m__vs__en_deu_a,axis_abs_projection_diff,values_norms,9,3.8543764220343695,1.510501504315173
pre_lmhead_contextual,en_100m__vs__en_deu_b,axis_abs_projection_diff,food_cuisine,4,4.40994656085968,2.0470031005389466
pre_lmhead_contextual,en_100m__vs__en_deu_b,axis_abs_projection_diff,other_axis,32,3.2813533656299114,1.4954399295037104
pre_lmhead_contextual,en_100m__vs__en_deu_b,axis_abs_projection_diff,religion_ritual,2,2.7891194820404053,0.30842220803302034
pre_lmhead_contextual,en_100m__vs__en_deu_b,axis_abs_projection_diff,space_society,3,2.1912883917490644,0.2884088767609932
pre_lmhead_contextual,en_100m__vs__en_deu_b,axis_abs_projection_diff,values_norms,9,4.486839479870266,1.7912741968703356
pre_lmhead_contextual,en_100m__vs__en_fas_a,axis_abs_projection_diff,food_cuisine,4,5.087755858898163,1.8658258585594956
pre_lmhead_contextual,en_100m__vs__en_fas_a,axis_abs_projection_diff,other_axis,32,3.6391010135412216,1.8987080381289527
pre_lmhead_contextual,en_100m__vs__en_fas_a,axis_abs_projection_diff,religion_ritual,2,3.2328418493270874,1.0532610396426427
pre_lmhead_contextual,en_100m__vs__en_fas_a,axis_abs_projection_diff,space_society,3,2.906479994455973,1.8472997410893177
pre_lmhead_contextual,en_100m__vs__en_fas_a,axis_abs_projection_diff,values_norms,9,3.7920300165812173,1.4803606007093544
pre_lmhead_contextual,en_100m__vs__en_fas_b,axis_abs_projection_diff,food_cuisine,4,5.2798285484313965,2.2051526088224986
pre_lmhead_contextual,en_100m__vs__en_fas_b,axis_abs_projection_diff,other_axis,32,3.54048378020525,1.490111383241706
pre_lmhead_contextual,en_100m__vs__en_fas_b,axis_abs_projection_diff,religion_ritual,2,1.608798861503601,0.010617971251652512
pre_lmhead_contextual,en_100m__vs__en_fas_b,axis_abs_projection_diff,space_society,3,2.870912035306295,1.4175822687751518
pre_lmhead_contextual,en_100m__vs__en_fas_b,axis_abs_projection_diff,values_norms,9,3.704970916112264,1.676877319134963
pre_lmhead_contextual,en_100m__vs__en_fr_a,axis_abs_projection_diff,food_cuisine,4,3.9730281829833984,2.270976725275671
pre_lmhead_contextual,en_100m__vs__en_fr_a,axis_abs_projection_diff,other_axis,32,3.3978729769587517,1.4820805793732648
pre_lmhead_contextual,en_100m__vs__en_fr_a,axis_abs_projection_diff,religion_ritual,2,2.6135206818580627,1.038378565964961
pre_lmhead_contextual,en_100m__vs__en_fr_a,axis_abs_projection_diff,space_society,3,3.934837500254313,2.111632873982338
pre_lmhead_contextual,en_100m__vs__en_fr_a,axis_abs_projection_diff,values_norms,9,3.5010349882973566,2.1622833736409044
pre_lmhead_contextual,en_100m__vs__en_fr_b,axis_abs_projection_diff,food_cuisine,4,3.576381802558899,2.7427801486438543
pre_lmhead_contextual,en_100m__vs__en_fr_b,axis_abs_projection_diff,other_axis,32,3.109601240605116,1.4878936608563218
pre_lmhead_contextual,en_100m__vs__en_fr_b,axis_abs_projection_diff,religion_ritual,2,1.8868886828422546,0.25863607464213295
pre_lmhead_contextual,en_100m__vs__en_fr_b,axis_abs_projection_diff,space_society,3,2.1280844608942666,0.9871144010175729
pre_lmhead_contextual,en_100m__vs__en_fr_b,axis_abs_projection_diff,values_norms,9,4.312792685296801,2.518433182703186
pre_lmhead_contextual,en_100m__vs__en_ind_a,axis_abs_projection_diff,food_cuisine,4,4.878887951374054,2.878061670972731
pre_lmhead_contextual,en_100m__vs__en_ind_a,axis_abs_projection_diff,other_axis,32,3.1338593624532223,1.2593574890589876
pre_lmhead_contextual,en_100m__vs__en_ind_a,axis_abs_projection_diff,religion_ritual,2,2.110514998435974,0.14124538471540682
pre_lmhead_contextual,en_100m__vs__en_ind_a,axis_abs_projection_diff,space_society,3,2.89644193649292,0.694693958073551
pre_lmhead_contextual,en_100m__vs__en_ind_a,axis_abs_projection_diff,values_norms,9,3.952860222922431,1.766322670734344
pre_lmhead_contextual,en_100m__vs__en_ind_b,axis_abs_projection_diff,food_cuisine,4,5.072161793708801,0.6409368516611474
pre_lmhead_contextual,en_100m__vs__en_ind_b,axis_abs_projection_diff,other_axis,32,2.977193046361208,1.29952131664639
pre_lmhead_contextual,en_100m__vs__en_ind_b,axis_abs_projection_diff,religion_ritual,2,2.7519932985305786,0.21389272738187656
pre_lmhead_contextual,en_100m__vs__en_ind_b,axis_abs_projection_diff,space_society,3,2.5456233421961465,1.3921176824447206
pre_lmhead_contextual,en_100m__vs__en_ind_b,axis_abs_projection_diff,values_norms,9,3.9535518487294516,1.8885369236796943
pre_lmhead_contextual,en_100m__vs__en_nld_a,axis_abs_projection_diff,food_cuisine,4,4.123886585235596,1.6926963630808995
pre_lmhead_contextual,en_100m__vs__en_nld_a,axis_abs_projection_diff,other_axis,32,3.1622019931674004,1.4682020079048228
pre_lmhead_contextual,en_100m__vs__en_nld_a,axis_abs_projection_diff,religion_ritual,2,2.320238411426544,1.2789888549674697
pre_lmhead_contextual,en_100m__vs__en_nld_a,axis_abs_projection_diff,space_society,3,3.290927529335022,2.24622707304994
pre_lmhead_contextual,en_100m__vs__en_nld_a,axis_abs_projection_diff,values_norms,9,3.4016724030176797,2.014124073311607
pre_lmhead_contextual,en_100m__vs__en_nld_b,axis_abs_projection_diff,food_cuisine,4,3.461098551750183,1.0989895968281977
pre_lmhead_contextual,en_100m__vs__en_nld_b,axis_abs_projection_diff,other_axis,32,3.024390120059252,1.1952668415407224
pre_lmhead_contextual,en_100m__vs__en_nld_b,axis_abs_projection_diff,religion_ritual,2,2.0229380130767822,0.6808671648280291
pre_lmhead_contextual,en_100m__vs__en_nld_b,axis_abs_projection_diff,space_society,3,2.601539373397827,2.302021049671183
pre_lmhead_contextual,en_100m__vs__en_nld_b,axis_abs_projection_diff,values_norms,9,4.356346845626831,1.5671554891363393
pre_lmhead_contextual,en_100m__vs__en_ukr_a,axis_abs_projection_diff,food_cuisine,4,6.80512535572052,3.3996962540559417
pre_lmhead_contextual,en_100m__vs__en_ukr_a,axis_abs_projection_diff,other_axis,32,3.69794038310647,2.118183823432775
pre_lmhead_contextual,en_100m__vs__en_ukr_a,axis_abs_projection_diff,religion_ritual,2,2.276175379753113,0.13617933352439734
pre_lmhead_contextual,en_100m__vs__en_ukr_a,axis_abs_projection_diff,space_society,3,2.9813005526860556,1.8471574886832958
pre_lmhead_contextual,en_100m__vs__en_ukr_a,axis_abs_projection_diff,values_norms,9,4.198554701275295,2.2395786624147984
pre_lmhead_contextual,en_100m__vs__en_ukr_b,axis_abs_projection_diff,food_cuisine,4,4.060644745826721,2.4555127018528675
pre_lmhead_contextual,en_100m__vs__en_ukr_b,axis_abs_projection_diff,other_axis,32,3.1337825730443,1.6167394172190166
pre_lmhead_contextual,en_100m__vs__en_ukr_b,axis_abs_projection_diff,religion_ritual,2,2.308163344860077,0.6644832518189953
pre_lmhead_contextual,en_100m__vs__en_ukr_b,axis_abs_projection_diff,space_society,3,3.0592377185821533,1.425606210109207
pre_lmhead_contextual,en_100m__vs__en_ukr_b,axis_abs_projection_diff,values_norms,9,4.091294553544786,1.7593750710169211
pre_lmhead_contextual,en_100m__vs__en_zh_a,axis_abs_projection_diff,food_cuisine,4,4.337807387113571,2.5507288182246888
pre_lmhead_contextual,en_100m__vs__en_zh_a,axis_abs_projection_diff,other_axis,32,3.5550693832337856,1.4412837774134328
pre_lmhead_contextual,en_100m__vs__en_zh_a,axis_abs_projection_diff,religion_ritual,2,2.394285559654236,0.27124076403889175
pre_lmhead_contextual,en_100m__vs__en_zh_a,axis_abs_projection_diff,space_society,3,4.534759521484375,3.2361334962125525
pre_lmhead_contextual,en_100m__vs__en_zh_a,axis_abs_projection_diff,values_norms,9,3.3249046272701688,1.3382215178334096
pre_lmhead_contextual,en_100m__vs__en_zh_b,axis_abs_projection_diff,food_cuisine,4,5.547049283981323,3.0187583600811183
pre_lmhead_contextual,en_100m__vs__en_zh_b,axis_abs_projection_diff,other_axis,32,3.2791003547608852,1.4681005016593607
pre_lmhead_contextual,en_100m__vs__en_zh_b,axis_abs_projection_diff,religion_ritual,2,2.5318528413772583,0.4173729915454397
pre_lmhead_contextual,en_100m__vs__en_zh_b,axis_abs_projection_diff,space_society,3,3.9889896710713706,2.3596997783706275
pre_lmhead_contextual,en_100m__vs__en_zh_b,axis_abs_projection_diff,values_norms,9,3.9586844709184437,1.3750428341033532
pre_lmhead_contextual,en_50m__vs__en_bul_a,axis_abs_projection_diff,food_cuisine,4,2.410688132047653,1.0744749310483628
pre_lmhead_contextual,en_50m__vs__en_bul_a,axis_abs_projection_diff,other_axis,32,2.415269110351801,1.0457048947383232
pre_lmhead_contextual,en_50m__vs__en_bul_a,axis_abs_projection_diff,religion_ritual,2,2.0338497161865234,0.5078122048422983
pre_lmhead_contextual,en_50m__vs__en_bul_a,axis_abs_projection_diff,space_society,3,2.0159361759821572,0.3578089805922411
pre_lmhead_contextual,en_50m__vs__en_bul_a,axis_abs_projection_diff,values_norms,9,1.8643798960579767,0.3315031369756705
pre_lmhead_contextual,en_50m__vs__en_bul_b,axis_abs_projection_diff,food_cuisine,4,3.1395604014396667,1.1045867885737988
pre_lmhead_contextual,en_50m__vs__en_bul_b,axis_abs_projection_diff,other_axis,32,2.7300959564745426,1.2880629709561457
pre_lmhead_contextual,en_50m__vs__en_bul_b,axis_abs_projection_diff,religion_ritual,2,2.123632490634918,0.2365013927411814
pre_lmhead_contextual,en_50m__vs__en_bul_b,axis_abs_projection_diff,space_society,3,1.755281885464986,0.3443786396600024
pre_lmhead_contextual,en_50m__vs__en_bul_b,axis_abs_projection_diff,values_norms,9,1.7699055804146662,0.5522442049774894
pre_lmhead_contextual,en_50m__vs__en_deu_a,axis_abs_projection_diff,food_cuisine,4,2.5216310024261475,0.8137871848190755
pre_lmhead_contextual,en_50m__vs__en_deu_a,axis_abs_projection_diff,other_axis,32,2.661798559129238,1.0850585015451508
pre_lmhead_contextual,en_50m__vs__en_deu_a,axis_abs_projection_diff,religion_ritual,2,2.1327220797538757,0.43128912228046395
pre_lmhead_contextual,en_50m__vs__en_deu_a,axis_abs_projection_diff,space_society,3,2.8848888079325357,0.7452127261385412
pre_lmhead_contextual,en_50m__vs__en_deu_a,axis_abs_projection_diff,values_norms,9,2.0888725254270764,0.6433518503671406
pre_lmhead_contextual,en_50m__vs__en_deu_b,axis_abs_projection_diff,food_cuisine,4,3.1204589009284973,1.1326801340673962
pre_lmhead_contextual,en_50m__vs__en_deu_b,axis_abs_projection_diff,other_axis,32,2.265399996191263,0.6673418552485987
pre_lmhead_contextual,en_50m__vs__en_deu_b,axis_abs_projection_diff,religion_ritual,2,2.691450297832489,0.9901691461768659
pre_lmhead_contextual,en_50m__vs__en_deu_b,axis_abs_projection_diff,space_society,3,2.0847697655359902,0.5880634796231033
pre_lmhead_contextual,en_50m__vs__en_deu_b,axis_abs_projection_diff,values_norms,9,2.455950763490465,0.8726722106966615
pre_lmhead_contextual,en_50m__vs__en_fas_a,axis_abs_projection_diff,food_cuisine,4,2.474879175424576,0.9060618640360082
pre_lmhead_contextual,en_50m__vs__en_fas_a,axis_abs_projection_diff,other_axis,32,2.6419113501906395,1.2326799936225792
pre_lmhead_contextual,en_50m__vs__en_fas_a,axis_abs_projection_diff,religion_ritual,2,2.6957541704177856,0.4277013296541254
pre_lmhead_contextual,en_50m__vs__en_fas_a,axis_abs_projection_diff,space_society,3,1.5555716753005981,0.2726204241585289
pre_lmhead_contextual,en_50m__vs__en_fas_a,axis_abs_projection_diff,values_norms,9,2.101882722642687,1.0218896540542277
pre_lmhead_contextual,en_50m__vs__en_fas_b,axis_abs_projection_diff,food_cuisine,4,1.8663091361522675,0.5170523041812924
pre_lmhead_contextual,en_50m__vs__en_fas_b,axis_abs_projection_diff,other_axis,32,2.438930295407772,1.0795566169532707
pre_lmhead_contextual,en_50m__vs__en_fas_b,axis_abs_projection_diff,religion_ritual,2,2.2293338775634766,1.266842554695115
pre_lmhead_contextual,en_50m__vs__en_fas_b,axis_abs_projection_diff,space_society,3,2.01870850721995,0.9073835241864273
pre_lmhead_contextual,en_50m__vs__en_fas_b,axis_abs_projection_diff,values_norms,9,2.2049578958087497,0.7722002835725419
pre_lmhead_contextual,en_50m__vs__en_fr_a,axis_abs_projection_diff,food_cuisine,4,2.6457772850990295,0.9574268703583454
pre_lmhead_contextual,en_50m__vs__en_fr_a,axis_abs_projection_diff,other_axis,32,2.389532931149006,0.897578765990226
pre_lmhead_contextual,en_50m__vs__en_fr_a,axis_abs_projection_diff,religion_ritual,2,2.2307783365249634,0.024850961993780955
pre_lmhead_contextual,en_50m__vs__en_fr_a,axis_abs_projection_diff,space_society,3,2.3152350584665933,1.418644672889033
pre_lmhead_contextual,en_50m__vs__en_fr_a,axis_abs_projection_diff,values_norms,9,2.009136372142368,0.6498284954864179
pre_lmhead_contextual,en_50m__vs__en_fr_b,axis_abs_projection_diff,food_cuisine,4,3.4641155004501343,0.7083700419704796
pre_lmhead_contextual,en_50m__vs__en_fr_b,axis_abs_projection_diff,other_axis,32,2.5830295458436012,1.1514953975893143
pre_lmhead_contextual,en_50m__vs__en_fr_b,axis_abs_projection_diff,religion_ritual,2,2.2788520455360413,0.5726923047966953
pre_lmhead_contextual,en_50m__vs__en_fr_b,axis_abs_projection_diff,space_society,3,2.709655443827311,1.3582202313775984
pre_lmhead_contextual,en_50m__vs__en_fr_b,axis_abs_projection_diff,values_norms,9,2.027563465966119,0.705068765840176
pre_lmhead_contextual,en_50m__vs__en_ind_a,axis_abs_projection_diff,food_cuisine,4,3.0778645277023315,0.809631282895558
pre_lmhead_contextual,en_50m__vs__en_ind_a,axis_abs_projection_diff,other_axis,32,2.3533203341066837,0.9728120530237914
pre_lmhead_contextual,en_50m__vs__en_ind_a,axis_abs_projection_diff,religion_ritual,2,2.953978419303894,1.6056035815728231
pre_lmhead_contextual,en_50m__vs__en_ind_a,axis_abs_projection_diff,space_society,3,2.4965463479359946,0.3820369083508744
pre_lmhead_contextual,en_50m__vs__en_ind_a,axis_abs_projection_diff,values_norms,9,1.7179271512561374,0.46183993583959476
pre_lmhead_contextual,en_50m__vs__en_ind_b,axis_abs_projection_diff,food_cuisine,4,1.8939720392227173,0.504943108837331
pre_lmhead_contextual,en_50m__vs__en_ind_b,axis_abs_projection_diff,other_axis,32,2.862749982625246,1.482931974860493
pre_lmhead_contextual,en_50m__vs__en_ind_b,axis_abs_projection_diff,religion_ritual,2,2.1434487104415894,0.7837899374790265
pre_lmhead_contextual,en_50m__vs__en_ind_b,axis_abs_projection_diff,space_society,3,2.42656139532725,1.1386260964315056
pre_lmhead_contextual,en_50m__vs__en_ind_b,axis_abs_projection_diff,values_norms,9,1.8267322248882718,0.46721473222591614
pre_lmhead_contextual,en_50m__vs__en_nld_a,axis_abs_projection_diff,food_cuisine,4,2.8095636069774628,1.7419248319707776
pre_lmhead_contextual,en_50m__vs__en_nld_a,axis_abs_projection_diff,other_axis,32,2.395332831889391,1.0963443148216208
pre_lmhead_contextual,en_50m__vs__en_nld_a,axis_abs_projection_diff,religion_ritual,2,2.5429495573043823,1.1618421109999246
pre_lmhead_contextual,en_50m__vs__en_nld_a,axis_abs_projection_diff,space_society,3,2.046099384625753,0.8670184203727863
pre_lmhead_contextual,en_50m__vs__en_nld_a,axis_abs_projection_diff,values_norms,9,2.1379492150412664,1.0711342367999588
pre_lmhead_contextual,en_50m__vs__en_nld_b,axis_abs_projection_diff,food_cuisine,4,2.6587142646312714,0.9928645053033202
pre_lmhead_contextual,en_50m__vs__en_nld_b,axis_abs_projection_diff,other_axis,32,2.528462553396821,1.2945027947859609
pre_lmhead_contextual,en_50m__vs__en_nld_b,axis_abs_projection_diff,religion_ritual,2,2.3534271717071533,1.4342316295418294
pre_lmhead_contextual,en_50m__vs__en_nld_b,axis_abs_projection_diff,space_society,3,1.3305909633636475,0.2679211145664643
pre_lmhead_contextual,en_50m__vs__en_nld_b,axis_abs_projection_diff,values_norms,9,2.3504428995980158,0.6295706727814991
pre_lmhead_contextual,en_50m__vs__en_ukr_a,axis_abs_projection_diff,food_cuisine,4,4.33666405081749,3.0619725472774575
pre_lmhead_contextual,en_50m__vs__en_ukr_a,axis_abs_projection_diff,other_axis,32,2.9705024361610413,1.7065438229675671
pre_lmhead_contextual,en_50m__vs__en_ukr_a,axis_abs_projection_diff,religion_ritual,2,1.7914337515830994,0.8326538978244957
pre_lmhead_contextual,en_50m__vs__en_ukr_a,axis_abs_projection_diff,space_society,3,1.6716347932815552,0.3897745760392279
pre_lmhead_contextual,en_50m__vs__en_ukr_a,axis_abs_projection_diff,values_norms,9,2.1373055511050754,0.9176330771537061
pre_lmhead_contextual,en_50m__vs__en_ukr_b,axis_abs_projection_diff,food_cuisine,4,2.679493248462677,0.50213232384045
pre_lmhead_contextual,en_50m__vs__en_ukr_b,axis_abs_projection_diff,other_axis,32,2.3917991034686565,1.0063485374949195
pre_lmhead_contextual,en_50m__vs__en_ukr_b,axis_abs_projection_diff,religion_ritual,2,1.2477343082427979,0.26925564747402864
pre_lmhead_contextual,en_50m__vs__en_ukr_b,axis_abs_projection_diff,space_society,3,1.8827671607335408,0.305253431950946
pre_lmhead_contextual,en_50m__vs__en_ukr_b,axis_abs_projection_diff,values_norms,9,2.130999286969503,0.8984837629331109
pre_lmhead_contextual,en_50m__vs__en_zh_a,axis_abs_projection_diff,food_cuisine,4,2.4955140948295593,0.5500332805391523
pre_lmhead_contextual,en_50m__vs__en_zh_a,axis_abs_projection_diff,other_axis,32,2.427061203867197,0.8198304122063248
pre_lmhead_contextual,en_50m__vs__en_zh_a,axis_abs_projection_diff,religion_ritual,2,2.0527827739715576,0.7540721945939949
pre_lmhead_contextual,en_50m__vs__en_zh_a,axis_abs_projection_diff,space_society,3,2.7172701358795166,1.0212904425683877
pre_lmhead_contextual,en_50m__vs__en_zh_a,axis_abs_projection_diff,values_norms,9,2.20038202073839,1.1285253457128819
pre_lmhead_contextual,en_50m__vs__en_zh_b,axis_abs_projection_diff,food_cuisine,4,2.3489103615283966,1.1589462750247068
pre_lmhead_contextual,en_50m__vs__en_zh_b,axis_abs_projection_diff,other_axis,32,2.265700835734606,0.7546975396160386
pre_lmhead_contextual,en_50m__vs__en_zh_b,axis_abs_projection_diff,religion_ritual,2,3.04886257648468,1.0572872437871914
pre_lmhead_contextual,en_50m__vs__en_zh_b,axis_abs_projection_diff,space_society,3,2.4114980697631836,0.4239136037497791
pre_lmhead_contextual,en_50m__vs__en_zh_b,axis_abs_projection_diff,values_norms,9,2.0402175320519342,0.4068008887477451
