repr_type,pair,axis,mean_abs_projection_diff,mean_rel_projection_diff,mean_signed_projection_diff
embedding_matrix,en_50m__vs__en_zh_a,elder->youth,0.20854973793029785,0.7206360697746277,-0.17355671525001526
embedding_matrix,en_50m__vs__en_zh_a,kin->stranger,0.19109204411506653,0.7219095826148987,0.1037093922495842
embedding_matrix,en_50m__vs__en_zh_a,prayer->reason,0.18872812390327454,0.685876727104187,0.12382080405950546
embedding_matrix,en_50m__vs__en_zh_a,solidarity->competition,0.18660791218280792,0.6891759037971497,-0.10005051642656326
embedding_matrix,en_50m__vs__en_zh_a,ancestor->novelty,0.1853141039609909,0.760958731174469,-0.1461927741765976
embedding_matrix,en_50m__vs__en_zh_a,restraint->indulgence,0.18234312534332275,0.7196296453475952,0.011050321161746979
embedding_matrix,en_50m__vs__en_zh_a,authority->deliberation,0.1817232072353363,0.6878342032432556,-0.10518527030944824
embedding_matrix,en_50m__vs__en_zh_a,lotus->rose,0.17710235714912415,0.6608654856681824,0.027730781584978104
embedding_matrix,en_50m__vs__en_zh_a,fasting->feasting,0.17357397079467773,0.6722148656845093,-0.05122557654976845
embedding_matrix,en_50m__vs__en_zh_a,individualism->collectivism,0.1708364188671112,0.6671774983406067,0.08533377200365067
embedding_matrix,en_50m__vs__en_zh_a,taboo->permissive,0.17001600563526154,0.6138224005699158,0.1246902197599411
embedding_matrix,en_50m__vs__en_zh_a,certainty->ambiguity,0.16849961876869202,0.7310861349105835,0.02451217919588089
embedding_matrix,en_50m__vs__en_zh_a,indigenous->diaspora,0.16623122990131378,0.6157877445220947,-0.003479090752080083
embedding_matrix,en_50m__vs__en_zh_a,patronage->meritocracy,0.16409832239151,0.6865832805633545,-0.047691818326711655
embedding_matrix,en_50m__vs__en_zh_a,spicy->mild,0.1632213592529297,0.7490614652633667,-0.055393051356077194
embedding_matrix,en_50m__vs__en_zh_a,script->image,0.1604204624891281,0.7231007814407349,0.06645649671554565
embedding_matrix,en_50m__vs__en_zh_a,rice->bread,0.1589524745941162,0.7507787942886353,-0.032502517104148865
embedding_matrix,en_50m__vs__en_zh_a,clan->individual,0.157545804977417,0.5810345411300659,-0.026604587212204933
embedding_matrix,en_50m__vs__en_zh_a,sacred->secular,0.15693317353725433,0.7326064109802246,-0.08342355489730835
embedding_matrix,en_50m__vs__en_zh_a,tradition->modernity,0.15395189821720123,0.5792806148529053,0.03160322830080986
embedding_matrix,en_50m__vs__en_zh_a,federal->centralized,0.15395012497901917,0.6479361653327942,0.09128018468618393
embedding_matrix,en_50m__vs__en_zh_a,vegetarian->meat,0.15314233303070068,0.6752057671546936,-0.05495214834809303
embedding_matrix,en_50m__vs__en_zh_a,assimilation->pluralism,0.1524645835161209,0.5936718583106995,-0.0730297863483429
embedding_matrix,en_50m__vs__en_zh_a,obedience->autonomy,0.15210787951946259,0.7172105312347412,-0.044462401419878006
embedding_matrix,en_50m__vs__en_zh_a,modest->revealing,0.15074633061885834,0.6624210476875305,0.05129712447524071
embedding_matrix,en_50m__vs__en_zh_a,mother->father,0.14922292530536652,0.7340856194496155,-0.09111858904361725
embedding_matrix,en_50m__vs__en_zh_a,ornate->plain,0.14744839072227478,0.6498057246208191,-0.055079322308301926
embedding_matrix,en_50m__vs__en_zh_a,pilgrim->spectator,0.145790696144104,0.5998679995536804,0.030811751261353493
embedding_matrix,en_50m__vs__en_zh_a,conformity->dissent,0.14542418718338013,0.7427263259887695,-0.03512217476963997
embedding_matrix,en_50m__vs__en_zh_a,formal->casual,0.14379623532295227,0.6608790755271912,-0.07156830281019211
embedding_matrix,en_50m__vs__en_zh_a,mourning->celebration,0.13969092071056366,0.7139732837677002,-0.03051050938665867
embedding_matrix,en_50m__vs__en_zh_a,ritual->routine,0.13905704021453857,0.6636366248130798,-0.018019016832113266
embedding_matrix,en_50m__vs__en_zh_a,uniform->personalized,0.13853392004966736,0.6744070053100586,0.030791154131293297
embedding_matrix,en_50m__vs__en_zh_a,lunar->solar,0.13552036881446838,0.7120593190193176,-0.013732959516346455
embedding_matrix,en_50m__vs__en_zh_a,black->gold,0.13464559614658356,0.6809583306312561,-0.04943961277604103
embedding_matrix,en_50m__vs__en_zh_a,hierarchy->equality,0.13113822042942047,0.6771301031112671,-0.0392136387526989
embedding_matrix,en_50m__vs__en_zh_a,lineage->mobility,0.13072842359542847,0.7076188921928406,-0.054785601794719696
embedding_matrix,en_50m__vs__en_zh_a,dragon->eagle,0.12949597835540771,0.6483736634254456,-0.014268909581005573
embedding_matrix,en_50m__vs__en_zh_a,majority->minority,0.12679283320903778,0.6545416116714478,0.030677340924739838
embedding_matrix,en_50m__vs__en_zh_a,local->global,0.1252819150686264,0.6931025385856628,-0.058266494423151016
embedding_matrix,en_50m__vs__en_zh_a,democracy->monarchy,0.12408045679330826,0.7599883079528809,0.0039854696951806545
embedding_matrix,en_50m__vs__en_zh_a,fermented->fresh,0.12126954644918442,0.6660489439964294,-0.05609501898288727
embedding_matrix,en_50m__vs__en_zh_a,veiled->unveiled,0.11913750320672989,0.6657063961029053,0.008630907163023949
embedding_matrix,en_50m__vs__en_zh_a,customary->codified,0.11886214464902878,0.7375974059104919,-0.029836531728506088
embedding_matrix,en_50m__vs__en_zh_a,duty->freedom,0.1177721619606018,0.6684206128120422,-0.02453378215432167
embedding_matrix,en_50m__vs__en_zh_a,white->red,0.11656619608402252,0.704976499080658,-0.013404806144535542
embedding_matrix,en_50m__vs__en_zh_a,honor->shame,0.11607088893651962,0.6846765279769897,0.016798844560980797
embedding_matrix,en_50m__vs__en_zh_a,tea->coffee,0.11489555239677429,0.7142585515975952,0.01312658004462719
embedding_matrix,en_50m__vs__en_zh_a,homeland->migration,0.10715609043836594,0.6811970472335815,-0.010237287729978561
embedding_matrix,en_50m__vs__en_zh_a,pilgrimage->tourism,0.10311084985733032,0.6746957302093506,0.010008642449975014
embedding_matrix,en_50m__vs__en_zh_b,dragon->eagle,0.20087963342666626,0.7714554667472839,-0.040300797671079636
embedding_matrix,en_50m__vs__en_zh_b,pilgrim->spectator,0.19787919521331787,0.6437029838562012,0.07863979786634445
embedding_matrix,en_50m__vs__en_zh_b,uniform->personalized,0.19474022090435028,0.7817693948745728,0.1677486002445221
embedding_matrix,en_50m__vs__en_zh_b,ritual->routine,0.18981893360614777,0.7953467965126038,0.12157401442527771
embedding_matrix,en_50m__vs__en_zh_b,tradition->modernity,0.18793918192386627,0.5955429673194885,0.06524503976106644
embedding_matrix,en_50m__vs__en_zh_b,ancestor->novelty,0.18456706404685974,0.7714785933494568,-0.12660259008407593
embedding_matrix,en_50m__vs__en_zh_b,authority->deliberation,0.18388140201568604,0.6867049336433411,-0.11098787188529968
embedding_matrix,en_50m__vs__en_zh_b,taboo->permissive,0.18285873532295227,0.6186933517456055,-0.021509425714612007
embedding_matrix,en_50m__vs__en_zh_b,prayer->reason,0.18193376064300537,0.7149116396903992,0.04570133611559868
embedding_matrix,en_50m__vs__en_zh_b,majority->minority,0.18117520213127136,0.7432098388671875,-0.08807587623596191
embedding_matrix,en_50m__vs__en_zh_b,veiled->unveiled,0.1766752302646637,0.7132366895675659,0.07347793877124786
embedding_matrix,en_50m__vs__en_zh_b,individualism->collectivism,0.1762586086988449,0.7203654050827026,0.06805107742547989
embedding_matrix,en_50m__vs__en_zh_b,modest->revealing,0.1729884147644043,0.6821853518486023,0.06855199486017227
embedding_matrix,en_50m__vs__en_zh_b,fasting->feasting,0.16836664080619812,0.6832885146141052,-0.12157058715820312
embedding_matrix,en_50m__vs__en_zh_b,restraint->indulgence,0.16819576919078827,0.6605987548828125,0.03690020740032196
embedding_matrix,en_50m__vs__en_zh_b,lotus->rose,0.16625021398067474,0.7078017592430115,-0.05980141460895538
embedding_matrix,en_50m__vs__en_zh_b,clan->individual,0.16102559864521027,0.601854681968689,-0.031006501987576485
embedding_matrix,en_50m__vs__en_zh_b,obedience->autonomy,0.1574370115995407,0.7673403024673462,-0.007017733529210091
embedding_matrix,en_50m__vs__en_zh_b,customary->codified,0.15737198293209076,0.7455108761787415,0.04707548767328262
embedding_matrix,en_50m__vs__en_zh_b,spicy->mild,0.15296027064323425,0.7968506813049316,-0.08878685534000397
embedding_matrix,en_50m__vs__en_zh_b,homeland->migration,0.1524316668510437,0.7202728390693665,-0.053063444793224335
embedding_matrix,en_50m__vs__en_zh_b,democracy->monarchy,0.15096938610076904,0.763674795627594,-0.043369416147470474
embedding_matrix,en_50m__vs__en_zh_b,vegetarian->meat,0.14797936379909515,0.6629616618156433,-0.046201273798942566
embedding_matrix,en_50m__vs__en_zh_b,assimilation->pluralism,0.14222627878189087,0.6073676943778992,-0.028305239975452423
embedding_matrix,en_50m__vs__en_zh_b,mourning->celebration,0.14212912321090698,0.746081531047821,0.018780818209052086
embedding_matrix,en_50m__vs__en_zh_b,sacred->secular,0.13988757133483887,0.6905560493469238,0.0019358507124707103
embedding_matrix,en_50m__vs__en_zh_b,lunar->solar,0.13886462152004242,0.6963030099868774,-0.04094381257891655
embedding_matrix,en_50m__vs__en_zh_b,ornate->plain,0.13855600357055664,0.7044790983200073,0.022509386762976646
embedding_matrix,en_50m__vs__en_zh_b,pilgrimage->tourism,0.13816337287425995,0.6784945130348206,-0.06582663208246231
embedding_matrix,en_50m__vs__en_zh_b,black->gold,0.13526074588298798,0.6588031053543091,0.0006244640098884702
embedding_matrix,en_50m__vs__en_zh_b,certainty->ambiguity,0.13514354825019836,0.6851957440376282,0.037066955119371414
embedding_matrix,en_50m__vs__en_zh_b,indigenous->diaspora,0.13458910584449768,0.5894710421562195,0.013055789284408092
embedding_matrix,en_50m__vs__en_zh_b,tea->coffee,0.13271453976631165,0.7127587199211121,-0.022536952048540115
embedding_matrix,en_50m__vs__en_zh_b,formal->casual,0.1321936845779419,0.6652836203575134,0.039802491664886475
embedding_matrix,en_50m__vs__en_zh_b,elder->youth,0.13070259988307953,0.6270188093185425,-0.041520070284605026
embedding_matrix,en_50m__vs__en_zh_b,patronage->meritocracy,0.1293441504240036,0.6697972416877747,0.0009098510490730405
embedding_matrix,en_50m__vs__en_zh_b,honor->shame,0.1281856745481491,0.7648271322250366,-0.03516363352537155
embedding_matrix,en_50m__vs__en_zh_b,solidarity->competition,0.1279224008321762,0.6154701709747314,0.005673496052622795
embedding_matrix,en_50m__vs__en_zh_b,hierarchy->equality,0.1270044893026352,0.7264031767845154,0.031708989292383194
embedding_matrix,en_50m__vs__en_zh_b,federal->centralized,0.12677569687366486,0.6261226534843445,-0.03189631551504135
embedding_matrix,en_50m__vs__en_zh_b,kin->stranger,0.1260247677564621,0.6011056303977966,-0.03523183986544609
embedding_matrix,en_50m__vs__en_zh_b,fermented->fresh,0.1258482187986374,0.6432281136512756,-0.0312319565564394
embedding_matrix,en_50m__vs__en_zh_b,script->image,0.1251661628484726,0.691953182220459,0.0364079475402832
embedding_matrix,en_50m__vs__en_zh_b,duty->freedom,0.1216312125325203,0.6960307359695435,-0.012258009053766727
embedding_matrix,en_50m__vs__en_zh_b,mother->father,0.12071450799703598,0.6594444513320923,0.04575292021036148
embedding_matrix,en_50m__vs__en_zh_b,white->red,0.11891859024763107,0.7358772158622742,0.050841089338064194
embedding_matrix,en_50m__vs__en_zh_b,lineage->mobility,0.11495108902454376,0.7286516427993774,-0.04097763076424599
embedding_matrix,en_50m__vs__en_zh_b,conformity->dissent,0.11475080996751785,0.7464641332626343,-0.019162917509675026
embedding_matrix,en_50m__vs__en_zh_b,local->global,0.11412283033132553,0.6870907545089722,-0.0004349822993390262
embedding_matrix,en_50m__vs__en_zh_b,rice->bread,0.1127735823392868,0.6911166906356812,0.027541864663362503
embedding_matrix,en_50m__vs__en_fr_a,spicy->mild,0.1636641025543213,0.7504854202270508,-0.0830414742231369
embedding_matrix,en_50m__vs__en_fr_a,mourning->celebration,0.15904761850833893,0.7537925243377686,0.05319816991686821
embedding_matrix,en_50m__vs__en_fr_a,restraint->indulgence,0.14884644746780396,0.6892890334129333,0.05336213856935501
embedding_matrix,en_50m__vs__en_fr_a,pilgrimage->tourism,0.14381827414035797,0.7337601780891418,0.04644835740327835
embedding_matrix,en_50m__vs__en_fr_a,formal->casual,0.14121674001216888,0.6483563184738159,-0.003113638376817107
embedding_matrix,en_50m__vs__en_fr_a,federal->centralized,0.13819381594657898,0.6334975361824036,0.05193004012107849
embedding_matrix,en_50m__vs__en_fr_a,lotus->rose,0.13711510598659515,0.6414570212364197,-0.03834536299109459
embedding_matrix,en_50m__vs__en_fr_a,authority->deliberation,0.13692407310009003,0.6410113573074341,-0.046000007539987564
embedding_matrix,en_50m__vs__en_fr_a,lineage->mobility,0.13687929511070251,0.73381108045578,-0.02194913476705551
embedding_matrix,en_50m__vs__en_fr_a,dragon->eagle,0.13536204397678375,0.711547315120697,-0.03602446988224983
embedding_matrix,en_50m__vs__en_fr_a,customary->codified,0.13367022573947906,0.714011013507843,0.07129555940628052
embedding_matrix,en_50m__vs__en_fr_a,ornate->plain,0.133403941988945,0.6555936336517334,-0.029261061921715736
embedding_matrix,en_50m__vs__en_fr_a,pilgrim->spectator,0.13310198485851288,0.5711206793785095,-0.010638749226927757
embedding_matrix,en_50m__vs__en_fr_a,elder->youth,0.13308091461658478,0.7159703373908997,-0.03896363452076912
embedding_matrix,en_50m__vs__en_fr_a,modest->revealing,0.1318158060312271,0.6286793947219849,0.025958720594644547
embedding_matrix,en_50m__vs__en_fr_a,ancestor->novelty,0.1310252994298935,0.7030691504478455,-0.017371630296111107
embedding_matrix,en_50m__vs__en_fr_a,prayer->reason,0.12999261915683746,0.6353675723075867,0.030666084960103035
embedding_matrix,en_50m__vs__en_fr_a,certainty->ambiguity,0.12970362603664398,0.7256507277488708,0.022550981491804123
embedding_matrix,en_50m__vs__en_fr_a,indigenous->diaspora,0.12943701446056366,0.5773349404335022,-0.011764667928218842
embedding_matrix,en_50m__vs__en_fr_a,individualism->collectivism,0.12906506657600403,0.5992353558540344,0.07199475169181824
embedding_matrix,en_50m__vs__en_fr_a,hierarchy->equality,0.12842430174350739,0.7436162233352661,-0.06710217148065567
embedding_matrix,en_50m__vs__en_fr_a,kin->stranger,0.12708339095115662,0.6349140405654907,0.04554126039147377
embedding_matrix,en_50m__vs__en_fr_a,clan->individual,0.12611085176467896,0.5460741519927979,-0.019962770864367485
embedding_matrix,en_50m__vs__en_fr_a,fermented->fresh,0.1253291666507721,0.6454100608825684,-0.04993002861738205
embedding_matrix,en_50m__vs__en_fr_a,rice->bread,0.12491198629140854,0.7441363334655762,-0.053238656371831894
embedding_matrix,en_50m__vs__en_fr_a,tradition->modernity,0.12456769496202469,0.5579028129577637,0.053621772676706314
embedding_matrix,en_50m__vs__en_fr_a,veiled->unveiled,0.1239427849650383,0.765373170375824,0.026318008080124855
embedding_matrix,en_50m__vs__en_fr_a,patronage->meritocracy,0.12271465361118317,0.6797811388969421,-0.003933044616132975
embedding_matrix,en_50m__vs__en_fr_a,assimilation->pluralism,0.1216755211353302,0.6146682500839233,0.005990397650748491
embedding_matrix,en_50m__vs__en_fr_a,vegetarian->meat,0.12035579234361649,0.6484264135360718,0.0025621585082262754
embedding_matrix,en_50m__vs__en_fr_a,uniform->personalized,0.11990977823734283,0.6542941927909851,0.032213788479566574
embedding_matrix,en_50m__vs__en_fr_a,lunar->solar,0.11989554017782211,0.7427758574485779,0.0369761660695076
embedding_matrix,en_50m__vs__en_fr_a,conformity->dissent,0.11987749487161636,0.6773099303245544,0.023428253829479218
embedding_matrix,en_50m__vs__en_fr_a,local->global,0.11946310102939606,0.7105321288108826,0.005028288811445236
embedding_matrix,en_50m__vs__en_fr_a,democracy->monarchy,0.1191641241312027,0.6896733641624451,0.03623257577419281
embedding_matrix,en_50m__vs__en_fr_a,duty->freedom,0.11755356192588806,0.6779017448425293,-0.05414078012108803
embedding_matrix,en_50m__vs__en_fr_a,sacred->secular,0.11694519966840744,0.6380510926246643,-0.045991960912942886
embedding_matrix,en_50m__vs__en_fr_a,obedience->autonomy,0.11632143706083298,0.6853988170623779,-0.005934830754995346
embedding_matrix,en_50m__vs__en_fr_a,solidarity->competition,0.116089828312397,0.5920547842979431,0.017964912578463554
embedding_matrix,en_50m__vs__en_fr_a,script->image,0.11447656899690628,0.7397336363792419,0.025012925267219543
embedding_matrix,en_50m__vs__en_fr_a,mother->father,0.11248988658189774,0.6588441729545593,-0.052847836166620255
embedding_matrix,en_50m__vs__en_fr_a,fasting->feasting,0.11203993111848831,0.5726382732391357,-0.007518106605857611
embedding_matrix,en_50m__vs__en_fr_a,tea->coffee,0.11118625104427338,0.7307365536689758,0.05405217036604881
embedding_matrix,en_50m__vs__en_fr_a,ritual->routine,0.11113172024488449,0.6867806315422058,0.04343996196985245
embedding_matrix,en_50m__vs__en_fr_a,majority->minority,0.1108875721693039,0.6290357708930969,0.012370651587843895
embedding_matrix,en_50m__vs__en_fr_a,homeland->migration,0.11029501259326935,0.67729651927948,0.01293878722935915
embedding_matrix,en_50m__vs__en_fr_a,honor->shame,0.10985299199819565,0.6699928641319275,-0.00701530696824193
embedding_matrix,en_50m__vs__en_fr_a,taboo->permissive,0.10904043912887573,0.6157634258270264,-0.0024608697276562452
embedding_matrix,en_50m__vs__en_fr_a,black->gold,0.10798384249210358,0.6338372230529785,-0.012975716963410378
embedding_matrix,en_50m__vs__en_fr_a,white->red,0.10144100338220596,0.7037767767906189,0.009614188224077225
embedding_matrix,en_50m__vs__en_fr_b,elder->youth,0.1602460741996765,0.6852874159812927,-0.07709410041570663
embedding_matrix,en_50m__vs__en_fr_b,majority->minority,0.15545910596847534,0.7543336153030396,-0.04646752029657364
embedding_matrix,en_50m__vs__en_fr_b,pilgrim->spectator,0.15127120912075043,0.6796292066574097,0.051715586334466934
embedding_matrix,en_50m__vs__en_fr_b,individualism->collectivism,0.15097320079803467,0.652897298336029,0.08400183916091919
embedding_matrix,en_50m__vs__en_fr_b,spicy->mild,0.15005137026309967,0.7577683329582214,-0.10320635139942169
embedding_matrix,en_50m__vs__en_fr_b,assimilation->pluralism,0.14699697494506836,0.6228044629096985,-0.047483474016189575
embedding_matrix,en_50m__vs__en_fr_b,clan->individual,0.14330612123012543,0.5651020407676697,-0.0033916435204446316
embedding_matrix,en_50m__vs__en_fr_b,restraint->indulgence,0.14219875633716583,0.6679409146308899,0.01927390694618225
embedding_matrix,en_50m__vs__en_fr_b,obedience->autonomy,0.14099495112895966,0.7161561250686646,0.09756253659725189
embedding_matrix,en_50m__vs__en_fr_b,uniform->personalized,0.14021988213062286,0.739120364189148,0.09564432501792908
embedding_matrix,en_50m__vs__en_fr_b,fermented->fresh,0.13980472087860107,0.6488881707191467,-0.0725470706820488
embedding_matrix,en_50m__vs__en_fr_b,dragon->eagle,0.13777880370616913,0.7380613088607788,-0.022392015904188156
embedding_matrix,en_50m__vs__en_fr_b,formal->casual,0.13709232211112976,0.6673778891563416,0.08440469205379486
embedding_matrix,en_50m__vs__en_fr_b,solidarity->competition,0.134081169962883,0.6819958686828613,0.03825698420405388
embedding_matrix,en_50m__vs__en_fr_b,ritual->routine,0.13402818143367767,0.7565132975578308,0.06836623698472977
embedding_matrix,en_50m__vs__en_fr_b,federal->centralized,0.13354302942752838,0.6160048842430115,0.0758671686053276
embedding_matrix,en_50m__vs__en_fr_b,mourning->celebration,0.13276025652885437,0.739368736743927,-0.024172555655241013
embedding_matrix,en_50m__vs__en_fr_b,ancestor->novelty,0.1322193443775177,0.7238648533821106,-0.05904344096779823
embedding_matrix,en_50m__vs__en_fr_b,authority->deliberation,0.13211612403392792,0.6168177723884583,-0.04457288980484009
embedding_matrix,en_50m__vs__en_fr_b,lotus->rose,0.13146375119686127,0.653538703918457,-0.06690400838851929
embedding_matrix,en_50m__vs__en_fr_b,tea->coffee,0.12964123487472534,0.7278558015823364,0.0836968719959259
embedding_matrix,en_50m__vs__en_fr_b,prayer->reason,0.1277759075164795,0.654773473739624,0.02622118964791298
embedding_matrix,en_50m__vs__en_fr_b,democracy->monarchy,0.12640215456485748,0.7061726450920105,0.06822192668914795
embedding_matrix,en_50m__vs__en_fr_b,pilgrimage->tourism,0.12537361681461334,0.6607522964477539,-0.038396306335926056
embedding_matrix,en_50m__vs__en_fr_b,tradition->modernity,0.12331269681453705,0.5489113926887512,-0.0038254891987890005
embedding_matrix,en_50m__vs__en_fr_b,fasting->feasting,0.12192407250404358,0.619306743144989,-0.0022788001224398613
embedding_matrix,en_50m__vs__en_fr_b,indigenous->diaspora,0.11963258683681488,0.5618895292282104,0.015123344026505947
embedding_matrix,en_50m__vs__en_fr_b,rice->bread,0.11950239539146423,0.7173913717269897,-0.011594980023801327
embedding_matrix,en_50m__vs__en_fr_b,taboo->permissive,0.11931821703910828,0.6153495907783508,-0.028102537617087364
embedding_matrix,en_50m__vs__en_fr_b,veiled->unveiled,0.11818640679121017,0.7051875591278076,0.050115276128053665
embedding_matrix,en_50m__vs__en_fr_b,modest->revealing,0.11710736900568008,0.6144818663597107,0.015392867848277092
embedding_matrix,en_50m__vs__en_fr_b,vegetarian->meat,0.11601899564266205,0.6349577903747559,0.013062387704849243
embedding_matrix,en_50m__vs__en_fr_b,script->image,0.11585453152656555,0.7266954183578491,0.0012791425688192248
embedding_matrix,en_50m__vs__en_fr_b,certainty->ambiguity,0.11528617888689041,0.6862375140190125,0.031057467684149742
embedding_matrix,en_50m__vs__en_fr_b,conformity->dissent,0.11417596787214279,0.7081203460693359,-0.009003615006804466
embedding_matrix,en_50m__vs__en_fr_b,customary->codified,0.11411981284618378,0.6974122524261475,0.053836602717638016
embedding_matrix,en_50m__vs__en_fr_b,patronage->meritocracy,0.11308328062295914,0.7044101357460022,-0.02298746630549431
embedding_matrix,en_50m__vs__en_fr_b,homeland->migration,0.11305046081542969,0.6387990117073059,-0.036686770617961884
embedding_matrix,en_50m__vs__en_fr_b,kin->stranger,0.11253819614648819,0.6423486471176147,0.024019138887524605
embedding_matrix,en_50m__vs__en_fr_b,ornate->plain,0.11169061064720154,0.6071136593818665,-0.015123089775443077
embedding_matrix,en_50m__vs__en_fr_b,sacred->secular,0.11094044148921967,0.6264338493347168,-0.014614279381930828
embedding_matrix,en_50m__vs__en_fr_b,hierarchy->equality,0.11067835241556168,0.7087180018424988,-0.027576204389333725
embedding_matrix,en_50m__vs__en_fr_b,honor->shame,0.11021623015403748,0.6736630797386169,-0.0210422370582819
embedding_matrix,en_50m__vs__en_fr_b,duty->freedom,0.10606853663921356,0.6560658812522888,-0.02914704568684101
embedding_matrix,en_50m__vs__en_fr_b,lunar->solar,0.10454928129911423,0.7161816358566284,0.002119914162904024
embedding_matrix,en_50m__vs__en_fr_b,mother->father,0.10408918559551239,0.6643387675285339,-0.014342508278787136
embedding_matrix,en_50m__vs__en_fr_b,black->gold,0.10168387740850449,0.5952768921852112,-0.028238438069820404
embedding_matrix,en_50m__vs__en_fr_b,lineage->mobility,0.1008804589509964,0.6330257654190063,0.012656157836318016
embedding_matrix,en_50m__vs__en_fr_b,local->global,0.10035248100757599,0.6736660599708557,-0.017917389050126076
embedding_matrix,en_50m__vs__en_fr_b,white->red,0.09770676493644714,0.6908687949180603,-0.021955233067274094
embedding_matrix,en_50m__vs__en_fas_a,spicy->mild,0.2084425985813141,0.8128876090049744,-0.14748701453208923
embedding_matrix,en_50m__vs__en_fas_a,elder->youth,0.1917976289987564,0.6896856427192688,-0.08696919679641724
embedding_matrix,en_50m__vs__en_fas_a,restraint->indulgence,0.1877898871898651,0.6973533034324646,0.056211698800325394
embedding_matrix,en_50m__vs__en_fas_a,pilgrim->spectator,0.17644600570201874,0.6286737322807312,-0.03843243420124054
embedding_matrix,en_50m__vs__en_fas_a,majority->minority,0.1764160394668579,0.7195550799369812,-0.10005244612693787
embedding_matrix,en_50m__vs__en_fas_a,taboo->permissive,0.16719003021717072,0.6385678648948669,0.10353890806436539
embedding_matrix,en_50m__vs__en_fas_a,mother->father,0.16699227690696716,0.7832819819450378,-0.033440910279750824
embedding_matrix,en_50m__vs__en_fas_a,uniform->personalized,0.16341377794742584,0.6596839427947998,-0.025293515995144844
embedding_matrix,en_50m__vs__en_fas_a,fermented->fresh,0.16331228613853455,0.687505841255188,-0.10037949681282043
embedding_matrix,en_50m__vs__en_fas_a,prayer->reason,0.15934216976165771,0.7329927682876587,-0.01893756538629532
embedding_matrix,en_50m__vs__en_fas_a,conformity->dissent,0.1591181457042694,0.7494881749153137,-0.10720378905534744
embedding_matrix,en_50m__vs__en_fas_a,authority->deliberation,0.15686267614364624,0.6791111826896667,-0.04896622523665428
embedding_matrix,en_50m__vs__en_fas_a,ritual->routine,0.1553185135126114,0.6526362299919128,-0.056047044694423676
embedding_matrix,en_50m__vs__en_fas_a,federal->centralized,0.1543838232755661,0.7429631352424622,0.04765724018216133
embedding_matrix,en_50m__vs__en_fas_a,assimilation->pluralism,0.1528153419494629,0.714676022529602,0.08302832394838333
embedding_matrix,en_50m__vs__en_fas_a,certainty->ambiguity,0.15148627758026123,0.7214866876602173,0.03842110559344292
embedding_matrix,en_50m__vs__en_fas_a,solidarity->competition,0.14978234469890594,0.5866084098815918,-0.0702015832066536
embedding_matrix,en_50m__vs__en_fas_a,lotus->rose,0.14903582632541656,0.6755532026290894,-0.0461747907102108
embedding_matrix,en_50m__vs__en_fas_a,indigenous->diaspora,0.14882369339466095,0.5979476571083069,0.07470017671585083
embedding_matrix,en_50m__vs__en_fas_a,modest->revealing,0.14678221940994263,0.6606263518333435,0.05475986376404762
embedding_matrix,en_50m__vs__en_fas_a,individualism->collectivism,0.1465594470500946,0.706535279750824,0.012880063615739346
embedding_matrix,en_50m__vs__en_fas_a,veiled->unveiled,0.1463635116815567,0.6733420491218567,-0.019419964402914047
embedding_matrix,en_50m__vs__en_fas_a,script->image,0.14487020671367645,0.7131422162055969,-0.05446946620941162
embedding_matrix,en_50m__vs__en_fas_a,kin->stranger,0.1442168653011322,0.6980035901069641,0.06511087715625763
embedding_matrix,en_50m__vs__en_fas_a,sacred->secular,0.14114470779895782,0.6750838756561279,0.04195915907621384
embedding_matrix,en_50m__vs__en_fas_a,ornate->plain,0.14012451469898224,0.6787958741188049,-0.022338593378663063
embedding_matrix,en_50m__vs__en_fas_a,pilgrimage->tourism,0.13997527956962585,0.6758915185928345,-0.07489658892154694
embedding_matrix,en_50m__vs__en_fas_a,fasting->feasting,0.13860692083835602,0.6316160559654236,-0.027947474271059036
embedding_matrix,en_50m__vs__en_fas_a,dragon->eagle,0.13814060389995575,0.70097815990448,-0.03712506592273712
embedding_matrix,en_50m__vs__en_fas_a,clan->individual,0.1381029188632965,0.5504740476608276,-0.0641343742609024
embedding_matrix,en_50m__vs__en_fas_a,obedience->autonomy,0.1376328319311142,0.7348732948303223,-0.0656384825706482
embedding_matrix,en_50m__vs__en_fas_a,customary->codified,0.13676618039608002,0.7585062980651855,-0.04341473802924156
embedding_matrix,en_50m__vs__en_fas_a,white->red,0.13671085238456726,0.7611604928970337,-0.0034212269820272923
embedding_matrix,en_50m__vs__en_fas_a,hierarchy->equality,0.13643331825733185,0.709425151348114,-0.0188323762267828
embedding_matrix,en_50m__vs__en_fas_a,vegetarian->meat,0.13572992384433746,0.6444815397262573,-0.033096376806497574
embedding_matrix,en_50m__vs__en_fas_a,tea->coffee,0.13526351749897003,0.7257159352302551,0.012892893515527248
embedding_matrix,en_50m__vs__en_fas_a,homeland->migration,0.13428659737110138,0.7547163963317871,0.07718639820814133
embedding_matrix,en_50m__vs__en_fas_a,patronage->meritocracy,0.1337183266878128,0.6754841208457947,0.0059883068315684795
embedding_matrix,en_50m__vs__en_fas_a,ancestor->novelty,0.13314038515090942,0.7392587661743164,-0.050114843994379044
embedding_matrix,en_50m__vs__en_fas_a,tradition->modernity,0.13099367916584015,0.5686668753623962,0.037916723638772964
embedding_matrix,en_50m__vs__en_fas_a,local->global,0.12567709386348724,0.6802978515625,0.05968227982521057
embedding_matrix,en_50m__vs__en_fas_a,lineage->mobility,0.12331344187259674,0.7010742425918579,0.002165046753361821
embedding_matrix,en_50m__vs__en_fas_a,black->gold,0.117515429854393,0.6451764106750488,-0.006775902584195137
embedding_matrix,en_50m__vs__en_fas_a,democracy->monarchy,0.11650587618350983,0.7548993825912476,0.007682462222874165
embedding_matrix,en_50m__vs__en_fas_a,duty->freedom,0.1150519847869873,0.6716062426567078,-0.0026410615537315607
embedding_matrix,en_50m__vs__en_fas_a,honor->shame,0.11400111019611359,0.6885614991188049,-0.03046608343720436
embedding_matrix,en_50m__vs__en_fas_a,mourning->celebration,0.11109989881515503,0.70650315284729,-0.0017765250522643328
embedding_matrix,en_50m__vs__en_fas_a,formal->casual,0.11091968417167664,0.6633002758026123,0.03205860033631325
embedding_matrix,en_50m__vs__en_fas_a,rice->bread,0.09784213453531265,0.6375086903572083,-0.01217639446258545
embedding_matrix,en_50m__vs__en_fas_a,lunar->solar,0.094905324280262,0.6770063042640686,-0.02580256573855877
embedding_matrix,en_50m__vs__en_fas_b,veiled->unveiled,0.20063123106956482,0.7612601518630981,0.10552043467760086
embedding_matrix,en_50m__vs__en_fas_b,majority->minority,0.1834583431482315,0.7219157814979553,-0.1046515703201294
embedding_matrix,en_50m__vs__en_fas_b,individualism->collectivism,0.1791139543056488,0.7114303708076477,0.07215238362550735
embedding_matrix,en_50m__vs__en_fas_b,mourning->celebration,0.17726248502731323,0.7892659902572632,0.006589528173208237
embedding_matrix,en_50m__vs__en_fas_b,ritual->routine,0.17238527536392212,0.7855743169784546,0.10412811487913132
embedding_matrix,en_50m__vs__en_fas_b,pilgrim->spectator,0.1677076518535614,0.5601076483726501,0.008248871192336082
embedding_matrix,en_50m__vs__en_fas_b,lunar->solar,0.16456738114356995,0.7713541388511658,-0.011863755993545055
embedding_matrix,en_50m__vs__en_fas_b,indigenous->diaspora,0.16398419439792633,0.6835264563560486,-0.08896563202142715
embedding_matrix,en_50m__vs__en_fas_b,taboo->permissive,0.1639556884765625,0.6104902625083923,-0.04036653786897659
embedding_matrix,en_50m__vs__en_fas_b,prayer->reason,0.16225875914096832,0.6948832273483276,0.06023454666137695
embedding_matrix,en_50m__vs__en_fas_b,assimilation->pluralism,0.16207128763198853,0.6088982224464417,-0.09311530739068985
embedding_matrix,en_50m__vs__en_fas_b,lotus->rose,0.15992599725723267,0.692272961139679,-0.05359278991818428
embedding_matrix,en_50m__vs__en_fas_b,uniform->personalized,0.15564729273319244,0.7393150925636292,0.12171603739261627
embedding_matrix,en_50m__vs__en_fas_b,formal->casual,0.15478885173797607,0.6715171933174133,0.0711134672164917
embedding_matrix,en_50m__vs__en_fas_b,ornate->plain,0.15373994410037994,0.6901246905326843,-0.01344947051256895
embedding_matrix,en_50m__vs__en_fas_b,hierarchy->equality,0.15326207876205444,0.7524691224098206,-0.06772051751613617
embedding_matrix,en_50m__vs__en_fas_b,certainty->ambiguity,0.15051303803920746,0.7804012894630432,0.09085126966238022
embedding_matrix,en_50m__vs__en_fas_b,duty->freedom,0.14949454367160797,0.7006063461303711,0.054086633026599884
embedding_matrix,en_50m__vs__en_fas_b,fasting->feasting,0.14897626638412476,0.6373535394668579,-0.06935011595487595
embedding_matrix,en_50m__vs__en_fas_b,vegetarian->meat,0.14830709993839264,0.6502676010131836,-0.058426447212696075
embedding_matrix,en_50m__vs__en_fas_b,authority->deliberation,0.14714528620243073,0.5522850155830383,0.007431155536323786
embedding_matrix,en_50m__vs__en_fas_b,elder->youth,0.14585278928279877,0.6455755829811096,-0.07744110375642776
embedding_matrix,en_50m__vs__en_fas_b,obedience->autonomy,0.1455872505903244,0.6991313099861145,-0.029391486197710037
embedding_matrix,en_50m__vs__en_fas_b,local->global,0.1448359340429306,0.7079213857650757,-0.09796145558357239
embedding_matrix,en_50m__vs__en_fas_b,restraint->indulgence,0.144062340259552,0.6108607053756714,0.06383785605430603
embedding_matrix,en_50m__vs__en_fas_b,solidarity->competition,0.14369313418865204,0.6490433216094971,-0.004804251715540886
embedding_matrix,en_50m__vs__en_fas_b,white->red,0.14295166730880737,0.7881595492362976,0.011509492062032223
embedding_matrix,en_50m__vs__en_fas_b,clan->individual,0.14187845587730408,0.5538499355316162,-0.06018494814634323
embedding_matrix,en_50m__vs__en_fas_b,kin->stranger,0.14187459647655487,0.6850680708885193,0.04888990893959999
embedding_matrix,en_50m__vs__en_fas_b,tradition->modernity,0.1411765217781067,0.514348566532135,-0.05495048314332962
embedding_matrix,en_50m__vs__en_fas_b,modest->revealing,0.14068514108657837,0.649367094039917,0.057220496237277985
embedding_matrix,en_50m__vs__en_fas_b,conformity->dissent,0.13955266773700714,0.732671856880188,-0.09349130839109421
embedding_matrix,en_50m__vs__en_fas_b,ancestor->novelty,0.13951440155506134,0.7536097168922424,-0.022835146635770798
embedding_matrix,en_50m__vs__en_fas_b,pilgrimage->tourism,0.13938012719154358,0.6665862798690796,-0.06820373237133026
embedding_matrix,en_50m__vs__en_fas_b,dragon->eagle,0.1379610300064087,0.7229816317558289,-0.05737278610467911
embedding_matrix,en_50m__vs__en_fas_b,tea->coffee,0.13409461081027985,0.739179790019989,0.04654949903488159
embedding_matrix,en_50m__vs__en_fas_b,honor->shame,0.13378949463367462,0.7429056167602539,-0.04716780036687851
embedding_matrix,en_50m__vs__en_fas_b,mother->father,0.12914779782295227,0.7156944870948792,-0.0658273845911026
embedding_matrix,en_50m__vs__en_fas_b,spicy->mild,0.1284508854150772,0.663479745388031,-0.031142836436629295
embedding_matrix,en_50m__vs__en_fas_b,patronage->meritocracy,0.12481968849897385,0.6584075093269348,0.02889445424079895
embedding_matrix,en_50m__vs__en_fas_b,script->image,0.124807208776474,0.7058354020118713,0.04179166629910469
embedding_matrix,en_50m__vs__en_fas_b,lineage->mobility,0.12472128123044968,0.6372316479682922,0.049879685044288635
embedding_matrix,en_50m__vs__en_fas_b,federal->centralized,0.12255202978849411,0.5990463495254517,-0.023251190781593323
embedding_matrix,en_50m__vs__en_fas_b,fermented->fresh,0.11999180167913437,0.648630678653717,-0.04239637032151222
embedding_matrix,en_50m__vs__en_fas_b,sacred->secular,0.11909067630767822,0.6271829605102539,0.06637633591890335
embedding_matrix,en_50m__vs__en_fas_b,customary->codified,0.11783906817436218,0.7389140725135803,-0.02170468494296074
embedding_matrix,en_50m__vs__en_fas_b,democracy->monarchy,0.1166142150759697,0.7061926126480103,-0.01466670073568821
embedding_matrix,en_50m__vs__en_fas_b,black->gold,0.11504004895687103,0.6407207250595093,-0.0054167453199625015
embedding_matrix,en_50m__vs__en_fas_b,homeland->migration,0.11424744874238968,0.67655348777771,-0.004229454323649406
embedding_matrix,en_50m__vs__en_fas_b,rice->bread,0.10026013106107712,0.6076996326446533,0.014050752855837345
embedding_matrix,en_50m__vs__en_nld_a,vegetarian->meat,0.17666277289390564,0.699174702167511,0.009685426950454712
embedding_matrix,en_50m__vs__en_nld_a,ornate->plain,0.16188544034957886,0.7258249521255493,0.04650064930319786
embedding_matrix,en_50m__vs__en_nld_a,veiled->unveiled,0.15615926682949066,0.7243155837059021,0.02269233949482441
embedding_matrix,en_50m__vs__en_nld_a,uniform->personalized,0.1536569744348526,0.6506816744804382,0.06095223128795624
embedding_matrix,en_50m__vs__en_nld_a,pilgrimage->tourism,0.1464240998029709,0.7396717667579651,0.029133735224604607
embedding_matrix,en_50m__vs__en_nld_a,spicy->mild,0.1460750699043274,0.7258344888687134,-0.05714619532227516
embedding_matrix,en_50m__vs__en_nld_a,authority->deliberation,0.14512455463409424,0.6124573349952698,-0.05675068125128746
embedding_matrix,en_50m__vs__en_nld_a,restraint->indulgence,0.14369341731071472,0.6446437835693359,0.0752081349492073
embedding_matrix,en_50m__vs__en_nld_a,prayer->reason,0.14124944806098938,0.674976110458374,0.03281131759285927
embedding_matrix,en_50m__vs__en_nld_a,federal->centralized,0.14085662364959717,0.626417338848114,0.030003374442458153
embedding_matrix,en_50m__vs__en_nld_a,fasting->feasting,0.1407865583896637,0.6536899209022522,-0.021721549332141876
embedding_matrix,en_50m__vs__en_nld_a,obedience->autonomy,0.14036275446414948,0.6856004595756531,-0.05632872134447098
embedding_matrix,en_50m__vs__en_nld_a,kin->stranger,0.1401885449886322,0.7032973170280457,0.05398864299058914
embedding_matrix,en_50m__vs__en_nld_a,patronage->meritocracy,0.1400296688079834,0.6785765290260315,0.014184531755745411
embedding_matrix,en_50m__vs__en_nld_a,lotus->rose,0.1397528052330017,0.6336222290992737,-0.005184604786336422
embedding_matrix,en_50m__vs__en_nld_a,taboo->permissive,0.13967081904411316,0.5663779973983765,0.0004503274103626609
embedding_matrix,en_50m__vs__en_nld_a,homeland->migration,0.13778156042099,0.699756383895874,-0.01921987533569336
embedding_matrix,en_50m__vs__en_nld_a,indigenous->diaspora,0.13376691937446594,0.5687902569770813,0.00842629000544548
embedding_matrix,en_50m__vs__en_nld_a,ritual->routine,0.1334153264760971,0.6995770335197449,0.042148102074861526
embedding_matrix,en_50m__vs__en_nld_a,clan->individual,0.13313640654087067,0.5284855961799622,-0.014680178835988045
embedding_matrix,en_50m__vs__en_nld_a,duty->freedom,0.13275820016860962,0.6923038959503174,-0.043362680822610855
embedding_matrix,en_50m__vs__en_nld_a,elder->youth,0.13266082108020782,0.6515558958053589,-0.0444740392267704
embedding_matrix,en_50m__vs__en_nld_a,individualism->collectivism,0.13260552287101746,0.6188223361968994,0.05883416160941124
embedding_matrix,en_50m__vs__en_nld_a,solidarity->competition,0.1323428750038147,0.6157869696617126,-0.045769304037094116
embedding_matrix,en_50m__vs__en_nld_a,democracy->monarchy,0.13150838017463684,0.7735387682914734,-0.0022096452303230762
embedding_matrix,en_50m__vs__en_nld_a,certainty->ambiguity,0.1313694566488266,0.6995411515235901,0.0271356999874115
embedding_matrix,en_50m__vs__en_nld_a,formal->casual,0.1313004344701767,0.638231098651886,0.029543304815888405
embedding_matrix,en_50m__vs__en_nld_a,fermented->fresh,0.12868395447731018,0.6393684148788452,-0.008309678174555302
embedding_matrix,en_50m__vs__en_nld_a,modest->revealing,0.1283366084098816,0.6152303218841553,0.02564910054206848
embedding_matrix,en_50m__vs__en_nld_a,pilgrim->spectator,0.12636829912662506,0.552528977394104,-0.006660845596343279
embedding_matrix,en_50m__vs__en_nld_a,majority->minority,0.12630149722099304,0.6480562686920166,-0.0432971715927124
embedding_matrix,en_50m__vs__en_nld_a,white->red,0.12576377391815186,0.7156510949134827,0.0057227094657719135
embedding_matrix,en_50m__vs__en_nld_a,hierarchy->equality,0.12521550059318542,0.7280135750770569,-0.04564625769853592
embedding_matrix,en_50m__vs__en_nld_a,assimilation->pluralism,0.12368515878915787,0.5766552090644836,-0.0259761530905962
embedding_matrix,en_50m__vs__en_nld_a,tradition->modernity,0.12345363199710846,0.5131810903549194,-1.2419224049153854e-06
embedding_matrix,en_50m__vs__en_nld_a,dragon->eagle,0.12306343019008636,0.6843477487564087,-0.06216450408101082
embedding_matrix,en_50m__vs__en_nld_a,lunar->solar,0.12298310548067093,0.7288104295730591,-0.011223996058106422
embedding_matrix,en_50m__vs__en_nld_a,honor->shame,0.1217496320605278,0.723577618598938,-0.015950772911310196
embedding_matrix,en_50m__vs__en_nld_a,mourning->celebration,0.12132272124290466,0.7165284156799316,-0.01972956955432892
embedding_matrix,en_50m__vs__en_nld_a,black->gold,0.12103036791086197,0.6430326700210571,0.020291872322559357
embedding_matrix,en_50m__vs__en_nld_a,script->image,0.1176961287856102,0.6589258909225464,0.017352037131786346
embedding_matrix,en_50m__vs__en_nld_a,conformity->dissent,0.11680372059345245,0.6984847187995911,-0.042962368577718735
embedding_matrix,en_50m__vs__en_nld_a,mother->father,0.1158008873462677,0.6990459561347961,-0.03969553858041763
embedding_matrix,en_50m__vs__en_nld_a,ancestor->novelty,0.11407040059566498,0.6205750703811646,-0.001972209895029664
embedding_matrix,en_50m__vs__en_nld_a,rice->bread,0.11217309534549713,0.6729028820991516,0.010293914936482906
embedding_matrix,en_50m__vs__en_nld_a,tea->coffee,0.10934732109308243,0.6757144927978516,0.058859243988990784
embedding_matrix,en_50m__vs__en_nld_a,customary->codified,0.10907275229692459,0.7159340381622314,0.02522205375134945
embedding_matrix,en_50m__vs__en_nld_a,sacred->secular,0.10783247649669647,0.6371471285820007,-0.04263010993599892
embedding_matrix,en_50m__vs__en_nld_a,lineage->mobility,0.10727926343679428,0.6326501965522766,-0.038519516587257385
embedding_matrix,en_50m__vs__en_nld_a,local->global,0.10325407236814499,0.653550922870636,-0.0037893138360232115
embedding_matrix,en_50m__vs__en_nld_b,uniform->personalized,0.16890881955623627,0.7729963064193726,0.12762123346328735
embedding_matrix,en_50m__vs__en_nld_b,restraint->indulgence,0.1648460328578949,0.7653184533119202,0.021106328815221786
embedding_matrix,en_50m__vs__en_nld_b,majority->minority,0.1637251228094101,0.7554208040237427,0.004482779651880264
embedding_matrix,en_50m__vs__en_nld_b,ritual->routine,0.16104550659656525,0.7618025541305542,0.0999101996421814
embedding_matrix,en_50m__vs__en_nld_b,federal->centralized,0.1521468460559845,0.6274175643920898,0.08972912281751633
embedding_matrix,en_50m__vs__en_nld_b,authority->deliberation,0.1479630023241043,0.6080840826034546,-0.026915643364191055
embedding_matrix,en_50m__vs__en_nld_b,dragon->eagle,0.1419951468706131,0.7673750519752502,-0.05365484952926636
embedding_matrix,en_50m__vs__en_nld_b,vegetarian->meat,0.14193154871463776,0.6943584084510803,-0.013326591812074184
embedding_matrix,en_50m__vs__en_nld_b,spicy->mild,0.13973602652549744,0.7796799540519714,-0.07783853262662888
embedding_matrix,en_50m__vs__en_nld_b,elder->youth,0.13939480483531952,0.6801871657371521,-0.08865328878164291
embedding_matrix,en_50m__vs__en_nld_b,individualism->collectivism,0.13828758895397186,0.645460307598114,0.07345736771821976
embedding_matrix,en_50m__vs__en_nld_b,lotus->rose,0.13227322697639465,0.6529325246810913,-0.07131564617156982
embedding_matrix,en_50m__vs__en_nld_b,homeland->migration,0.13223610818386078,0.7169972658157349,0.011380159296095371
embedding_matrix,en_50m__vs__en_nld_b,indigenous->diaspora,0.13158193230628967,0.5591028928756714,0.009782903827726841
embedding_matrix,en_50m__vs__en_nld_b,pilgrim->spectator,0.12631961703300476,0.5695915818214417,-0.0017445858102291822
embedding_matrix,en_50m__vs__en_nld_b,patronage->meritocracy,0.12582363188266754,0.6844568848609924,0.033654481172561646
embedding_matrix,en_50m__vs__en_nld_b,clan->individual,0.12529319524765015,0.5313820838928223,-0.024788692593574524
embedding_matrix,en_50m__vs__en_nld_b,formal->casual,0.12443473935127258,0.6542809009552002,0.027722500264644623
embedding_matrix,en_50m__vs__en_nld_b,fermented->fresh,0.12359335273504257,0.6751705408096313,-0.058326661586761475
embedding_matrix,en_50m__vs__en_nld_b,certainty->ambiguity,0.12219592183828354,0.6471255421638489,-0.040245216339826584
embedding_matrix,en_50m__vs__en_nld_b,prayer->reason,0.12192713469266891,0.6081376075744629,0.032928284257650375
embedding_matrix,en_50m__vs__en_nld_b,black->gold,0.12089931219816208,0.6136443018913269,-0.056200698018074036
embedding_matrix,en_50m__vs__en_nld_b,ornate->plain,0.12001112103462219,0.6587632894515991,-0.016134951263666153
embedding_matrix,en_50m__vs__en_nld_b,tradition->modernity,0.12000828981399536,0.5558332204818726,0.04277012497186661
embedding_matrix,en_50m__vs__en_nld_b,fasting->feasting,0.119850754737854,0.6601094603538513,-0.02767280489206314
embedding_matrix,en_50m__vs__en_nld_b,mourning->celebration,0.11895983666181564,0.6724771857261658,0.06938428431749344
embedding_matrix,en_50m__vs__en_nld_b,customary->codified,0.11838991940021515,0.7297818660736084,0.030280619859695435
embedding_matrix,en_50m__vs__en_nld_b,taboo->permissive,0.11827298998832703,0.6193926334381104,-0.004039351362735033
embedding_matrix,en_50m__vs__en_nld_b,lineage->mobility,0.1180582270026207,0.6933290958404541,-0.0276374239474535
embedding_matrix,en_50m__vs__en_nld_b,modest->revealing,0.11742343008518219,0.6383485198020935,0.02125818468630314
embedding_matrix,en_50m__vs__en_nld_b,lunar->solar,0.1173572912812233,0.7171343564987183,0.015217859297990799
embedding_matrix,en_50m__vs__en_nld_b,white->red,0.11614163219928741,0.7390767931938171,0.00411886814981699
embedding_matrix,en_50m__vs__en_nld_b,duty->freedom,0.11546650528907776,0.6847206950187683,-0.03846246376633644
embedding_matrix,en_50m__vs__en_nld_b,kin->stranger,0.11528556793928146,0.64033043384552,0.040196143090724945
embedding_matrix,en_50m__vs__en_nld_b,solidarity->competition,0.11364636570215225,0.5696578621864319,-0.02372191660106182
embedding_matrix,en_50m__vs__en_nld_b,conformity->dissent,0.11256968975067139,0.6848909854888916,0.010017866268754005
embedding_matrix,en_50m__vs__en_nld_b,ancestor->novelty,0.1118275448679924,0.65944504737854,-0.04656938463449478
embedding_matrix,en_50m__vs__en_nld_b,script->image,0.10905738919973373,0.6766195893287659,0.025906603783369064
embedding_matrix,en_50m__vs__en_nld_b,assimilation->pluralism,0.10772255808115005,0.5718130469322205,-0.011229698546230793
embedding_matrix,en_50m__vs__en_nld_b,hierarchy->equality,0.10749847441911697,0.7192206978797913,-0.018800033256411552
embedding_matrix,en_50m__vs__en_nld_b,veiled->unveiled,0.1072428822517395,0.6609187126159668,-0.0065033771097660065
embedding_matrix,en_50m__vs__en_nld_b,pilgrimage->tourism,0.10713459551334381,0.6138684153556824,-0.03477960079908371
embedding_matrix,en_50m__vs__en_nld_b,local->global,0.10530505329370499,0.6624580025672913,0.012696055695414543
embedding_matrix,en_50m__vs__en_nld_b,rice->bread,0.10453598946332932,0.6960426568984985,0.004742424003779888
embedding_matrix,en_50m__vs__en_nld_b,obedience->autonomy,0.10354851931333542,0.650803804397583,0.022824419662356377
embedding_matrix,en_50m__vs__en_nld_b,democracy->monarchy,0.10322847217321396,0.6863356232643127,-0.007977821864187717
embedding_matrix,en_50m__vs__en_nld_b,tea->coffee,0.10223483294248581,0.6415091156959534,0.050592511892318726
embedding_matrix,en_50m__vs__en_nld_b,mother->father,0.10025870054960251,0.612196683883667,-0.016033386811614037
embedding_matrix,en_50m__vs__en_nld_b,honor->shame,0.09792593121528625,0.6435876488685608,0.016063986346125603
embedding_matrix,en_50m__vs__en_nld_b,sacred->secular,0.09398183971643448,0.6106456518173218,-0.016908999532461166
embedding_matrix,en_50m__vs__en_ukr_a,modest->revealing,0.22246551513671875,0.6717098355293274,0.11601195484399796
embedding_matrix,en_50m__vs__en_ukr_a,individualism->collectivism,0.2081192582845688,0.6683375835418701,0.14683844149112701
embedding_matrix,en_50m__vs__en_ukr_a,lotus->rose,0.20063479244709015,0.6684443354606628,0.08744344115257263
embedding_matrix,en_50m__vs__en_ukr_a,pilgrim->spectator,0.1923285573720932,0.5856465101242065,0.04344923421740532
embedding_matrix,en_50m__vs__en_ukr_a,patronage->meritocracy,0.19197748601436615,0.7132018208503723,0.10259870439767838
embedding_matrix,en_50m__vs__en_ukr_a,prayer->reason,0.18892011046409607,0.6947883367538452,0.08940040320158005
embedding_matrix,en_50m__vs__en_ukr_a,fermented->fresh,0.18380874395370483,0.6861501336097717,-0.1284540742635727
embedding_matrix,en_50m__vs__en_ukr_a,uniform->personalized,0.17802032828330994,0.7190380692481995,0.14212071895599365
embedding_matrix,en_50m__vs__en_ukr_a,solidarity->competition,0.16898801922798157,0.6201183795928955,0.03801336511969566
embedding_matrix,en_50m__vs__en_ukr_a,elder->youth,0.16624194383621216,0.6442638039588928,0.04755162075161934
embedding_matrix,en_50m__vs__en_ukr_a,certainty->ambiguity,0.16235096752643585,0.7826315760612488,0.08632071316242218
embedding_matrix,en_50m__vs__en_ukr_a,taboo->permissive,0.1617913693189621,0.6278408169746399,-0.0723959431052208
embedding_matrix,en_50m__vs__en_ukr_a,ancestor->novelty,0.16091927886009216,0.7156844735145569,-0.09547208249568939
embedding_matrix,en_50m__vs__en_ukr_a,veiled->unveiled,0.15900057554244995,0.7235047817230225,0.09120576083660126
embedding_matrix,en_50m__vs__en_ukr_a,homeland->migration,0.15873441100120544,0.7545389533042908,0.10806181281805038
embedding_matrix,en_50m__vs__en_ukr_a,script->image,0.15679925680160522,0.7467255592346191,-0.011999947018921375
embedding_matrix,en_50m__vs__en_ukr_a,majority->minority,0.15440912544727325,0.7027879953384399,-0.07406435161828995
embedding_matrix,en_50m__vs__en_ukr_a,kin->stranger,0.15305699408054352,0.6202100515365601,0.054639559239149094
embedding_matrix,en_50m__vs__en_ukr_a,spicy->mild,0.15243524312973022,0.7778782248497009,-0.07005888968706131
embedding_matrix,en_50m__vs__en_ukr_a,indigenous->diaspora,0.15107721090316772,0.5776019096374512,0.03759874030947685
embedding_matrix,en_50m__vs__en_ukr_a,vegetarian->meat,0.14803601801395416,0.7179487347602844,0.01766396500170231
embedding_matrix,en_50m__vs__en_ukr_a,local->global,0.1463591307401657,0.7297319173812866,0.010244193486869335
embedding_matrix,en_50m__vs__en_ukr_a,white->red,0.1457330882549286,0.7857638001441956,0.04250958189368248
embedding_matrix,en_50m__vs__en_ukr_a,ornate->plain,0.14520657062530518,0.6937831044197083,-0.005915370769798756
embedding_matrix,en_50m__vs__en_ukr_a,clan->individual,0.14247490465641022,0.5183353424072266,-0.004525827243924141
embedding_matrix,en_50m__vs__en_ukr_a,black->gold,0.14165115356445312,0.6106947064399719,-0.04482286050915718
embedding_matrix,en_50m__vs__en_ukr_a,lineage->mobility,0.14134317636489868,0.7288278341293335,-0.0844140350818634
embedding_matrix,en_50m__vs__en_ukr_a,democracy->monarchy,0.14047332108020782,0.7263285517692566,0.060698337852954865
embedding_matrix,en_50m__vs__en_ukr_a,duty->freedom,0.14001403748989105,0.7336090207099915,-0.06214495375752449
embedding_matrix,en_50m__vs__en_ukr_a,formal->casual,0.1391274631023407,0.6501549482345581,0.03345010429620743
embedding_matrix,en_50m__vs__en_ukr_a,federal->centralized,0.1383722573518753,0.6194451451301575,0.0730838030576706
embedding_matrix,en_50m__vs__en_ukr_a,mourning->celebration,0.13810327649116516,0.6985835433006287,-0.03040262870490551
embedding_matrix,en_50m__vs__en_ukr_a,fasting->feasting,0.13752011954784393,0.607122540473938,-0.02291283570230007
embedding_matrix,en_50m__vs__en_ukr_a,rice->bread,0.13608288764953613,0.7107594013214111,-0.07782323658466339
embedding_matrix,en_50m__vs__en_ukr_a,authority->deliberation,0.13540498912334442,0.5674453377723694,-0.036537446081638336
embedding_matrix,en_50m__vs__en_ukr_a,dragon->eagle,0.1341553032398224,0.6678146719932556,0.03297269344329834
embedding_matrix,en_50m__vs__en_ukr_a,ritual->routine,0.13308991491794586,0.6488871574401855,-0.021686218678951263
embedding_matrix,en_50m__vs__en_ukr_a,restraint->indulgence,0.1320105940103531,0.5651757717132568,0.00523350527510047
embedding_matrix,en_50m__vs__en_ukr_a,lunar->solar,0.12725010514259338,0.7330241799354553,-0.006684920750558376
embedding_matrix,en_50m__vs__en_ukr_a,tradition->modernity,0.12666314840316772,0.5100729465484619,-0.0024831078480929136
embedding_matrix,en_50m__vs__en_ukr_a,obedience->autonomy,0.1253320425748825,0.6864205598831177,-0.02955048158764839
embedding_matrix,en_50m__vs__en_ukr_a,conformity->dissent,0.12150024622678757,0.6771535873413086,-0.0365154854953289
embedding_matrix,en_50m__vs__en_ukr_a,customary->codified,0.12022969126701355,0.7147117257118225,0.029872722923755646
embedding_matrix,en_50m__vs__en_ukr_a,tea->coffee,0.11876774579286575,0.6854870319366455,-0.008325600996613503
embedding_matrix,en_50m__vs__en_ukr_a,assimilation->pluralism,0.1173185482621193,0.6119042038917542,-0.006586236413568258
embedding_matrix,en_50m__vs__en_ukr_a,honor->shame,0.11658274382352829,0.7137252688407898,0.016081959009170532
embedding_matrix,en_50m__vs__en_ukr_a,pilgrimage->tourism,0.11612212657928467,0.6412051320075989,-0.03543931618332863
embedding_matrix,en_50m__vs__en_ukr_a,mother->father,0.11130621284246445,0.6583718061447144,-0.0139723876491189
embedding_matrix,en_50m__vs__en_ukr_a,hierarchy->equality,0.10069972276687622,0.6635627150535583,0.014958464540541172
embedding_matrix,en_50m__vs__en_ukr_a,sacred->secular,0.09965310990810394,0.6392040848731995,0.02861093170940876
embedding_matrix,en_50m__vs__en_ukr_b,spicy->mild,0.21778933703899384,0.8350713849067688,-0.17670387029647827
embedding_matrix,en_50m__vs__en_ukr_b,majority->minority,0.19037924706935883,0.7747130393981934,-0.031757902354002
embedding_matrix,en_50m__vs__en_ukr_b,individualism->collectivism,0.18453466892242432,0.6463180184364319,0.11359721422195435
embedding_matrix,en_50m__vs__en_ukr_b,restraint->indulgence,0.18346992135047913,0.7632371783256531,0.061727479100227356
embedding_matrix,en_50m__vs__en_ukr_b,assimilation->pluralism,0.17278338968753815,0.5889990925788879,-0.12995657324790955
embedding_matrix,en_50m__vs__en_ukr_b,mourning->celebration,0.16623687744140625,0.7816777229309082,-0.013361210934817791
embedding_matrix,en_50m__vs__en_ukr_b,prayer->reason,0.16402891278266907,0.647279679775238,0.11042743921279907
embedding_matrix,en_50m__vs__en_ukr_b,kin->stranger,0.16348370909690857,0.6900279521942139,0.0763101726770401
embedding_matrix,en_50m__vs__en_ukr_b,fasting->feasting,0.1579863429069519,0.6560288667678833,-0.050696808844804764
embedding_matrix,en_50m__vs__en_ukr_b,federal->centralized,0.15697866678237915,0.6039872765541077,0.07480382174253464
embedding_matrix,en_50m__vs__en_ukr_b,customary->codified,0.15514568984508514,0.7538242936134338,0.057743314653635025
embedding_matrix,en_50m__vs__en_ukr_b,tradition->modernity,0.15368856489658356,0.5759893655776978,0.04680611565709114
embedding_matrix,en_50m__vs__en_ukr_b,hierarchy->equality,0.14763499796390533,0.7399622201919556,-0.09523427486419678
embedding_matrix,en_50m__vs__en_ukr_b,dragon->eagle,0.1456603705883026,0.6766923666000366,0.028699204325675964
embedding_matrix,en_50m__vs__en_ukr_b,authority->deliberation,0.1436808705329895,0.5696418881416321,0.05175672098994255
embedding_matrix,en_50m__vs__en_ukr_b,solidarity->competition,0.14296172559261322,0.6333935260772705,0.008550732396543026
embedding_matrix,en_50m__vs__en_ukr_b,ancestor->novelty,0.14194387197494507,0.7436450719833374,-0.05252557247877121
embedding_matrix,en_50m__vs__en_ukr_b,lotus->rose,0.1418571025133133,0.6315518617630005,-0.023439232259988785
embedding_matrix,en_50m__vs__en_ukr_b,pilgrim->spectator,0.14160023629665375,0.5206316113471985,-0.05474042519927025
embedding_matrix,en_50m__vs__en_ukr_b,clan->individual,0.14073769748210907,0.5183156728744507,-0.015471858903765678
embedding_matrix,en_50m__vs__en_ukr_b,tea->coffee,0.14064420759677887,0.7643630504608154,0.0820893719792366
embedding_matrix,en_50m__vs__en_ukr_b,patronage->meritocracy,0.14012578129768372,0.6839804649353027,0.034467753022909164
embedding_matrix,en_50m__vs__en_ukr_b,modest->revealing,0.13838501274585724,0.6756001114845276,0.017157049849629402
embedding_matrix,en_50m__vs__en_ukr_b,vegetarian->meat,0.13816440105438232,0.7048001885414124,0.045046478509902954
embedding_matrix,en_50m__vs__en_ukr_b,ornate->plain,0.13805019855499268,0.7025595903396606,0.002500624628737569
embedding_matrix,en_50m__vs__en_ukr_b,taboo->permissive,0.13776877522468567,0.5839253067970276,-0.01913020759820938
embedding_matrix,en_50m__vs__en_ukr_b,pilgrimage->tourism,0.13764724135398865,0.660630464553833,-0.0396890714764595
embedding_matrix,en_50m__vs__en_ukr_b,homeland->migration,0.13724206387996674,0.6705541014671326,-0.058058224618434906
embedding_matrix,en_50m__vs__en_ukr_b,ritual->routine,0.1370847523212433,0.7242535352706909,0.09523225575685501
embedding_matrix,en_50m__vs__en_ukr_b,fermented->fresh,0.13598839938640594,0.664522647857666,-0.027143046259880066
embedding_matrix,en_50m__vs__en_ukr_b,veiled->unveiled,0.13340862095355988,0.6717574596405029,0.06870492547750473
embedding_matrix,en_50m__vs__en_ukr_b,formal->casual,0.1329771727323532,0.6549308896064758,0.06754209101200104
embedding_matrix,en_50m__vs__en_ukr_b,indigenous->diaspora,0.13130199909210205,0.5820618867874146,-0.021462786942720413
embedding_matrix,en_50m__vs__en_ukr_b,duty->freedom,0.1305708885192871,0.708115816116333,0.04646921530365944
embedding_matrix,en_50m__vs__en_ukr_b,white->red,0.1305045634508133,0.7326056957244873,0.05829821899533272
embedding_matrix,en_50m__vs__en_ukr_b,black->gold,0.12670806050300598,0.7046091556549072,0.0002503232972230762
embedding_matrix,en_50m__vs__en_ukr_b,uniform->personalized,0.12639041244983673,0.6528677344322205,0.05733145400881767
embedding_matrix,en_50m__vs__en_ukr_b,obedience->autonomy,0.1261885166168213,0.7083971500396729,0.011203145608305931
embedding_matrix,en_50m__vs__en_ukr_b,local->global,0.12593549489974976,0.6750565767288208,0.06368064135313034
embedding_matrix,en_50m__vs__en_ukr_b,lunar->solar,0.12495989352464676,0.7020179629325867,0.021311312913894653
embedding_matrix,en_50m__vs__en_ukr_b,honor->shame,0.12385527044534683,0.6946970820426941,0.016483215615153313
embedding_matrix,en_50m__vs__en_ukr_b,democracy->monarchy,0.12214387208223343,0.7483709454536438,-0.02702920325100422
embedding_matrix,en_50m__vs__en_ukr_b,sacred->secular,0.11936051398515701,0.6642725467681885,0.05177745223045349
embedding_matrix,en_50m__vs__en_ukr_b,mother->father,0.11800151318311691,0.7082560658454895,-0.050352949649095535
embedding_matrix,en_50m__vs__en_ukr_b,elder->youth,0.11683188378810883,0.6423038840293884,-0.0035178547259420156
embedding_matrix,en_50m__vs__en_ukr_b,rice->bread,0.11572769284248352,0.7262079119682312,-0.019271831959486008
embedding_matrix,en_50m__vs__en_ukr_b,certainty->ambiguity,0.10830410569906235,0.647606372833252,-0.03141772747039795
embedding_matrix,en_50m__vs__en_ukr_b,conformity->dissent,0.10415966808795929,0.7013026475906372,-0.014583899639546871
embedding_matrix,en_50m__vs__en_ukr_b,lineage->mobility,0.10097748041152954,0.698023796081543,-0.03824608400464058
embedding_matrix,en_50m__vs__en_ukr_b,script->image,0.09777676314115524,0.653842031955719,0.036854349076747894
embedding_matrix,en_50m__vs__en_bul_a,taboo->permissive,0.17383694648742676,0.6551782488822937,0.09918338060379028
embedding_matrix,en_50m__vs__en_bul_a,script->image,0.15979595482349396,0.7587790489196777,-0.06017966940999031
embedding_matrix,en_50m__vs__en_bul_a,pilgrim->spectator,0.15265774726867676,0.5493780374526978,-0.09004585444927216
embedding_matrix,en_50m__vs__en_bul_a,pilgrimage->tourism,0.1497623473405838,0.732839822769165,-0.02540026791393757
embedding_matrix,en_50m__vs__en_bul_a,uniform->personalized,0.14829061925411224,0.6537417769432068,0.018086684867739677
embedding_matrix,en_50m__vs__en_bul_a,restraint->indulgence,0.1471773236989975,0.64838707447052,0.06061016023159027
embedding_matrix,en_50m__vs__en_bul_a,federal->centralized,0.14334143698215485,0.6627705097198486,0.07421071827411652
embedding_matrix,en_50m__vs__en_bul_a,sacred->secular,0.14123943448066711,0.6866344213485718,-0.08440260589122772
embedding_matrix,en_50m__vs__en_bul_a,indigenous->diaspora,0.14026236534118652,0.5567376017570496,0.03664480522274971
embedding_matrix,en_50m__vs__en_bul_a,certainty->ambiguity,0.13958364725112915,0.743804931640625,0.07307638972997665
embedding_matrix,en_50m__vs__en_bul_a,mourning->celebration,0.13883496820926666,0.7314153909683228,0.0212006364017725
embedding_matrix,en_50m__vs__en_bul_a,lotus->rose,0.1374836564064026,0.6383157968521118,-0.05737955868244171
embedding_matrix,en_50m__vs__en_bul_a,vegetarian->meat,0.13721224665641785,0.6518356800079346,0.06050751730799675
embedding_matrix,en_50m__vs__en_bul_a,majority->minority,0.13645926117897034,0.6546040773391724,0.043613873422145844
embedding_matrix,en_50m__vs__en_bul_a,authority->deliberation,0.13369669020175934,0.5883319973945618,-0.035498663783073425
embedding_matrix,en_50m__vs__en_bul_a,fermented->fresh,0.13347269594669342,0.6564280390739441,-0.08871956169605255
embedding_matrix,en_50m__vs__en_bul_a,solidarity->competition,0.1315220594406128,0.6231797933578491,-0.04375935345888138
embedding_matrix,en_50m__vs__en_bul_a,individualism->collectivism,0.129803866147995,0.6423215270042419,0.025348251685500145
embedding_matrix,en_50m__vs__en_bul_a,homeland->migration,0.12826351821422577,0.6746543049812317,-0.01821138523519039
embedding_matrix,en_50m__vs__en_bul_a,spicy->mild,0.12744691967964172,0.6893312335014343,-0.060179855674505234
embedding_matrix,en_50m__vs__en_bul_a,patronage->meritocracy,0.12672804296016693,0.6981320381164551,0.04687916859984398
embedding_matrix,en_50m__vs__en_bul_a,duty->freedom,0.12652075290679932,0.6712226271629333,-0.04416637495160103
embedding_matrix,en_50m__vs__en_bul_a,ornate->plain,0.12516909837722778,0.6867232322692871,0.01907474361360073
embedding_matrix,en_50m__vs__en_bul_a,elder->youth,0.12489894777536392,0.6600714325904846,-0.0492655485868454
embedding_matrix,en_50m__vs__en_bul_a,black->gold,0.12277766317129135,0.6597671508789062,-0.050116878002882004
embedding_matrix,en_50m__vs__en_bul_a,rice->bread,0.12193500995635986,0.714492678642273,-0.06063998490571976
embedding_matrix,en_50m__vs__en_bul_a,obedience->autonomy,0.12132246792316437,0.6861802339553833,0.03827854245901108
embedding_matrix,en_50m__vs__en_bul_a,assimilation->pluralism,0.12109042704105377,0.5518162250518799,-0.06065598875284195
embedding_matrix,en_50m__vs__en_bul_a,modest->revealing,0.11903269588947296,0.6271101236343384,0.024025842547416687
embedding_matrix,en_50m__vs__en_bul_a,dragon->eagle,0.11826188862323761,0.6132846474647522,0.016848210245370865
embedding_matrix,en_50m__vs__en_bul_a,customary->codified,0.11817679554224014,0.6959214806556702,0.040330033749341965
embedding_matrix,en_50m__vs__en_bul_a,prayer->reason,0.1177392527461052,0.6000242233276367,0.0385427363216877
embedding_matrix,en_50m__vs__en_bul_a,local->global,0.11728301644325256,0.6615147590637207,0.05087292194366455
embedding_matrix,en_50m__vs__en_bul_a,kin->stranger,0.11668100208044052,0.5807215571403503,-0.01931080035865307
embedding_matrix,en_50m__vs__en_bul_a,ritual->routine,0.11590130627155304,0.6520251631736755,0.033503226935863495
embedding_matrix,en_50m__vs__en_bul_a,clan->individual,0.11433380097150803,0.4559980034828186,-0.01503831334412098
embedding_matrix,en_50m__vs__en_bul_a,conformity->dissent,0.11400952935218811,0.6806440353393555,0.004939051810652018
embedding_matrix,en_50m__vs__en_bul_a,honor->shame,0.11266838759183884,0.6844213604927063,-0.0160532109439373
embedding_matrix,en_50m__vs__en_bul_a,fasting->feasting,0.11235080659389496,0.6196398735046387,-0.03269267454743385
embedding_matrix,en_50m__vs__en_bul_a,tea->coffee,0.11222228407859802,0.7256225347518921,0.01878597028553486
embedding_matrix,en_50m__vs__en_bul_a,formal->casual,0.11208023875951767,0.6215749382972717,0.006006837822496891
embedding_matrix,en_50m__vs__en_bul_a,lunar->solar,0.1112927794456482,0.7003085613250732,0.017252927646040916
embedding_matrix,en_50m__vs__en_bul_a,democracy->monarchy,0.11127229034900665,0.6933795213699341,-0.00019619894737843424
embedding_matrix,en_50m__vs__en_bul_a,ancestor->novelty,0.11063018441200256,0.6431286334991455,-0.04402633011341095
embedding_matrix,en_50m__vs__en_bul_a,lineage->mobility,0.10890120267868042,0.5817487239837646,-0.009169509634375572
embedding_matrix,en_50m__vs__en_bul_a,veiled->unveiled,0.10494392365217209,0.6578995585441589,-0.021056102588772774
embedding_matrix,en_50m__vs__en_bul_a,tradition->modernity,0.10086721181869507,0.44174063205718994,-0.0077112833969295025
embedding_matrix,en_50m__vs__en_bul_a,hierarchy->equality,0.09971435368061066,0.6631212830543518,-0.010085036978125572
embedding_matrix,en_50m__vs__en_bul_a,mother->father,0.0954626277089119,0.6072945594787598,0.0047926511615514755
embedding_matrix,en_50m__vs__en_bul_a,white->red,0.09370481967926025,0.6730712056159973,0.027202656492590904
embedding_matrix,en_50m__vs__en_bul_b,majority->minority,0.19509579241275787,0.7823547720909119,-0.04401298612356186
embedding_matrix,en_50m__vs__en_bul_b,spicy->mild,0.18527752161026,0.7925320863723755,-0.10325926542282104
embedding_matrix,en_50m__vs__en_bul_b,vegetarian->meat,0.1776704639196396,0.7710065841674805,0.054997969418764114
embedding_matrix,en_50m__vs__en_bul_b,conformity->dissent,0.16955910623073578,0.7618459463119507,-0.11218546330928802
embedding_matrix,en_50m__vs__en_bul_b,mourning->celebration,0.16482946276664734,0.7618194818496704,0.03884051740169525
embedding_matrix,en_50m__vs__en_bul_b,taboo->permissive,0.15727071464061737,0.6359944939613342,0.008844578638672829
embedding_matrix,en_50m__vs__en_bul_b,restraint->indulgence,0.15657949447631836,0.6108236908912659,0.0902722105383873
embedding_matrix,en_50m__vs__en_bul_b,dragon->eagle,0.1533002406358719,0.7447835803031921,-0.07671099901199341
embedding_matrix,en_50m__vs__en_bul_b,lotus->rose,0.15285375714302063,0.6482035517692566,-0.08029531687498093
embedding_matrix,en_50m__vs__en_bul_b,ritual->routine,0.15272967517375946,0.7483311891555786,0.05491279810667038
embedding_matrix,en_50m__vs__en_bul_b,mother->father,0.15146666765213013,0.6853606104850769,-0.09523884952068329
embedding_matrix,en_50m__vs__en_bul_b,lineage->mobility,0.14897644519805908,0.6450849175453186,0.06601841002702713
embedding_matrix,en_50m__vs__en_bul_b,individualism->collectivism,0.14589287340641022,0.6837429404258728,0.02233586460351944
embedding_matrix,en_50m__vs__en_bul_b,ornate->plain,0.14513513445854187,0.6952164173126221,0.003702449845150113
embedding_matrix,en_50m__vs__en_bul_b,tradition->modernity,0.14485543966293335,0.5858570337295532,0.042177580296993256
embedding_matrix,en_50m__vs__en_bul_b,solidarity->competition,0.14434748888015747,0.6199731230735779,-0.04621336981654167
embedding_matrix,en_50m__vs__en_bul_b,federal->centralized,0.142783984541893,0.586581289768219,0.043773502111434937
embedding_matrix,en_50m__vs__en_bul_b,white->red,0.14246615767478943,0.6951240301132202,0.07812175154685974
embedding_matrix,en_50m__vs__en_bul_b,elder->youth,0.1415482461452484,0.6404662132263184,-0.03848157078027725
embedding_matrix,en_50m__vs__en_bul_b,pilgrim->spectator,0.13939419388771057,0.5339173674583435,-0.014860657043755054
embedding_matrix,en_50m__vs__en_bul_b,ancestor->novelty,0.13630054891109467,0.7541314959526062,-0.06370042264461517
embedding_matrix,en_50m__vs__en_bul_b,lunar->solar,0.1359260529279709,0.7100536823272705,-0.009995746426284313
embedding_matrix,en_50m__vs__en_bul_b,authority->deliberation,0.134905606508255,0.5540256500244141,-0.025344563648104668
embedding_matrix,en_50m__vs__en_bul_b,patronage->meritocracy,0.1315920054912567,0.697869062423706,0.014435829594731331
embedding_matrix,en_50m__vs__en_bul_b,kin->stranger,0.1298830807209015,0.5959005951881409,-0.028786838054656982
embedding_matrix,en_50m__vs__en_bul_b,tea->coffee,0.1281512826681137,0.7345884442329407,0.0012339401291683316
embedding_matrix,en_50m__vs__en_bul_b,modest->revealing,0.1261492222547531,0.6135173439979553,0.03496212512254715
embedding_matrix,en_50m__vs__en_bul_b,indigenous->diaspora,0.12541928887367249,0.5831267237663269,-0.015485390089452267
embedding_matrix,en_50m__vs__en_bul_b,fasting->feasting,0.12478181719779968,0.6193276643753052,-0.01833958923816681
embedding_matrix,en_50m__vs__en_bul_b,prayer->reason,0.12455667555332184,0.613979160785675,0.05948445200920105
embedding_matrix,en_50m__vs__en_bul_b,black->gold,0.124274842441082,0.6712577939033508,0.0022769698407500982
embedding_matrix,en_50m__vs__en_bul_b,fermented->fresh,0.12164200097322464,0.6468738913536072,-0.0410018227994442
embedding_matrix,en_50m__vs__en_bul_b,assimilation->pluralism,0.12087275087833405,0.5809133052825928,-0.027414238080382347
embedding_matrix,en_50m__vs__en_bul_b,formal->casual,0.11893206834793091,0.6270305514335632,0.0534728579223156
embedding_matrix,en_50m__vs__en_bul_b,hierarchy->equality,0.11767175793647766,0.7097994089126587,-0.04030366614460945
embedding_matrix,en_50m__vs__en_bul_b,clan->individual,0.11683245748281479,0.5059419870376587,-0.002023876179009676
embedding_matrix,en_50m__vs__en_bul_b,sacred->secular,0.11631178110837936,0.6544086933135986,0.00820111483335495
embedding_matrix,en_50m__vs__en_bul_b,pilgrimage->tourism,0.11602839827537537,0.6872533559799194,0.04275621101260185
embedding_matrix,en_50m__vs__en_bul_b,democracy->monarchy,0.11489401012659073,0.7276822328567505,0.03849632292985916
embedding_matrix,en_50m__vs__en_bul_b,customary->codified,0.11464186012744904,0.6940773725509644,0.022602634504437447
embedding_matrix,en_50m__vs__en_bul_b,certainty->ambiguity,0.11324895173311234,0.6619374752044678,0.02671162411570549
embedding_matrix,en_50m__vs__en_bul_b,obedience->autonomy,0.11264431476593018,0.6734106540679932,0.01964719034731388
embedding_matrix,en_50m__vs__en_bul_b,script->image,0.11094214767217636,0.7065410017967224,0.02024957351386547
embedding_matrix,en_50m__vs__en_bul_b,duty->freedom,0.11011715233325958,0.6670989990234375,0.008105296641588211
embedding_matrix,en_50m__vs__en_bul_b,honor->shame,0.1097806915640831,0.6752590537071228,-0.028899969533085823
embedding_matrix,en_50m__vs__en_bul_b,homeland->migration,0.10822712630033493,0.5990901589393616,-0.037602853029966354
embedding_matrix,en_50m__vs__en_bul_b,rice->bread,0.10701309889554977,0.6142589449882507,0.05062354728579521
embedding_matrix,en_50m__vs__en_bul_b,local->global,0.10606665909290314,0.6713699102401733,0.017812641337513924
embedding_matrix,en_50m__vs__en_bul_b,veiled->unveiled,0.10536807030439377,0.6277203559875488,0.0011256551370024681
embedding_matrix,en_50m__vs__en_bul_b,uniform->personalized,0.10500453412532806,0.6362152099609375,0.04069916531443596
embedding_matrix,en_50m__vs__en_ind_a,spicy->mild,0.18389031291007996,0.8005793690681458,-0.11405688524246216
embedding_matrix,en_50m__vs__en_ind_a,restraint->indulgence,0.17678774893283844,0.6901951432228088,0.11163415759801865
embedding_matrix,en_50m__vs__en_ind_a,vegetarian->meat,0.16669951379299164,0.7100768685340881,0.015131231397390366
embedding_matrix,en_50m__vs__en_ind_a,ritual->routine,0.16432014107704163,0.7828689217567444,0.09744148701429367
embedding_matrix,en_50m__vs__en_ind_a,fermented->fresh,0.16017751395702362,0.7152329087257385,-0.07786346226930618
embedding_matrix,en_50m__vs__en_ind_a,pilgrim->spectator,0.1419752836227417,0.6333889365196228,0.05652635917067528
embedding_matrix,en_50m__vs__en_ind_a,elder->youth,0.14018447697162628,0.6916093826293945,-0.08380389213562012
embedding_matrix,en_50m__vs__en_ind_a,mourning->celebration,0.13921405375003815,0.7722392678260803,0.010025285184383392
embedding_matrix,en_50m__vs__en_ind_a,certainty->ambiguity,0.1391831785440445,0.75001060962677,0.036838941276073456
embedding_matrix,en_50m__vs__en_ind_a,federal->centralized,0.13858355581760406,0.6404716968536377,0.03210241720080376
embedding_matrix,en_50m__vs__en_ind_a,prayer->reason,0.1363152116537094,0.642699658870697,0.06502505391836166
embedding_matrix,en_50m__vs__en_ind_a,conformity->dissent,0.13492664694786072,0.7043865919113159,-0.016777148470282555
embedding_matrix,en_50m__vs__en_ind_a,customary->codified,0.13453704118728638,0.7258546948432922,0.07239167392253876
embedding_matrix,en_50m__vs__en_ind_a,ornate->plain,0.13162879645824432,0.6500876545906067,-0.051401928067207336
embedding_matrix,en_50m__vs__en_ind_a,lotus->rose,0.13082177937030792,0.6207541823387146,-0.02491098828613758
embedding_matrix,en_50m__vs__en_ind_a,indigenous->diaspora,0.13068878650665283,0.5820038914680481,0.03504292294383049
embedding_matrix,en_50m__vs__en_ind_a,lineage->mobility,0.13019265234470367,0.7412282824516296,-0.029790395870804787
embedding_matrix,en_50m__vs__en_ind_a,lunar->solar,0.12875746190547943,0.7115899324417114,-0.04475967586040497
embedding_matrix,en_50m__vs__en_ind_a,hierarchy->equality,0.12782688438892365,0.6898378133773804,0.022257262840867043
embedding_matrix,en_50m__vs__en_ind_a,dragon->eagle,0.12729239463806152,0.6907241940498352,-0.023760899901390076
embedding_matrix,en_50m__vs__en_ind_a,fasting->feasting,0.1269512176513672,0.6186412572860718,-0.04221094027161598
embedding_matrix,en_50m__vs__en_ind_a,taboo->permissive,0.1267911046743393,0.6085556149482727,0.001612336141988635
embedding_matrix,en_50m__vs__en_ind_a,ancestor->novelty,0.12658345699310303,0.6446430683135986,0.012513571418821812
embedding_matrix,en_50m__vs__en_ind_a,modest->revealing,0.12622199952602386,0.6305223107337952,0.027707599103450775
embedding_matrix,en_50m__vs__en_ind_a,kin->stranger,0.12538084387779236,0.6726490259170532,0.02589811384677887
embedding_matrix,en_50m__vs__en_ind_a,tradition->modernity,0.12496046721935272,0.5406674146652222,0.04197465628385544
embedding_matrix,en_50m__vs__en_ind_a,authority->deliberation,0.12489039450883865,0.5661327838897705,-0.026105763390660286
embedding_matrix,en_50m__vs__en_ind_a,obedience->autonomy,0.12407530844211578,0.7235161066055298,0.055174972862005234
embedding_matrix,en_50m__vs__en_ind_a,pilgrimage->tourism,0.12405363470315933,0.6510693430900574,0.013899579644203186
embedding_matrix,en_50m__vs__en_ind_a,solidarity->competition,0.12382066249847412,0.6344806551933289,-0.02690797857940197
embedding_matrix,en_50m__vs__en_ind_a,duty->freedom,0.1214480921626091,0.6890018582344055,0.055428992956876755
embedding_matrix,en_50m__vs__en_ind_a,individualism->collectivism,0.12065689265727997,0.6454350352287292,0.0027044066227972507
embedding_matrix,en_50m__vs__en_ind_a,democracy->monarchy,0.12024306505918503,0.7126067876815796,0.0343959741294384
embedding_matrix,en_50m__vs__en_ind_a,formal->casual,0.12021485716104507,0.6511002779006958,0.03147470951080322
embedding_matrix,en_50m__vs__en_ind_a,clan->individual,0.12014970183372498,0.5252047777175903,0.010503132827579975
embedding_matrix,en_50m__vs__en_ind_a,patronage->meritocracy,0.11910885572433472,0.6494247317314148,0.020728973671793938
embedding_matrix,en_50m__vs__en_ind_a,homeland->migration,0.11855722963809967,0.6873283982276917,-0.02678155153989792
embedding_matrix,en_50m__vs__en_ind_a,veiled->unveiled,0.1166868582367897,0.6715616583824158,-0.018121842294931412
embedding_matrix,en_50m__vs__en_ind_a,honor->shame,0.11612556129693985,0.693556547164917,-0.02129964902997017
embedding_matrix,en_50m__vs__en_ind_a,assimilation->pluralism,0.11285410076379776,0.6157135367393494,0.013434330001473427
embedding_matrix,en_50m__vs__en_ind_a,script->image,0.11187820136547089,0.6892797350883484,0.014406919479370117
embedding_matrix,en_50m__vs__en_ind_a,majority->minority,0.11019305139780045,0.5896280407905579,0.031481094658374786
embedding_matrix,en_50m__vs__en_ind_a,sacred->secular,0.10902318358421326,0.6264804601669312,-0.0009043941390700638
embedding_matrix,en_50m__vs__en_ind_a,white->red,0.10891970992088318,0.6958186626434326,0.010417025536298752
embedding_matrix,en_50m__vs__en_ind_a,local->global,0.1074194461107254,0.6844176054000854,-0.017970670014619827
embedding_matrix,en_50m__vs__en_ind_a,tea->coffee,0.10627076774835587,0.7094665169715881,0.040686048567295074
embedding_matrix,en_50m__vs__en_ind_a,mother->father,0.10571693629026413,0.6796843409538269,-0.014358106069266796
embedding_matrix,en_50m__vs__en_ind_a,black->gold,0.10485142469406128,0.6115775108337402,-0.007346623577177525
embedding_matrix,en_50m__vs__en_ind_a,uniform->personalized,0.10291381925344467,0.612760603427887,0.01086699403822422
embedding_matrix,en_50m__vs__en_ind_a,rice->bread,0.0989781841635704,0.6998691558837891,-0.0012119722086936235
embedding_matrix,en_50m__vs__en_ind_b,vegetarian->meat,0.1633126586675644,0.7498722672462463,0.0537964291870594
embedding_matrix,en_50m__vs__en_ind_b,dragon->eagle,0.15687412023544312,0.7682703137397766,-0.07990404963493347
embedding_matrix,en_50m__vs__en_ind_b,majority->minority,0.14929816126823425,0.7544913291931152,-0.03704651817679405
embedding_matrix,en_50m__vs__en_ind_b,spicy->mild,0.14387942850589752,0.7472087740898132,-0.09313347190618515
embedding_matrix,en_50m__vs__en_ind_b,restraint->indulgence,0.1396792232990265,0.6475682258605957,0.04521843418478966
embedding_matrix,en_50m__vs__en_ind_b,formal->casual,0.1366393119096756,0.6833040118217468,-0.009811727330088615
embedding_matrix,en_50m__vs__en_ind_b,lotus->rose,0.13428033888339996,0.6729457974433899,-0.050658080726861954
embedding_matrix,en_50m__vs__en_ind_b,ritual->routine,0.13335886597633362,0.7383068799972534,0.08063660562038422
embedding_matrix,en_50m__vs__en_ind_b,tradition->modernity,0.13328152894973755,0.5539281964302063,0.02559412084519863
embedding_matrix,en_50m__vs__en_ind_b,ornate->plain,0.13200940191745758,0.6548147201538086,-0.05930769070982933
embedding_matrix,en_50m__vs__en_ind_b,conformity->dissent,0.13075366616249084,0.6820894479751587,0.04531156271696091
embedding_matrix,en_50m__vs__en_ind_b,ancestor->novelty,0.13058242201805115,0.7428800463676453,-0.05438300967216492
embedding_matrix,en_50m__vs__en_ind_b,kin->stranger,0.1305464506149292,0.6894621849060059,0.014338882640004158
embedding_matrix,en_50m__vs__en_ind_b,individualism->collectivism,0.12984836101531982,0.6478191614151001,0.04744850471615791
embedding_matrix,en_50m__vs__en_ind_b,prayer->reason,0.12891638278961182,0.6568416357040405,0.004266875330358744
embedding_matrix,en_50m__vs__en_ind_b,modest->revealing,0.12868118286132812,0.6580421924591064,0.051110487431287766
embedding_matrix,en_50m__vs__en_ind_b,veiled->unveiled,0.12446064502000809,0.660958468914032,-0.03391577675938606
embedding_matrix,en_50m__vs__en_ind_b,mother->father,0.12437639385461807,0.7365590929985046,-0.05046261474490166
embedding_matrix,en_50m__vs__en_ind_b,patronage->meritocracy,0.12335672974586487,0.7455103993415833,-0.020854806527495384
embedding_matrix,en_50m__vs__en_ind_b,assimilation->pluralism,0.12310807406902313,0.5922021865844727,-0.033473506569862366
embedding_matrix,en_50m__vs__en_ind_b,indigenous->diaspora,0.12304453551769257,0.5794834494590759,-0.03424918279051781
embedding_matrix,en_50m__vs__en_ind_b,fasting->feasting,0.12295250594615936,0.640243411064148,-0.008555630221962929
embedding_matrix,en_50m__vs__en_ind_b,duty->freedom,0.12258778512477875,0.6994113922119141,0.02705998159945011
embedding_matrix,en_50m__vs__en_ind_b,pilgrimage->tourism,0.12197381258010864,0.7078299522399902,0.030943110585212708
embedding_matrix,en_50m__vs__en_ind_b,solidarity->competition,0.12122192233800888,0.5872520804405212,0.005212454125285149
embedding_matrix,en_50m__vs__en_ind_b,authority->deliberation,0.12049394845962524,0.5628227591514587,-0.04812689870595932
embedding_matrix,en_50m__vs__en_ind_b,federal->centralized,0.11980575323104858,0.6090313792228699,0.025927355512976646
embedding_matrix,en_50m__vs__en_ind_b,lunar->solar,0.11846824735403061,0.6967291235923767,-0.04486389458179474
embedding_matrix,en_50m__vs__en_ind_b,pilgrim->spectator,0.11659329384565353,0.5785096287727356,0.0029022127855569124
embedding_matrix,en_50m__vs__en_ind_b,mourning->celebration,0.11588892340660095,0.7063475847244263,0.0027721633668988943
embedding_matrix,en_50m__vs__en_ind_b,clan->individual,0.11371196061372757,0.5225096344947815,-0.012405866757035255
embedding_matrix,en_50m__vs__en_ind_b,certainty->ambiguity,0.1136629730463028,0.6767445802688599,0.018806762993335724
embedding_matrix,en_50m__vs__en_ind_b,fermented->fresh,0.11357277631759644,0.6876416206359863,-0.029743270948529243
embedding_matrix,en_50m__vs__en_ind_b,taboo->permissive,0.11324997991323471,0.6388549208641052,-0.029934275895357132
embedding_matrix,en_50m__vs__en_ind_b,black->gold,0.11279472708702087,0.6065123081207275,0.0014126820024102926
embedding_matrix,en_50m__vs__en_ind_b,white->red,0.11216197162866592,0.7205991744995117,0.023464610800147057
embedding_matrix,en_50m__vs__en_ind_b,elder->youth,0.11198677867650986,0.625573992729187,-0.025659557431936264
embedding_matrix,en_50m__vs__en_ind_b,homeland->migration,0.10987471044063568,0.6817479729652405,0.018906060606241226
embedding_matrix,en_50m__vs__en_ind_b,obedience->autonomy,0.10946200788021088,0.6706419587135315,0.027013882994651794
embedding_matrix,en_50m__vs__en_ind_b,local->global,0.10691037029027939,0.7074389457702637,0.00696159340441227
embedding_matrix,en_50m__vs__en_ind_b,lineage->mobility,0.10556024312973022,0.6727373003959656,-0.011549312621355057
embedding_matrix,en_50m__vs__en_ind_b,customary->codified,0.10542866587638855,0.7414036989212036,-0.0001492142619099468
embedding_matrix,en_50m__vs__en_ind_b,honor->shame,0.10490769892930984,0.6941314935684204,-0.011882194317877293
embedding_matrix,en_50m__vs__en_ind_b,sacred->secular,0.10272849351167679,0.6442044973373413,0.013338473625481129
embedding_matrix,en_50m__vs__en_ind_b,rice->bread,0.10173413902521133,0.6713042259216309,0.00884291809052229
embedding_matrix,en_50m__vs__en_ind_b,democracy->monarchy,0.10117287188768387,0.7075464129447937,0.030692612752318382
embedding_matrix,en_50m__vs__en_ind_b,uniform->personalized,0.10105428844690323,0.6346402764320374,0.02593677118420601
embedding_matrix,en_50m__vs__en_ind_b,script->image,0.10056758671998978,0.6572566032409668,0.024321923032402992
embedding_matrix,en_50m__vs__en_ind_b,hierarchy->equality,0.09972905367612839,0.674564778804779,0.00469717662781477
embedding_matrix,en_50m__vs__en_ind_b,tea->coffee,0.09595230966806412,0.6737627983093262,0.02136838063597679
embedding_matrix,en_50m__vs__en_deu_a,vegetarian->meat,0.18436849117279053,0.7543919682502747,0.055882759392261505
embedding_matrix,en_50m__vs__en_deu_a,spicy->mild,0.17170363664627075,0.7854627370834351,-0.107105553150177
embedding_matrix,en_50m__vs__en_deu_a,restraint->indulgence,0.16205859184265137,0.6659305095672607,0.07677439600229263
embedding_matrix,en_50m__vs__en_deu_a,majority->minority,0.15443280339241028,0.7193714380264282,-0.060091983526945114
embedding_matrix,en_50m__vs__en_deu_a,duty->freedom,0.15078231692314148,0.7567374110221863,0.05933444947004318
embedding_matrix,en_50m__vs__en_deu_a,customary->codified,0.14909633994102478,0.7472327351570129,0.06126866489648819
embedding_matrix,en_50m__vs__en_deu_a,taboo->permissive,0.14839577674865723,0.5748308897018433,-0.07588619738817215
embedding_matrix,en_50m__vs__en_deu_a,pilgrimage->tourism,0.14543209969997406,0.7124587297439575,-0.015827300027012825
embedding_matrix,en_50m__vs__en_deu_a,obedience->autonomy,0.14236479997634888,0.7209150195121765,-0.01236990187317133
embedding_matrix,en_50m__vs__en_deu_a,uniform->personalized,0.14183254539966583,0.7480671405792236,0.07509845495223999
embedding_matrix,en_50m__vs__en_deu_a,veiled->unveiled,0.14087478816509247,0.7137902975082397,0.030576860532164574
embedding_matrix,en_50m__vs__en_deu_a,hierarchy->equality,0.13926295936107635,0.7537867426872253,-0.033307045698165894
embedding_matrix,en_50m__vs__en_deu_a,mother->father,0.1372244656085968,0.7360831499099731,-0.04828502982854843
embedding_matrix,en_50m__vs__en_deu_a,certainty->ambiguity,0.13538184762001038,0.699779748916626,0.017536437138915062
embedding_matrix,en_50m__vs__en_deu_a,lotus->rose,0.13449087738990784,0.6363363862037659,-0.0136070242151618
embedding_matrix,en_50m__vs__en_deu_a,pilgrim->spectator,0.13420014083385468,0.6199766993522644,0.04956880956888199
embedding_matrix,en_50m__vs__en_deu_a,federal->centralized,0.13337589800357819,0.6659705638885498,0.012734602205455303
embedding_matrix,en_50m__vs__en_deu_a,kin->stranger,0.13171178102493286,0.6699390411376953,0.050494421273469925
embedding_matrix,en_50m__vs__en_deu_a,dragon->eagle,0.13054409623146057,0.7136920094490051,-0.041376788169145584
embedding_matrix,en_50m__vs__en_deu_a,ancestor->novelty,0.12998777627944946,0.7077462673187256,-0.024255558848381042
embedding_matrix,en_50m__vs__en_deu_a,tea->coffee,0.12963677942752838,0.7157111763954163,-0.019962681457400322
embedding_matrix,en_50m__vs__en_deu_a,sacred->secular,0.1294574737548828,0.6445705890655518,-0.041487183421850204
embedding_matrix,en_50m__vs__en_deu_a,fasting->feasting,0.1293829381465912,0.6749699711799622,0.0030715700704604387
embedding_matrix,en_50m__vs__en_deu_a,ritual->routine,0.1288464069366455,0.7100561261177063,0.04525122418999672
embedding_matrix,en_50m__vs__en_deu_a,authority->deliberation,0.12867648899555206,0.5896854996681213,-0.043009039014577866
embedding_matrix,en_50m__vs__en_deu_a,solidarity->competition,0.12830792367458344,0.6074661016464233,-0.04631844535470009
embedding_matrix,en_50m__vs__en_deu_a,formal->casual,0.1277681291103363,0.6401028037071228,0.03608435019850731
embedding_matrix,en_50m__vs__en_deu_a,patronage->meritocracy,0.12622569501399994,0.6661171913146973,-0.02943291887640953
embedding_matrix,en_50m__vs__en_deu_a,clan->individual,0.12454444915056229,0.4909951686859131,-0.034620657563209534
embedding_matrix,en_50m__vs__en_deu_a,rice->bread,0.12444005161523819,0.647636353969574,0.017258010804653168
embedding_matrix,en_50m__vs__en_deu_a,ornate->plain,0.12379999458789825,0.6404116153717041,-0.018783090636134148
embedding_matrix,en_50m__vs__en_deu_a,modest->revealing,0.1236138790845871,0.624426007270813,0.02075917460024357
embedding_matrix,en_50m__vs__en_deu_a,mourning->celebration,0.12348128110170364,0.7172482013702393,-0.021392248570919037
embedding_matrix,en_50m__vs__en_deu_a,conformity->dissent,0.12280232459306717,0.7289737462997437,-0.04528142511844635
embedding_matrix,en_50m__vs__en_deu_a,democracy->monarchy,0.12267935276031494,0.7210719585418701,-0.006004628725349903
embedding_matrix,en_50m__vs__en_deu_a,prayer->reason,0.12201763689517975,0.6264355182647705,0.021954245865345
embedding_matrix,en_50m__vs__en_deu_a,elder->youth,0.12158729881048203,0.6136202216148376,0.003303482895717025
embedding_matrix,en_50m__vs__en_deu_a,black->gold,0.12154373526573181,0.6223317980766296,0.024331042543053627
embedding_matrix,en_50m__vs__en_deu_a,honor->shame,0.12101138383150101,0.7065173387527466,0.02360282465815544
embedding_matrix,en_50m__vs__en_deu_a,individualism->collectivism,0.12060622870922089,0.6360507607460022,0.019659193232655525
embedding_matrix,en_50m__vs__en_deu_a,white->red,0.11965416371822357,0.7316717505455017,0.013001975603401661
embedding_matrix,en_50m__vs__en_deu_a,script->image,0.11868945509195328,0.6649291515350342,-0.04884152114391327
embedding_matrix,en_50m__vs__en_deu_a,tradition->modernity,0.11788804829120636,0.5254824161529541,0.004846248775720596
embedding_matrix,en_50m__vs__en_deu_a,local->global,0.1175561249256134,0.6774312257766724,-0.050691161304712296
embedding_matrix,en_50m__vs__en_deu_a,indigenous->diaspora,0.11701495200395584,0.5756708979606628,-0.014581591822206974
embedding_matrix,en_50m__vs__en_deu_a,fermented->fresh,0.11605075746774673,0.6380208730697632,-0.028208427131175995
embedding_matrix,en_50m__vs__en_deu_a,assimilation->pluralism,0.11531736701726913,0.6116917729377747,0.00011695146531565115
embedding_matrix,en_50m__vs__en_deu_a,lineage->mobility,0.11072441190481186,0.6425490975379944,-0.012350734323263168
embedding_matrix,en_50m__vs__en_deu_a,lunar->solar,0.11010637134313583,0.6789422631263733,0.0006785945734009147
embedding_matrix,en_50m__vs__en_deu_a,homeland->migration,0.09838160127401352,0.6673371195793152,0.02327958680689335
embedding_matrix,en_50m__vs__en_deu_b,spicy->mild,0.22813741862773895,0.8257355690002441,-0.16499954462051392
embedding_matrix,en_50m__vs__en_deu_b,vegetarian->meat,0.16630780696868896,0.7340182065963745,0.032289955765008926
embedding_matrix,en_50m__vs__en_deu_b,authority->deliberation,0.16252361238002777,0.6715672612190247,-0.0923984944820404
embedding_matrix,en_50m__vs__en_deu_b,solidarity->competition,0.16185228526592255,0.6820207238197327,0.01805483177304268
embedding_matrix,en_50m__vs__en_deu_b,elder->youth,0.159900963306427,0.6965693235397339,-0.08834859728813171
embedding_matrix,en_50m__vs__en_deu_b,pilgrimage->tourism,0.1566520631313324,0.6607321500778198,-0.07049437612295151
embedding_matrix,en_50m__vs__en_deu_b,federal->centralized,0.15451909601688385,0.6508614420890808,0.06202106550335884
embedding_matrix,en_50m__vs__en_deu_b,lotus->rose,0.15428650379180908,0.6641310453414917,-0.08861800283193588
embedding_matrix,en_50m__vs__en_deu_b,majority->minority,0.15311840176582336,0.7108657360076904,-0.0637388527393341
embedding_matrix,en_50m__vs__en_deu_b,individualism->collectivism,0.1511215716600418,0.6399655342102051,0.08251208811998367
embedding_matrix,en_50m__vs__en_deu_b,clan->individual,0.15095776319503784,0.5806578993797302,-0.05211421102285385
embedding_matrix,en_50m__vs__en_deu_b,democracy->monarchy,0.14935027062892914,0.7234882712364197,0.06132952496409416
embedding_matrix,en_50m__vs__en_deu_b,script->image,0.1430351883172989,0.7602443695068359,0.031618475914001465
embedding_matrix,en_50m__vs__en_deu_b,modest->revealing,0.1419876366853714,0.7132294774055481,-0.04041066765785217
embedding_matrix,en_50m__vs__en_deu_b,ancestor->novelty,0.1418006271123886,0.7458745241165161,-0.06960152834653854
embedding_matrix,en_50m__vs__en_deu_b,dragon->eagle,0.13951388001441956,0.7451186776161194,-0.06130967289209366
embedding_matrix,en_50m__vs__en_deu_b,taboo->permissive,0.13949835300445557,0.6464275121688843,-0.0004965009866282344
embedding_matrix,en_50m__vs__en_deu_b,tradition->modernity,0.13897296786308289,0.5430269241333008,0.025433657690882683
embedding_matrix,en_50m__vs__en_deu_b,restraint->indulgence,0.13766442239284515,0.6438897848129272,-0.000403459562221542
embedding_matrix,en_50m__vs__en_deu_b,hierarchy->equality,0.13600565493106842,0.7685977816581726,-0.014664551243185997
embedding_matrix,en_50m__vs__en_deu_b,fermented->fresh,0.13585464656352997,0.6755586862564087,-0.037813860923051834
embedding_matrix,en_50m__vs__en_deu_b,ritual->routine,0.13424108922481537,0.7233068943023682,0.04793576896190643
embedding_matrix,en_50m__vs__en_deu_b,honor->shame,0.13360852003097534,0.6889380812644958,0.025749817490577698
embedding_matrix,en_50m__vs__en_deu_b,indigenous->diaspora,0.13260233402252197,0.5812095999717712,0.031503766775131226
embedding_matrix,en_50m__vs__en_deu_b,pilgrim->spectator,0.13260041177272797,0.6191056370735168,0.00867738388478756
embedding_matrix,en_50m__vs__en_deu_b,lunar->solar,0.12970468401908875,0.7149672508239746,0.053401533514261246
embedding_matrix,en_50m__vs__en_deu_b,fasting->feasting,0.1291399896144867,0.6586959362030029,-0.007600280921906233
embedding_matrix,en_50m__vs__en_deu_b,mourning->celebration,0.12892284989356995,0.7001961469650269,0.003632762935012579
embedding_matrix,en_50m__vs__en_deu_b,assimilation->pluralism,0.1285218745470047,0.5930917859077454,-0.036441702395677567
embedding_matrix,en_50m__vs__en_deu_b,rice->bread,0.12712782621383667,0.7411623597145081,-0.04206773638725281
embedding_matrix,en_50m__vs__en_deu_b,homeland->migration,0.12686944007873535,0.7084852457046509,0.015504545532166958
embedding_matrix,en_50m__vs__en_deu_b,customary->codified,0.1267673373222351,0.7392987012863159,0.06715811789035797
embedding_matrix,en_50m__vs__en_deu_b,prayer->reason,0.12652240693569183,0.6332200765609741,0.0342991016805172
embedding_matrix,en_50m__vs__en_deu_b,black->gold,0.12445759773254395,0.6747649312019348,-0.009340004064142704
embedding_matrix,en_50m__vs__en_deu_b,mother->father,0.12312418222427368,0.7091968655586243,-0.026076944544911385
embedding_matrix,en_50m__vs__en_deu_b,uniform->personalized,0.12162622064352036,0.6438071727752686,0.02997692860662937
embedding_matrix,en_50m__vs__en_deu_b,formal->casual,0.1207815557718277,0.6492611169815063,0.001255492214113474
embedding_matrix,en_50m__vs__en_deu_b,ornate->plain,0.12068824470043182,0.6386638283729553,-0.01750626415014267
embedding_matrix,en_50m__vs__en_deu_b,duty->freedom,0.1203034520149231,0.7013797760009766,0.047491613775491714
embedding_matrix,en_50m__vs__en_deu_b,veiled->unveiled,0.11941640079021454,0.6554345488548279,0.032176487147808075
embedding_matrix,en_50m__vs__en_deu_b,white->red,0.11701346188783646,0.7009415030479431,0.02799493446946144
embedding_matrix,en_50m__vs__en_deu_b,obedience->autonomy,0.11497245728969574,0.6741449236869812,0.02417026460170746
embedding_matrix,en_50m__vs__en_deu_b,kin->stranger,0.11434659361839294,0.6146913170814514,0.029133165255188942
embedding_matrix,en_50m__vs__en_deu_b,conformity->dissent,0.1139865443110466,0.6833182573318481,-0.033574286848306656
embedding_matrix,en_50m__vs__en_deu_b,patronage->meritocracy,0.11310207843780518,0.6536493897438049,-0.01957317627966404
embedding_matrix,en_50m__vs__en_deu_b,tea->coffee,0.11240284889936447,0.6949136853218079,-0.0050221881829202175
embedding_matrix,en_50m__vs__en_deu_b,local->global,0.11194217205047607,0.662278413772583,-0.04534182697534561
embedding_matrix,en_50m__vs__en_deu_b,lineage->mobility,0.11062642931938171,0.7032326459884644,-0.0315500870347023
embedding_matrix,en_50m__vs__en_deu_b,sacred->secular,0.10893981158733368,0.6488462090492249,-0.04106556251645088
embedding_matrix,en_50m__vs__en_deu_b,certainty->ambiguity,0.10582778602838516,0.7066446542739868,0.036185380071401596
embedding_matrix,en_100m__vs__en_zh_a,kin->stranger,0.240370973944664,0.7202931046485901,0.15545585751533508
embedding_matrix,en_100m__vs__en_zh_a,elder->youth,0.22018951177597046,0.713457465171814,-0.17650675773620605
embedding_matrix,en_100m__vs__en_zh_a,customary->codified,0.21138115227222443,0.7828448414802551,-0.15051834285259247
embedding_matrix,en_100m__vs__en_zh_a,taboo->permissive,0.2020123153924942,0.6892449855804443,0.16015881299972534
embedding_matrix,en_100m__vs__en_zh_a,ritual->routine,0.19587698578834534,0.7640032768249512,-0.12529578804969788
embedding_matrix,en_100m__vs__en_zh_a,rice->bread,0.19468531012535095,0.7514743804931641,-0.05007562041282654
embedding_matrix,en_100m__vs__en_zh_a,indigenous->diaspora,0.19411425292491913,0.6484620571136475,0.03820943832397461
embedding_matrix,en_100m__vs__en_zh_a,clan->individual,0.19228167831897736,0.6602218747138977,-0.0590314120054245
embedding_matrix,en_100m__vs__en_zh_a,solidarity->competition,0.1892661154270172,0.6749048233032227,-0.12345287203788757
embedding_matrix,en_100m__vs__en_zh_a,lotus->rose,0.18830327689647675,0.6616725325584412,0.04340110719203949
embedding_matrix,en_100m__vs__en_zh_a,mother->father,0.18390023708343506,0.7819477319717407,-0.13492397964000702
embedding_matrix,en_100m__vs__en_zh_a,individualism->collectivism,0.18313178420066833,0.6343127489089966,0.03483717143535614
embedding_matrix,en_100m__vs__en_zh_a,certainty->ambiguity,0.18247249722480774,0.7423564195632935,-0.018819022923707962
embedding_matrix,en_100m__vs__en_zh_a,sacred->secular,0.17885231971740723,0.7042747139930725,-0.11321516335010529
embedding_matrix,en_100m__vs__en_zh_a,ancestor->novelty,0.17739364504814148,0.711458146572113,-0.11596889048814774
embedding_matrix,en_100m__vs__en_zh_a,tradition->modernity,0.17668813467025757,0.6350356340408325,0.021572180092334747
embedding_matrix,en_100m__vs__en_zh_a,obedience->autonomy,0.17650100588798523,0.7138122916221619,-0.08891575783491135
embedding_matrix,en_100m__vs__en_zh_a,script->image,0.17611174285411835,0.7172197103500366,0.012944698333740234
embedding_matrix,en_100m__vs__en_zh_a,fasting->feasting,0.17598304152488708,0.7104271054267883,-0.0030254116281867027
embedding_matrix,en_100m__vs__en_zh_a,prayer->reason,0.17418372631072998,0.6044158935546875,0.08987782895565033
embedding_matrix,en_100m__vs__en_zh_a,uniform->personalized,0.17226648330688477,0.6707209944725037,-0.03970771282911301
embedding_matrix,en_100m__vs__en_zh_a,conformity->dissent,0.16837796568870544,0.7350562214851379,0.01793946884572506
embedding_matrix,en_100m__vs__en_zh_a,lunar->solar,0.16803237795829773,0.7299810647964478,-0.009117381647229195
embedding_matrix,en_100m__vs__en_zh_a,assimilation->pluralism,0.16728025674819946,0.5592657923698425,-0.010710124857723713
embedding_matrix,en_100m__vs__en_zh_a,spicy->mild,0.1639510542154312,0.7546894550323486,-0.02611786685883999
embedding_matrix,en_100m__vs__en_zh_a,vegetarian->meat,0.1636238545179367,0.7116255164146423,-0.0577530674636364
embedding_matrix,en_100m__vs__en_zh_a,authority->deliberation,0.16327302157878876,0.6746379137039185,-0.021682430058717728
embedding_matrix,en_100m__vs__en_zh_a,ornate->plain,0.16179291903972626,0.6445193886756897,-0.04074793681502342
embedding_matrix,en_100m__vs__en_zh_a,patronage->meritocracy,0.16003884375095367,0.5988452434539795,0.005561094265431166
embedding_matrix,en_100m__vs__en_zh_a,democracy->monarchy,0.1595112681388855,0.7388240694999695,-0.03766007348895073
embedding_matrix,en_100m__vs__en_zh_a,modest->revealing,0.15898412466049194,0.6227855086326599,0.014016757719218731
embedding_matrix,en_100m__vs__en_zh_a,lineage->mobility,0.1586693674325943,0.6945360898971558,-0.05859040841460228
embedding_matrix,en_100m__vs__en_zh_a,pilgrim->spectator,0.1562562882900238,0.5769734978675842,-0.023832984268665314
embedding_matrix,en_100m__vs__en_zh_a,formal->casual,0.1558304727077484,0.6339137554168701,-0.07093890011310577
embedding_matrix,en_100m__vs__en_zh_a,hierarchy->equality,0.15378963947296143,0.7064117789268494,0.013910784386098385
embedding_matrix,en_100m__vs__en_zh_a,restraint->indulgence,0.1534467488527298,0.6485708951950073,-0.009811746887862682
embedding_matrix,en_100m__vs__en_zh_a,dragon->eagle,0.15328216552734375,0.6643621921539307,-0.040078092366456985
embedding_matrix,en_100m__vs__en_zh_a,black->gold,0.14994588494300842,0.655517578125,-0.006869218312203884
embedding_matrix,en_100m__vs__en_zh_a,federal->centralized,0.1485690474510193,0.6053653359413147,0.03136218711733818
embedding_matrix,en_100m__vs__en_zh_a,mourning->celebration,0.14768067002296448,0.6975754499435425,-0.03095954656600952
embedding_matrix,en_100m__vs__en_zh_a,honor->shame,0.14739228785037994,0.697658360004425,0.053534772247076035
embedding_matrix,en_100m__vs__en_zh_a,duty->freedom,0.14654938876628876,0.711593747138977,-0.026942875236272812
embedding_matrix,en_100m__vs__en_zh_a,fermented->fresh,0.14440520107746124,0.6714876294136047,-0.053806599229574203
embedding_matrix,en_100m__vs__en_zh_a,majority->minority,0.14433720707893372,0.707005500793457,0.03169845789670944
embedding_matrix,en_100m__vs__en_zh_a,veiled->unveiled,0.14383527636528015,0.6667330861091614,0.04967840760946274
embedding_matrix,en_100m__vs__en_zh_a,pilgrimage->tourism,0.1389978677034378,0.7206832766532898,-0.08342866599559784
embedding_matrix,en_100m__vs__en_zh_a,local->global,0.13755129277706146,0.6580322980880737,-0.05375067517161369
embedding_matrix,en_100m__vs__en_zh_a,white->red,0.1273677498102188,0.7237557172775269,-0.02391989156603813
embedding_matrix,en_100m__vs__en_zh_a,homeland->migration,0.12494971603155136,0.6657482981681824,-0.01159057579934597
embedding_matrix,en_100m__vs__en_zh_a,tea->coffee,0.12426667660474777,0.7116881608963013,0.001780782244168222
embedding_matrix,en_100m__vs__en_zh_b,tradition->modernity,0.21545684337615967,0.6678766012191772,0.05521398410201073
embedding_matrix,en_100m__vs__en_zh_b,veiled->unveiled,0.20955853164196014,0.7331938147544861,0.11452536284923553
embedding_matrix,en_100m__vs__en_zh_b,modest->revealing,0.20275913178920746,0.6846761107444763,0.03127157688140869
embedding_matrix,en_100m__vs__en_zh_b,pilgrimage->tourism,0.19738364219665527,0.7874997854232788,-0.1592639982700348
embedding_matrix,en_100m__vs__en_zh_b,democracy->monarchy,0.19563546776771545,0.7810271382331848,-0.0850149542093277
embedding_matrix,en_100m__vs__en_zh_b,uniform->personalized,0.19239142537117004,0.6725330948829651,0.09724981337785721
embedding_matrix,en_100m__vs__en_zh_b,prayer->reason,0.19192907214164734,0.6914505362510681,0.011758389882743359
embedding_matrix,en_100m__vs__en_zh_b,dragon->eagle,0.18809549510478973,0.7129557132720947,-0.06610991805791855
embedding_matrix,en_100m__vs__en_zh_b,clan->individual,0.1820056140422821,0.6709156632423401,-0.06343329697847366
embedding_matrix,en_100m__vs__en_zh_b,obedience->autonomy,0.17981518805027008,0.7607160806655884,-0.051471047103405
embedding_matrix,en_100m__vs__en_zh_b,majority->minority,0.17787893116474152,0.7155351042747498,-0.08705487102270126
embedding_matrix,en_100m__vs__en_zh_b,taboo->permissive,0.17701491713523865,0.5902451872825623,0.013959153555333614
embedding_matrix,en_100m__vs__en_zh_b,pilgrim->spectator,0.17433157563209534,0.5654672980308533,0.02399497479200363
embedding_matrix,en_100m__vs__en_zh_b,kin->stranger,0.17271368205547333,0.6136893033981323,0.01651463285088539
embedding_matrix,en_100m__vs__en_zh_b,ancestor->novelty,0.17242394387722015,0.7071274518966675,-0.09637867659330368
embedding_matrix,en_100m__vs__en_zh_b,assimilation->pluralism,0.1721964329481125,0.5986605286598206,0.034014470875263214
embedding_matrix,en_100m__vs__en_zh_b,customary->codified,0.17111104726791382,0.5953798890113831,-0.07360638678073883
embedding_matrix,en_100m__vs__en_zh_b,indigenous->diaspora,0.17007938027381897,0.6512758731842041,0.05474425479769707
embedding_matrix,en_100m__vs__en_zh_b,patronage->meritocracy,0.16835962235927582,0.6823902726173401,0.05416277423501015
embedding_matrix,en_100m__vs__en_zh_b,ritual->routine,0.16756334900856018,0.6618189215660095,0.014297261834144592
embedding_matrix,en_100m__vs__en_zh_b,authority->deliberation,0.16457200050354004,0.677871823310852,-0.02748505026102066
embedding_matrix,en_100m__vs__en_zh_b,individualism->collectivism,0.1645006686449051,0.6503563523292542,0.017554424703121185
embedding_matrix,en_100m__vs__en_zh_b,vegetarian->meat,0.16379272937774658,0.6863937973976135,-0.04900221899151802
embedding_matrix,en_100m__vs__en_zh_b,lineage->mobility,0.16313369572162628,0.7691614031791687,-0.044782426208257675
embedding_matrix,en_100m__vs__en_zh_b,lotus->rose,0.16303960978984833,0.6579781770706177,-0.04413115605711937
embedding_matrix,en_100m__vs__en_zh_b,restraint->indulgence,0.16247311234474182,0.6472269892692566,0.016038114205002785
embedding_matrix,en_100m__vs__en_zh_b,federal->centralized,0.16128025949001312,0.6710151433944702,-0.09181433171033859
embedding_matrix,en_100m__vs__en_zh_b,sacred->secular,0.15985532104969025,0.6709104180335999,-0.027855748310685158
embedding_matrix,en_100m__vs__en_zh_b,lunar->solar,0.15889285504817963,0.674234926700592,-0.03632832691073418
embedding_matrix,en_100m__vs__en_zh_b,black->gold,0.15712112188339233,0.6555981040000916,0.04319478198885918
embedding_matrix,en_100m__vs__en_zh_b,elder->youth,0.15661071240901947,0.6638230085372925,-0.0444701686501503
embedding_matrix,en_100m__vs__en_zh_b,ornate->plain,0.15566542744636536,0.7048808932304382,0.0368407778441906
embedding_matrix,en_100m__vs__en_zh_b,certainty->ambiguity,0.15476328134536743,0.7148269414901733,-0.0062643433921039104
embedding_matrix,en_100m__vs__en_zh_b,fasting->feasting,0.15398703515529633,0.6612186431884766,-0.07337047904729843
embedding_matrix,en_100m__vs__en_zh_b,solidarity->competition,0.15353937447071075,0.7002825736999512,-0.0177288930863142
embedding_matrix,en_100m__vs__en_zh_b,hierarchy->equality,0.1517941951751709,0.7620884776115417,0.08483345806598663
embedding_matrix,en_100m__vs__en_zh_b,conformity->dissent,0.15158028900623322,0.7918155789375305,0.03389865159988403
embedding_matrix,en_100m__vs__en_zh_b,homeland->migration,0.15053784847259521,0.6354068517684937,-0.05441679060459137
embedding_matrix,en_100m__vs__en_zh_b,spicy->mild,0.1503516286611557,0.76913982629776,-0.05951162800192833
embedding_matrix,en_100m__vs__en_zh_b,tea->coffee,0.1466420441865921,0.7052313089370728,-0.033882804214954376
embedding_matrix,en_100m__vs__en_zh_b,script->image,0.1425095498561859,0.6865377426147461,-0.017103740945458412
embedding_matrix,en_100m__vs__en_zh_b,local->global,0.14064784348011017,0.6850425004959106,0.004080780781805515
embedding_matrix,en_100m__vs__en_zh_b,mourning->celebration,0.14021991193294525,0.6759883761405945,0.018331842496991158
embedding_matrix,en_100m__vs__en_zh_b,duty->freedom,0.13323846459388733,0.6985141634941101,-0.01466700341552496
embedding_matrix,en_100m__vs__en_zh_b,fermented->fresh,0.13304656744003296,0.6278326511383057,-0.028943495824933052
embedding_matrix,en_100m__vs__en_zh_b,honor->shame,0.1308920979499817,0.6752945780754089,0.0015723340911790729
embedding_matrix,en_100m__vs__en_zh_b,formal->casual,0.1301003396511078,0.5954340696334839,0.040431909263134
embedding_matrix,en_100m__vs__en_zh_b,mother->father,0.12870758771896362,0.6365365386009216,0.001947531709447503
embedding_matrix,en_100m__vs__en_zh_b,rice->bread,0.12658050656318665,0.6452314853668213,0.009968775324523449
embedding_matrix,en_100m__vs__en_zh_b,white->red,0.12628082931041718,0.7319688200950623,0.040325917303562164
embedding_matrix,en_100m__vs__en_fr_a,assimilation->pluralism,0.1761322319507599,0.651138186454773,0.06830998510122299
embedding_matrix,en_100m__vs__en_fr_a,sacred->secular,0.1691010594367981,0.7267530560493469,-0.0757836177945137
embedding_matrix,en_100m__vs__en_fr_a,kin->stranger,0.1680128425359726,0.648422122001648,0.09728763997554779
embedding_matrix,en_100m__vs__en_fr_a,dragon->eagle,0.16583877801895142,0.7608505487442017,-0.061833661049604416
embedding_matrix,en_100m__vs__en_fr_a,pilgrim->spectator,0.1644008457660675,0.6078882813453674,-0.06528360396623611
embedding_matrix,en_100m__vs__en_fr_a,uniform->personalized,0.1623745709657669,0.6883279085159302,-0.03828493878245354
embedding_matrix,en_100m__vs__en_fr_a,mother->father,0.16130779683589935,0.774050772190094,-0.09665318578481674
embedding_matrix,en_100m__vs__en_fr_a,spicy->mild,0.15976572036743164,0.7395557761192322,-0.05376618355512619
embedding_matrix,en_100m__vs__en_fr_a,conformity->dissent,0.15838153660297394,0.719313383102417,0.07648977637290955
embedding_matrix,en_100m__vs__en_fr_a,rice->bread,0.154879629611969,0.7292507886886597,-0.07081175595521927
embedding_matrix,en_100m__vs__en_fr_a,patronage->meritocracy,0.15483056008815765,0.6884838938713074,0.04931987076997757
embedding_matrix,en_100m__vs__en_fr_a,restraint->indulgence,0.1537829041481018,0.7272685170173645,0.03250011429190636
embedding_matrix,en_100m__vs__en_fr_a,clan->individual,0.1516404151916504,0.6292900443077087,-0.05238966643810272
embedding_matrix,en_100m__vs__en_fr_a,indigenous->diaspora,0.15140381455421448,0.5863404273986816,0.029923798516392708
embedding_matrix,en_100m__vs__en_fr_a,elder->youth,0.15131403505802155,0.7233724594116211,-0.041913703083992004
embedding_matrix,en_100m__vs__en_fr_a,obedience->autonomy,0.15025195479393005,0.732900857925415,-0.050388164818286896
embedding_matrix,en_100m__vs__en_fr_a,modest->revealing,0.14980749785900116,0.6163203120231628,-0.011321626603603363
embedding_matrix,en_100m__vs__en_fr_a,homeland->migration,0.14879611134529114,0.7498254776000977,0.011585534550249577
embedding_matrix,en_100m__vs__en_fr_a,ritual->routine,0.14867010712623596,0.7214875817298889,-0.06383679807186127
embedding_matrix,en_100m__vs__en_fr_a,lineage->mobility,0.14822816848754883,0.6513832211494446,-0.025753924623131752
embedding_matrix,en_100m__vs__en_fr_a,customary->codified,0.14791317284107208,0.5759947896003723,-0.04938627779483795
embedding_matrix,en_100m__vs__en_fr_a,formal->casual,0.14688102900981903,0.6151654720306396,-0.0024842906277626753
embedding_matrix,en_100m__vs__en_fr_a,lunar->solar,0.1461082100868225,0.7253387570381165,0.04159168899059296
embedding_matrix,en_100m__vs__en_fr_a,veiled->unveiled,0.14495502412319183,0.7426671385765076,0.06736545264720917
embedding_matrix,en_100m__vs__en_fr_a,democracy->monarchy,0.1449076384305954,0.6709937453269958,-0.005412915255874395
embedding_matrix,en_100m__vs__en_fr_a,fermented->fresh,0.14363721013069153,0.6538739800453186,-0.0476415641605854
embedding_matrix,en_100m__vs__en_fr_a,ancestor->novelty,0.14321301877498627,0.725600004196167,0.01285227295011282
embedding_matrix,en_100m__vs__en_fr_a,individualism->collectivism,0.1414051502943039,0.5796704888343811,0.02149820327758789
embedding_matrix,en_100m__vs__en_fr_a,honor->shame,0.14116345345973969,0.695547342300415,0.029720593243837357
embedding_matrix,en_100m__vs__en_fr_a,certainty->ambiguity,0.14104284346103668,0.7312573194503784,-0.020780300721526146
embedding_matrix,en_100m__vs__en_fr_a,mourning->celebration,0.14086943864822388,0.6502662301063538,0.05274913087487221
embedding_matrix,en_100m__vs__en_fr_a,lotus->rose,0.1391151249408722,0.6011640429496765,-0.02267507091164589
embedding_matrix,en_100m__vs__en_fr_a,pilgrimage->tourism,0.1387331634759903,0.6433538198471069,-0.04698896035552025
embedding_matrix,en_100m__vs__en_fr_a,federal->centralized,0.13786667585372925,0.620896577835083,-0.00798803847283125
embedding_matrix,en_100m__vs__en_fr_a,prayer->reason,0.1376008540391922,0.6144283413887024,-0.0032767686061561108
embedding_matrix,en_100m__vs__en_fr_a,authority->deliberation,0.13725751638412476,0.678535521030426,0.03750278800725937
embedding_matrix,en_100m__vs__en_fr_a,ornate->plain,0.13622814416885376,0.6147013902664185,-0.014929729513823986
embedding_matrix,en_100m__vs__en_fr_a,black->gold,0.13603125512599945,0.6568025946617126,0.029594682157039642
embedding_matrix,en_100m__vs__en_fr_a,fasting->feasting,0.13386116921901703,0.6753700971603394,0.04068201035261154
embedding_matrix,en_100m__vs__en_fr_a,tradition->modernity,0.13182826340198517,0.6069812178611755,0.0435907356441021
embedding_matrix,en_100m__vs__en_fr_a,duty->freedom,0.13168498873710632,0.6735591888427734,-0.0565497986972332
embedding_matrix,en_100m__vs__en_fr_a,local->global,0.13086079061031342,0.6573267579078674,0.009544068947434425
embedding_matrix,en_100m__vs__en_fr_a,taboo->permissive,0.12778690457344055,0.6779888272285461,0.03300775960087776
embedding_matrix,en_100m__vs__en_fr_a,solidarity->competition,0.12698356807231903,0.6379224061965942,-0.005437477957457304
embedding_matrix,en_100m__vs__en_fr_a,script->image,0.12572678923606873,0.6786205172538757,-0.028498757630586624
embedding_matrix,en_100m__vs__en_fr_a,tea->coffee,0.12453757226467133,0.7292572259902954,0.04270632937550545
embedding_matrix,en_100m__vs__en_fr_a,vegetarian->meat,0.1221046894788742,0.6379231214523315,-0.00023871040320955217
embedding_matrix,en_100m__vs__en_fr_a,majority->minority,0.11774756014347076,0.6371604800224304,0.013391709886491299
embedding_matrix,en_100m__vs__en_fr_a,white->red,0.1157870665192604,0.7270493507385254,-0.0009009275236167014
embedding_matrix,en_100m__vs__en_fr_a,hierarchy->equality,0.11205244809389114,0.609213650226593,-0.01397777535021305
embedding_matrix,en_100m__vs__en_fr_b,pilgrimage->tourism,0.18377453088760376,0.7823867201805115,-0.13183361291885376
embedding_matrix,en_100m__vs__en_fr_b,kin->stranger,0.17382949590682983,0.7007563710212708,0.07576565444469452
embedding_matrix,en_100m__vs__en_fr_b,clan->individual,0.1700330227613449,0.6555762887001038,-0.0358184389770031
embedding_matrix,en_100m__vs__en_fr_b,indigenous->diaspora,0.16226692497730255,0.6500221490859985,0.05681184306740761
embedding_matrix,en_100m__vs__en_fr_b,assimilation->pluralism,0.16191090643405914,0.570614755153656,0.014836259186267853
embedding_matrix,en_100m__vs__en_fr_b,restraint->indulgence,0.1601795107126236,0.7376729249954224,-0.0015881814761087298
embedding_matrix,en_100m__vs__en_fr_b,pilgrim->spectator,0.15779204666614532,0.6515887379646301,-0.0029291228856891394
embedding_matrix,en_100m__vs__en_fr_b,veiled->unveiled,0.15647420287132263,0.7520108819007874,0.09116276353597641
embedding_matrix,en_100m__vs__en_fr_b,modest->revealing,0.1561562567949295,0.6555421352386475,-0.02188749611377716
embedding_matrix,en_100m__vs__en_fr_b,fermented->fresh,0.15540219843387604,0.6590453386306763,-0.07025856524705887
embedding_matrix,en_100m__vs__en_fr_b,homeland->migration,0.1532016545534134,0.6879431009292603,-0.03804008662700653
embedding_matrix,en_100m__vs__en_fr_b,formal->casual,0.15241116285324097,0.6572846174240112,0.08503410965204239
embedding_matrix,en_100m__vs__en_fr_b,elder->youth,0.1516944020986557,0.6199131608009338,-0.08004419505596161
embedding_matrix,en_100m__vs__en_fr_b,script->image,0.15050484240055084,0.7770435214042664,-0.05223265662789345
embedding_matrix,en_100m__vs__en_fr_b,majority->minority,0.15034279227256775,0.732874870300293,-0.04544639214873314
embedding_matrix,en_100m__vs__en_fr_b,sacred->secular,0.1498717963695526,0.7044230699539185,-0.04440591484308243
embedding_matrix,en_100m__vs__en_fr_b,honor->shame,0.14933080971240997,0.7316943407058716,0.01569371111690998
embedding_matrix,en_100m__vs__en_fr_b,customary->codified,0.14859814941883087,0.6010071635246277,-0.06684527546167374
embedding_matrix,en_100m__vs__en_fr_b,uniform->personalized,0.1481044590473175,0.6412273049354553,0.02514556422829628
embedding_matrix,en_100m__vs__en_fr_b,ritual->routine,0.14570221304893494,0.705561101436615,-0.03891053795814514
embedding_matrix,en_100m__vs__en_fr_b,spicy->mild,0.1440354287624359,0.7458919882774353,-0.07393112033605576
embedding_matrix,en_100m__vs__en_fr_b,tradition->modernity,0.14334121346473694,0.6304751038551331,-0.01385658048093319
embedding_matrix,en_100m__vs__en_fr_b,patronage->meritocracy,0.142989844083786,0.6884296536445618,0.03026542253792286
embedding_matrix,en_100m__vs__en_fr_b,individualism->collectivism,0.14271090924739838,0.5796436667442322,0.03350526839494705
embedding_matrix,en_100m__vs__en_fr_b,dragon->eagle,0.1426519751548767,0.7201109528541565,-0.04820116609334946
embedding_matrix,en_100m__vs__en_fr_b,lunar->solar,0.13947005569934845,0.7373048067092896,0.006735449656844139
embedding_matrix,en_100m__vs__en_fr_b,rice->bread,0.13946305215358734,0.6886323094367981,-0.029168033972382545
embedding_matrix,en_100m__vs__en_fr_b,ornate->plain,0.13906539976596832,0.6553112268447876,-0.0007917204056866467
embedding_matrix,en_100m__vs__en_fr_b,black->gold,0.1379050314426422,0.6411598324775696,0.014331911690533161
embedding_matrix,en_100m__vs__en_fr_b,conformity->dissent,0.1375039666891098,0.7098181843757629,0.04405801370739937
embedding_matrix,en_100m__vs__en_fr_b,fasting->feasting,0.13614942133426666,0.6938292980194092,0.045921292155981064
embedding_matrix,en_100m__vs__en_fr_b,duty->freedom,0.13577765226364136,0.7186522483825684,-0.03155605494976044
embedding_matrix,en_100m__vs__en_fr_b,lotus->rose,0.13507939875125885,0.6244971752166748,-0.051233720034360886
embedding_matrix,en_100m__vs__en_fr_b,tea->coffee,0.13394911587238312,0.7037501335144043,0.07235104590654373
embedding_matrix,en_100m__vs__en_fr_b,local->global,0.1327538788318634,0.6945184469223022,-0.013401675038039684
embedding_matrix,en_100m__vs__en_fr_b,mother->father,0.1324026733636856,0.7170346975326538,-0.058147866278886795
embedding_matrix,en_100m__vs__en_fr_b,authority->deliberation,0.1317044347524643,0.6324520707130432,0.038929931819438934
embedding_matrix,en_100m__vs__en_fr_b,solidarity->competition,0.13122215867042542,0.689187228679657,0.014854636043310165
embedding_matrix,en_100m__vs__en_fr_b,ancestor->novelty,0.13055042922496796,0.7002365589141846,-0.028819546103477478
embedding_matrix,en_100m__vs__en_fr_b,obedience->autonomy,0.1298731416463852,0.6125504374504089,0.05310915410518646
embedding_matrix,en_100m__vs__en_fr_b,vegetarian->meat,0.12978491187095642,0.6738907694816589,0.01026142854243517
embedding_matrix,en_100m__vs__en_fr_b,lineage->mobility,0.12759780883789062,0.641190230846405,0.00885140709578991
embedding_matrix,en_100m__vs__en_fr_b,certainty->ambiguity,0.12712129950523376,0.693144679069519,-0.012273821979761124
embedding_matrix,en_100m__vs__en_fr_b,prayer->reason,0.12678590416908264,0.5938341021537781,-0.007721791975200176
embedding_matrix,en_100m__vs__en_fr_b,taboo->permissive,0.1224655881524086,0.6216720342636108,0.007366054691374302
embedding_matrix,en_100m__vs__en_fr_b,democracy->monarchy,0.11988908052444458,0.5772581696510315,0.026576383039355278
embedding_matrix,en_100m__vs__en_fr_b,federal->centralized,0.11753709614276886,0.5599594116210938,0.01594913750886917
embedding_matrix,en_100m__vs__en_fr_b,mourning->celebration,0.11364281177520752,0.6165971755981445,-0.02462157793343067
embedding_matrix,en_100m__vs__en_fr_b,white->red,0.10860506445169449,0.7094443440437317,-0.032470375299453735
embedding_matrix,en_100m__vs__en_fr_b,hierarchy->equality,0.10437586903572083,0.6268594861030579,0.0255483016371727
embedding_matrix,en_100m__vs__en_fas_a,ritual->routine,0.23114526271820068,0.7777594923973083,-0.16332384943962097
embedding_matrix,en_100m__vs__en_fas_a,uniform->personalized,0.2191992551088333,0.722955584526062,-0.09579221159219742
embedding_matrix,en_100m__vs__en_fas_a,customary->codified,0.21516399085521698,0.7464304566383362,-0.1640966385602951
embedding_matrix,en_100m__vs__en_fas_a,assimilation->pluralism,0.21150393784046173,0.7368087768554688,0.14534802734851837
embedding_matrix,en_100m__vs__en_fas_a,pilgrim->spectator,0.21041931211948395,0.6738167405128479,-0.09307725727558136
embedding_matrix,en_100m__vs__en_fas_a,elder->youth,0.20766614377498627,0.7035108208656311,-0.08991928398609161
embedding_matrix,en_100m__vs__en_fas_a,kin->stranger,0.2053411304950714,0.7344948649406433,0.11685745418071747
embedding_matrix,en_100m__vs__en_fas_a,solidarity->competition,0.20273444056510925,0.7069984078407288,-0.09360390901565552
embedding_matrix,en_100m__vs__en_fas_a,spicy->mild,0.20041954517364502,0.7840181589126587,-0.11821182072162628
embedding_matrix,en_100m__vs__en_fas_a,pilgrimage->tourism,0.19917833805084229,0.7945145964622498,-0.16833388805389404
embedding_matrix,en_100m__vs__en_fas_a,indigenous->diaspora,0.19214895367622375,0.6453555226325989,0.11638852208852768
embedding_matrix,en_100m__vs__en_fas_a,taboo->permissive,0.19170749187469482,0.6898946762084961,0.139007568359375
embedding_matrix,en_100m__vs__en_fas_a,majority->minority,0.18499067425727844,0.7464587688446045,-0.09903142601251602
embedding_matrix,en_100m__vs__en_fas_a,veiled->unveiled,0.18375274538993835,0.7210540771484375,0.02162754349410534
embedding_matrix,en_100m__vs__en_fas_a,script->image,0.1835436075925827,0.7551809549331665,-0.10798119008541107
embedding_matrix,en_100m__vs__en_fas_a,restraint->indulgence,0.18164676427841187,0.676230788230896,0.03534967824816704
embedding_matrix,en_100m__vs__en_fas_a,clan->individual,0.181486576795578,0.6582023501396179,-0.09656120091676712
embedding_matrix,en_100m__vs__en_fas_a,prayer->reason,0.18083639442920685,0.7542645335197449,-0.05288050323724747
embedding_matrix,en_100m__vs__en_fas_a,obedience->autonomy,0.17671699821949005,0.7790249586105347,-0.11009181290864944
embedding_matrix,en_100m__vs__en_fas_a,patronage->meritocracy,0.17541681230068207,0.6925130486488342,0.059241194278001785
embedding_matrix,en_100m__vs__en_fas_a,fermented->fresh,0.17024356126785278,0.6520513892173767,-0.09809105843305588
embedding_matrix,en_100m__vs__en_fas_a,lineage->mobility,0.16534866392612457,0.7310318946838379,-0.0016397752333432436
embedding_matrix,en_100m__vs__en_fas_a,mother->father,0.16412167251110077,0.7348774671554565,-0.07724626362323761
embedding_matrix,en_100m__vs__en_fas_a,fasting->feasting,0.16298314929008484,0.7114096879959106,0.020252550020813942
embedding_matrix,en_100m__vs__en_fas_a,federal->centralized,0.1627710461616516,0.7051689624786377,-0.01226091105490923
embedding_matrix,en_100m__vs__en_fas_a,black->gold,0.1603737473487854,0.7193294167518616,0.035794444382190704
embedding_matrix,en_100m__vs__en_fas_a,dragon->eagle,0.15869729220867157,0.7122424840927124,-0.06293436884880066
embedding_matrix,en_100m__vs__en_fas_a,vegetarian->meat,0.15760040283203125,0.702510416507721,-0.03589737042784691
embedding_matrix,en_100m__vs__en_fas_a,lotus->rose,0.15682116150856018,0.6621094942092896,-0.03050452098250389
embedding_matrix,en_100m__vs__en_fas_a,certainty->ambiguity,0.15514083206653595,0.7077475190162659,-0.0049101319164037704
embedding_matrix,en_100m__vs__en_fas_a,individualism->collectivism,0.15453091263771057,0.6572785377502441,-0.03761661425232887
embedding_matrix,en_100m__vs__en_fas_a,sacred->secular,0.1544020175933838,0.6653171181678772,0.012167548760771751
embedding_matrix,en_100m__vs__en_fas_a,authority->deliberation,0.15436005592346191,0.6910680532455444,0.034536514431238174
embedding_matrix,en_100m__vs__en_fas_a,modest->revealing,0.15212929248809814,0.6188855767250061,0.017479490488767624
embedding_matrix,en_100m__vs__en_fas_a,tradition->modernity,0.1507185399532318,0.6222289204597473,0.027885677292943
embedding_matrix,en_100m__vs__en_fas_a,hierarchy->equality,0.15071219205856323,0.7109028100967407,0.034292105585336685
embedding_matrix,en_100m__vs__en_fas_a,local->global,0.14806611835956573,0.6784266233444214,0.0641980767250061
embedding_matrix,en_100m__vs__en_fas_a,rice->bread,0.14506906270980835,0.6949548721313477,-0.029749499633908272
embedding_matrix,en_100m__vs__en_fas_a,homeland->migration,0.14500686526298523,0.7199919819831848,0.07583308219909668
embedding_matrix,en_100m__vs__en_fas_a,democracy->monarchy,0.14437921345233917,0.7095139622688293,-0.033963099122047424
embedding_matrix,en_100m__vs__en_fas_a,tea->coffee,0.14339184761047363,0.7126490473747253,0.0015470952494069934
embedding_matrix,en_100m__vs__en_fas_a,conformity->dissent,0.140530064702034,0.6185237765312195,-0.05414224788546562
embedding_matrix,en_100m__vs__en_fas_a,ornate->plain,0.1401628702878952,0.642080545425415,-0.008007239550352097
embedding_matrix,en_100m__vs__en_fas_a,white->red,0.1347271353006363,0.7276010513305664,-0.013936346396803856
embedding_matrix,en_100m__vs__en_fas_a,formal->casual,0.1330758035182953,0.6503836512565613,0.032687894999980927
embedding_matrix,en_100m__vs__en_fas_a,lunar->solar,0.13235795497894287,0.688475489616394,-0.021187003701925278
embedding_matrix,en_100m__vs__en_fas_a,honor->shame,0.13058993220329285,0.6720937490463257,0.006269852630794048
embedding_matrix,en_100m__vs__en_fas_a,duty->freedom,0.1298375278711319,0.6853819489479065,-0.005050206556916237
embedding_matrix,en_100m__vs__en_fas_a,ancestor->novelty,0.12821251153945923,0.6827445030212402,-0.019890988245606422
embedding_matrix,en_100m__vs__en_fas_a,mourning->celebration,0.1269693225622177,0.6977241635322571,-0.0022255287040024996
embedding_matrix,en_100m__vs__en_fas_b,veiled->unveiled,0.2314833253622055,0.7731269001960754,0.1465679109096527
embedding_matrix,en_100m__vs__en_fas_b,pilgrimage->tourism,0.20520471036434174,0.8001850843429565,-0.16164107620716095
embedding_matrix,en_100m__vs__en_fas_b,kin->stranger,0.19419459998607635,0.6973661184310913,0.10063640028238297
embedding_matrix,en_100m__vs__en_fas_b,authority->deliberation,0.1887630820274353,0.6826213002204895,0.09093393385410309
embedding_matrix,en_100m__vs__en_fas_b,formal->casual,0.1877497285604477,0.7067080140113831,0.07174292206764221
embedding_matrix,en_100m__vs__en_fas_b,customary->codified,0.1868392378091812,0.7101489901542664,-0.14238660037517548
embedding_matrix,en_100m__vs__en_fas_b,majority->minority,0.18270361423492432,0.7131943702697754,-0.10363055765628815
embedding_matrix,en_100m__vs__en_fas_b,assimilation->pluralism,0.1821567416191101,0.5731490254402161,-0.03079562820494175
embedding_matrix,en_100m__vs__en_fas_b,individualism->collectivism,0.18115957081317902,0.6572129726409912,0.021655665710568428
embedding_matrix,en_100m__vs__en_fas_b,indigenous->diaspora,0.17980295419692993,0.6826331615447998,-0.04727714881300926
embedding_matrix,en_100m__vs__en_fas_b,lunar->solar,0.17639897763729095,0.7197809219360352,-0.007248269859701395
embedding_matrix,en_100m__vs__en_fas_b,pilgrim->spectator,0.17547361552715302,0.5500646829605103,-0.04639597237110138
embedding_matrix,en_100m__vs__en_fas_b,uniform->personalized,0.17460943758487701,0.6834717988967896,0.051217276602983475
embedding_matrix,en_100m__vs__en_fas_b,tradition->modernity,0.17165270447731018,0.6013709902763367,-0.06498163193464279
embedding_matrix,en_100m__vs__en_fas_b,obedience->autonomy,0.17059117555618286,0.7092499732971191,-0.0738447904586792
embedding_matrix,en_100m__vs__en_fas_b,lotus->rose,0.16852930188179016,0.6654031872749329,-0.03792251646518707
embedding_matrix,en_100m__vs__en_fas_b,duty->freedom,0.16730526089668274,0.7132707238197327,0.051677536219358444
embedding_matrix,en_100m__vs__en_fas_b,taboo->permissive,0.16726621985435486,0.5989171266555786,-0.004897918552160263
embedding_matrix,en_100m__vs__en_fas_b,clan->individual,0.1652926355600357,0.6365212798118591,-0.09261181205511093
embedding_matrix,en_100m__vs__en_fas_b,restraint->indulgence,0.16476629674434662,0.6547470688819885,0.04297585412859917
embedding_matrix,en_100m__vs__en_fas_b,dragon->eagle,0.16165196895599365,0.7434804439544678,-0.08318200707435608
embedding_matrix,en_100m__vs__en_fas_b,mother->father,0.16150109469890594,0.7585195899009705,-0.10963276773691177
embedding_matrix,en_100m__vs__en_fas_b,solidarity->competition,0.161282017827034,0.7038444876670837,-0.028206665068864822
embedding_matrix,en_100m__vs__en_fas_b,vegetarian->meat,0.1610739678144455,0.6934371590614319,-0.06122729927301407
embedding_matrix,en_100m__vs__en_fas_b,patronage->meritocracy,0.160702183842659,0.6545336842536926,0.08214738219976425
embedding_matrix,en_100m__vs__en_fas_b,fasting->feasting,0.1596527099609375,0.6715114712715149,-0.021149978041648865
embedding_matrix,en_100m__vs__en_fas_b,ornate->plain,0.15826693177223206,0.6509352922439575,0.000881833431776613
embedding_matrix,en_100m__vs__en_fas_b,local->global,0.15735596418380737,0.6681952476501465,-0.09344568103551865
embedding_matrix,en_100m__vs__en_fas_b,federal->centralized,0.1562582403421402,0.6698792576789856,-0.08316939324140549
embedding_matrix,en_100m__vs__en_fas_b,prayer->reason,0.15576156973838806,0.6298983097076416,0.026291657239198685
embedding_matrix,en_100m__vs__en_fas_b,mourning->celebration,0.15562167763710022,0.6828595995903015,0.006140497047454119
embedding_matrix,en_100m__vs__en_fas_b,elder->youth,0.1546630561351776,0.6308339834213257,-0.08039116114377975
embedding_matrix,en_100m__vs__en_fas_b,lineage->mobility,0.15034160017967224,0.637101411819458,0.046074844896793365
embedding_matrix,en_100m__vs__en_fas_b,spicy->mild,0.14842908084392548,0.7169743776321411,-0.001867594663053751
embedding_matrix,en_100m__vs__en_fas_b,ritual->routine,0.14794979989528656,0.6333288550376892,-0.0031486903317272663
embedding_matrix,en_100m__vs__en_fas_b,black->gold,0.1478859931230545,0.6842371821403503,0.037153564393520355
embedding_matrix,en_100m__vs__en_fas_b,modest->revealing,0.14736460149288177,0.5945865511894226,0.01994013600051403
embedding_matrix,en_100m__vs__en_fas_b,honor->shame,0.14577630162239075,0.7095123529434204,-0.010431795381009579
embedding_matrix,en_100m__vs__en_fas_b,certainty->ambiguity,0.1416504830121994,0.687576174736023,0.04752001911401749
embedding_matrix,en_100m__vs__en_fas_b,white->red,0.14138063788414001,0.7693567276000977,0.0009943046607077122
embedding_matrix,en_100m__vs__en_fas_b,sacred->secular,0.14101605117321014,0.6593593955039978,0.036584723740816116
embedding_matrix,en_100m__vs__en_fas_b,ancestor->novelty,0.14038212597370148,0.7064082026481628,0.007388730999082327
embedding_matrix,en_100m__vs__en_fas_b,tea->coffee,0.1389944851398468,0.7086089849472046,0.03520369902253151
embedding_matrix,en_100m__vs__en_fas_b,democracy->monarchy,0.13847436010837555,0.658761203289032,-0.056312207132577896
embedding_matrix,en_100m__vs__en_fas_b,hierarchy->equality,0.1364983767271042,0.6635711193084717,-0.014596054330468178
embedding_matrix,en_100m__vs__en_fas_b,conformity->dissent,0.13613197207450867,0.6481043696403503,-0.040429748594760895
embedding_matrix,en_100m__vs__en_fas_b,fermented->fresh,0.13367538154125214,0.6377344727516174,-0.04010787978768349
embedding_matrix,en_100m__vs__en_fas_b,homeland->migration,0.1297733187675476,0.6684537529945374,-0.005582829471677542
embedding_matrix,en_100m__vs__en_fas_b,rice->bread,0.126615509390831,0.6120315194129944,-0.0035222996957600117
embedding_matrix,en_100m__vs__en_fas_b,script->image,0.12598368525505066,0.6414600610733032,-0.011720082722604275
embedding_matrix,en_100m__vs__en_nld_a,obedience->autonomy,0.19424208998680115,0.7780873775482178,-0.10078196972608566
embedding_matrix,en_100m__vs__en_nld_a,kin->stranger,0.1783662885427475,0.7016549110412598,0.10573504120111465
embedding_matrix,en_100m__vs__en_nld_a,patronage->meritocracy,0.1778637021780014,0.6891216039657593,0.06743738800287247
embedding_matrix,en_100m__vs__en_nld_a,veiled->unveiled,0.17751239240169525,0.7144437432289124,0.06373979151248932
embedding_matrix,en_100m__vs__en_nld_a,indigenous->diaspora,0.17680597305297852,0.6516862511634827,0.050114814192056656
embedding_matrix,en_100m__vs__en_nld_a,ornate->plain,0.1724604219198227,0.7073801159858704,0.060832031071186066
embedding_matrix,en_100m__vs__en_nld_a,clan->individual,0.17245915532112122,0.646298348903656,-0.04710710421204567
embedding_matrix,en_100m__vs__en_nld_a,uniform->personalized,0.17133960127830505,0.6310344338417053,-0.009546514600515366
embedding_matrix,en_100m__vs__en_nld_a,vegetarian->meat,0.1705750674009323,0.6850674152374268,0.006884600967168808
embedding_matrix,en_100m__vs__en_nld_a,customary->codified,0.16883529722690582,0.6784769296646118,-0.09545974433422089
embedding_matrix,en_100m__vs__en_nld_a,pilgrim->spectator,0.16567477583885193,0.6227680444717407,-0.061305686831474304
embedding_matrix,en_100m__vs__en_nld_a,modest->revealing,0.1635684221982956,0.6563439965248108,-0.011631241999566555
embedding_matrix,en_100m__vs__en_nld_a,ritual->routine,0.1609506458044052,0.6895993947982788,-0.06512864679098129
embedding_matrix,en_100m__vs__en_nld_a,black->gold,0.15993483364582062,0.7164431214332581,0.06286223977804184
embedding_matrix,en_100m__vs__en_nld_a,lotus->rose,0.15923050045967102,0.6365225315093994,0.010485726408660412
embedding_matrix,en_100m__vs__en_nld_a,assimilation->pluralism,0.15672031044960022,0.5668133497238159,0.03634345158934593
embedding_matrix,en_100m__vs__en_nld_a,duty->freedom,0.15563036501407623,0.7010945081710815,-0.045771703124046326
embedding_matrix,en_100m__vs__en_nld_a,taboo->permissive,0.15550583600997925,0.6148358583450317,0.03591899946331978
embedding_matrix,en_100m__vs__en_nld_a,authority->deliberation,0.15523695945739746,0.6673503518104553,0.02675214223563671
embedding_matrix,en_100m__vs__en_nld_a,script->image,0.1550111621618271,0.7171144485473633,-0.03615960851311684
embedding_matrix,en_100m__vs__en_nld_a,democracy->monarchy,0.1542503535747528,0.7126370072364807,-0.043855201452970505
embedding_matrix,en_100m__vs__en_nld_a,spicy->mild,0.1539098024368286,0.7463231086730957,-0.027871008962392807
embedding_matrix,en_100m__vs__en_nld_a,majority->minority,0.15229643881320953,0.715345561504364,-0.042276185005903244
embedding_matrix,en_100m__vs__en_nld_a,pilgrimage->tourism,0.15167507529258728,0.6849029660224915,-0.06430352479219437
embedding_matrix,en_100m__vs__en_nld_a,sacred->secular,0.15110959112644196,0.7104207873344421,-0.07242176681756973
embedding_matrix,en_100m__vs__en_nld_a,mother->father,0.15025028586387634,0.7640514969825745,-0.08350083976984024
embedding_matrix,en_100m__vs__en_nld_a,dragon->eagle,0.15013688802719116,0.7167520523071289,-0.08797372132539749
embedding_matrix,en_100m__vs__en_nld_a,formal->casual,0.14893481135368347,0.6360937356948853,0.030172711238265038
embedding_matrix,en_100m__vs__en_nld_a,tradition->modernity,0.14877817034721375,0.5941795706748962,-0.010032295249402523
embedding_matrix,en_100m__vs__en_nld_a,lineage->mobility,0.14653658866882324,0.6825132369995117,-0.04232430085539818
embedding_matrix,en_100m__vs__en_nld_a,individualism->collectivism,0.14653292298316956,0.5957010388374329,0.008337593637406826
embedding_matrix,en_100m__vs__en_nld_a,rice->bread,0.14605633914470673,0.6913822293281555,-0.0072791436687111855
embedding_matrix,en_100m__vs__en_nld_a,solidarity->competition,0.14430780708789825,0.6373386383056641,-0.06917166709899902
embedding_matrix,en_100m__vs__en_nld_a,restraint->indulgence,0.14229698479175568,0.6397711038589478,0.05434609204530716
embedding_matrix,en_100m__vs__en_nld_a,federal->centralized,0.1412656605243683,0.5974646210670471,-0.029914740473031998
embedding_matrix,en_100m__vs__en_nld_a,fermented->fresh,0.14043867588043213,0.6169768571853638,-0.006021264009177685
embedding_matrix,en_100m__vs__en_nld_a,certainty->ambiguity,0.1394784152507782,0.702362060546875,-0.01619548723101616
embedding_matrix,en_100m__vs__en_nld_a,lunar->solar,0.13742949068546295,0.6611716151237488,-0.0066083925776183605
embedding_matrix,en_100m__vs__en_nld_a,ancestor->novelty,0.1373436152935028,0.6840651631355286,0.028251713141798973
embedding_matrix,en_100m__vs__en_nld_a,elder->youth,0.13635750114917755,0.6311578750610352,-0.04742403328418732
embedding_matrix,en_100m__vs__en_nld_a,conformity->dissent,0.13614416122436523,0.6829289197921753,0.010099220089614391
embedding_matrix,en_100m__vs__en_nld_a,fasting->feasting,0.13496151566505432,0.6678881645202637,0.0264785997569561
embedding_matrix,en_100m__vs__en_nld_a,tea->coffee,0.1333002746105194,0.7189058661460876,0.047513388097286224
embedding_matrix,en_100m__vs__en_nld_a,homeland->migration,0.13317172229290009,0.6230848431587219,-0.020573154091835022
embedding_matrix,en_100m__vs__en_nld_a,local->global,0.13265004754066467,0.6644949913024902,0.0007264742744155228
embedding_matrix,en_100m__vs__en_nld_a,prayer->reason,0.13032947480678558,0.5878554582595825,-0.001131604891270399
embedding_matrix,en_100m__vs__en_nld_a,white->red,0.12971225380897522,0.7151942849159241,-0.004792387131601572
embedding_matrix,en_100m__vs__en_nld_a,hierarchy->equality,0.12799006700515747,0.676185667514801,0.007478153333067894
embedding_matrix,en_100m__vs__en_nld_a,mourning->celebration,0.12495230883359909,0.6613665223121643,-0.020178578794002533
embedding_matrix,en_100m__vs__en_nld_a,honor->shame,0.12476160377264023,0.6482137441635132,0.020785141736268997
embedding_matrix,en_100m__vs__en_nld_b,patronage->meritocracy,0.19133074581623077,0.7779422998428345,0.08690749853849411
embedding_matrix,en_100m__vs__en_nld_b,indigenous->diaspora,0.17814837396144867,0.6442966461181641,0.051471393555402756
embedding_matrix,en_100m__vs__en_nld_b,pilgrimage->tourism,0.17656241357326508,0.7735035419464111,-0.12821699678897858
embedding_matrix,en_100m__vs__en_nld_b,kin->stranger,0.17167425155639648,0.6819698214530945,0.0919426903128624
embedding_matrix,en_100m__vs__en_nld_b,clan->individual,0.16851413249969482,0.653518557548523,-0.05721543729305267
embedding_matrix,en_100m__vs__en_nld_b,certainty->ambiguity,0.159896582365036,0.7240831851959229,-0.08357653766870499
embedding_matrix,en_100m__vs__en_nld_b,uniform->personalized,0.15619385242462158,0.6286534667015076,0.05712244287133217
embedding_matrix,en_100m__vs__en_nld_b,majority->minority,0.15536187589168549,0.7275527119636536,0.00550380814820528
embedding_matrix,en_100m__vs__en_nld_b,conformity->dissent,0.15531249344348907,0.7553325891494751,0.06307943165302277
embedding_matrix,en_100m__vs__en_nld_b,customary->codified,0.15410113334655762,0.6253300905227661,-0.09040135145187378
embedding_matrix,en_100m__vs__en_nld_b,authority->deliberation,0.1533695012331009,0.6437947154045105,0.056587155908346176
embedding_matrix,en_100m__vs__en_nld_b,pilgrim->spectator,0.15298345685005188,0.5944944620132446,-0.05638933554291725
embedding_matrix,en_100m__vs__en_nld_b,elder->youth,0.15118363499641418,0.6814366579055786,-0.09160341322422028
embedding_matrix,en_100m__vs__en_nld_b,fermented->fresh,0.14901193976402283,0.6999333500862122,-0.056038182228803635
embedding_matrix,en_100m__vs__en_nld_b,mourning->celebration,0.14636699855327606,0.7084017395973206,0.06893526017665863
embedding_matrix,en_100m__vs__en_nld_b,obedience->autonomy,0.1453426033258438,0.7127661108970642,-0.02162899449467659
embedding_matrix,en_100m__vs__en_nld_b,dragon->eagle,0.14507032930850983,0.7373998761177063,-0.07946403324604034
embedding_matrix,en_100m__vs__en_nld_b,honor->shame,0.14451132714748383,0.7393961548805237,0.05279994755983353
embedding_matrix,en_100m__vs__en_nld_b,lunar->solar,0.1437792032957077,0.7006837725639343,0.01983340084552765
embedding_matrix,en_100m__vs__en_nld_b,script->image,0.1423625946044922,0.7222834825515747,-0.027605067938566208
embedding_matrix,en_100m__vs__en_nld_b,individualism->collectivism,0.14190466701984406,0.5837261080741882,0.022960633039474487
embedding_matrix,en_100m__vs__en_nld_b,lotus->rose,0.14172980189323425,0.6409940123558044,-0.05564538389444351
embedding_matrix,en_100m__vs__en_nld_b,ritual->routine,0.1415407359600067,0.6284438371658325,-0.0073666078969836235
embedding_matrix,en_100m__vs__en_nld_b,rice->bread,0.14111760258674622,0.7279025912284851,-0.012830672785639763
embedding_matrix,en_100m__vs__en_nld_b,modest->revealing,0.14006339013576508,0.6368739008903503,-0.01602231338620186
embedding_matrix,en_100m__vs__en_nld_b,lineage->mobility,0.13897016644477844,0.6791549324989319,-0.03144227713346481
embedding_matrix,en_100m__vs__en_nld_b,solidarity->competition,0.13831906020641327,0.6272348761558533,-0.0471242293715477
embedding_matrix,en_100m__vs__en_nld_b,black->gold,0.1381135880947113,0.6272507905960083,-0.013630382716655731
embedding_matrix,en_100m__vs__en_nld_b,mother->father,0.1379632204771042,0.696405827999115,-0.05983882024884224
embedding_matrix,en_100m__vs__en_nld_b,tradition->modernity,0.13623012602329254,0.6098992824554443,0.03273905813694
embedding_matrix,en_100m__vs__en_nld_b,spicy->mild,0.13499459624290466,0.7554864883422852,-0.04856334626674652
embedding_matrix,en_100m__vs__en_nld_b,sacred->secular,0.13325515389442444,0.6773828268051147,-0.04670064151287079
embedding_matrix,en_100m__vs__en_nld_b,assimilation->pluralism,0.13313248753547668,0.5531943440437317,0.051090057939291
embedding_matrix,en_100m__vs__en_nld_b,taboo->permissive,0.13310503959655762,0.6766418814659119,0.0314292386174202
embedding_matrix,en_100m__vs__en_nld_b,prayer->reason,0.1321893185377121,0.578474223613739,-0.0010146894492208958
embedding_matrix,en_100m__vs__en_nld_b,duty->freedom,0.13214150071144104,0.6974226832389832,-0.04087153449654579
embedding_matrix,en_100m__vs__en_nld_b,local->global,0.1311882883310318,0.6786593198776245,0.017211806029081345
embedding_matrix,en_100m__vs__en_nld_b,homeland->migration,0.1287802904844284,0.6519938707351685,0.010026836767792702
embedding_matrix,en_100m__vs__en_nld_b,formal->casual,0.12864769995212555,0.5982949137687683,0.028351932764053345
embedding_matrix,en_100m__vs__en_nld_b,federal->centralized,0.12845930457115173,0.5529439449310303,0.029811061918735504
embedding_matrix,en_100m__vs__en_nld_b,restraint->indulgence,0.12836676836013794,0.6646775603294373,0.00024422694696113467
embedding_matrix,en_100m__vs__en_nld_b,ancestor->novelty,0.12810905277729034,0.6782287359237671,-0.016345474869012833
embedding_matrix,en_100m__vs__en_nld_b,vegetarian->meat,0.1271146833896637,0.6397027373313904,-0.016127556562423706
embedding_matrix,en_100m__vs__en_nld_b,veiled->unveiled,0.1258462369441986,0.6434957981109619,0.03454415872693062
embedding_matrix,en_100m__vs__en_nld_b,tea->coffee,0.12571290135383606,0.6791955828666687,0.03924669697880745
embedding_matrix,en_100m__vs__en_nld_b,hierarchy->equality,0.12178827077150345,0.7035719156265259,0.03432444483041763
embedding_matrix,en_100m__vs__en_nld_b,democracy->monarchy,0.12026605010032654,0.6356433033943176,-0.04962340369820595
embedding_matrix,en_100m__vs__en_nld_b,ornate->plain,0.11925863474607468,0.5956102609634399,-0.0018034825334325433
embedding_matrix,en_100m__vs__en_nld_b,white->red,0.11501099914312363,0.7050026655197144,-0.006396278273314238
embedding_matrix,en_100m__vs__en_nld_b,fasting->feasting,0.11479583382606506,0.6902803778648376,0.020527228713035583
embedding_matrix,en_100m__vs__en_ukr_a,patronage->meritocracy,0.23659783601760864,0.7312024831771851,0.1558515876531601
embedding_matrix,en_100m__vs__en_ukr_a,modest->revealing,0.22269393503665924,0.6195005178451538,0.07873144745826721
embedding_matrix,en_100m__vs__en_ukr_a,individualism->collectivism,0.22073839604854584,0.6412341594696045,0.09634173661470413
embedding_matrix,en_100m__vs__en_ukr_a,lotus->rose,0.21747562289237976,0.6857582330703735,0.10311371088027954
embedding_matrix,en_100m__vs__en_ukr_a,clan->individual,0.20896996557712555,0.6797265410423279,-0.03695259615778923
embedding_matrix,en_100m__vs__en_ukr_a,solidarity->competition,0.20694686472415924,0.7304497361183167,0.014611057005822659
embedding_matrix,en_100m__vs__en_ukr_a,veiled->unveiled,0.20011991262435913,0.772733747959137,0.1322532296180725
embedding_matrix,en_100m__vs__en_ukr_a,fermented->fresh,0.19910919666290283,0.6879727840423584,-0.12616559863090515
embedding_matrix,en_100m__vs__en_ukr_a,indigenous->diaspora,0.1956455409526825,0.6431472897529602,0.07928718626499176
embedding_matrix,en_100m__vs__en_ukr_a,kin->stranger,0.19373412430286407,0.6412546634674072,0.10638610273599625
embedding_matrix,en_100m__vs__en_ukr_a,pilgrim->spectator,0.1917348951101303,0.5574617981910706,-0.01119549572467804
embedding_matrix,en_100m__vs__en_ukr_a,ritual->routine,0.18658362329006195,0.750106930732727,-0.12896296381950378
embedding_matrix,en_100m__vs__en_ukr_a,elder->youth,0.18620534241199493,0.6795711517333984,0.044601596891880035
embedding_matrix,en_100m__vs__en_ukr_a,script->image,0.18592602014541626,0.7655789852142334,-0.06551168859004974
embedding_matrix,en_100m__vs__en_ukr_a,prayer->reason,0.17924869060516357,0.6387104392051697,0.05545737221837044
embedding_matrix,en_100m__vs__en_ukr_a,pilgrimage->tourism,0.1773533672094345,0.7688636183738708,-0.12887661159038544
embedding_matrix,en_100m__vs__en_ukr_a,uniform->personalized,0.17431996762752533,0.6330716609954834,0.07162193953990936
embedding_matrix,en_100m__vs__en_ukr_a,black->gold,0.17373374104499817,0.6622684597969055,-0.002252503763884306
embedding_matrix,en_100m__vs__en_ukr_a,ancestor->novelty,0.17027994990348816,0.7146300673484802,-0.06524821370840073
embedding_matrix,en_100m__vs__en_ukr_a,majority->minority,0.16793715953826904,0.7223941683769226,-0.0730433315038681
embedding_matrix,en_100m__vs__en_ukr_a,homeland->migration,0.1656002253293991,0.7406544089317322,0.10670856386423111
embedding_matrix,en_100m__vs__en_ukr_a,lineage->mobility,0.16511286795139313,0.702725350856781,-0.08821890503168106
embedding_matrix,en_100m__vs__en_ukr_a,taboo->permissive,0.16219329833984375,0.6198630332946777,-0.036927349865436554
embedding_matrix,en_100m__vs__en_ukr_a,rice->bread,0.160770446062088,0.6992923617362976,-0.09539632499217987
embedding_matrix,en_100m__vs__en_ukr_a,authority->deliberation,0.16041943430900574,0.6526100039482117,0.046965260058641434
embedding_matrix,en_100m__vs__en_ukr_a,vegetarian->meat,0.16020028293132782,0.7330306172370911,0.014863123185932636
embedding_matrix,en_100m__vs__en_ukr_a,restraint->indulgence,0.15945813059806824,0.6530818343162537,-0.01562848873436451
embedding_matrix,en_100m__vs__en_ukr_a,tradition->modernity,0.15915372967720032,0.6014339923858643,-0.01251404918730259
embedding_matrix,en_100m__vs__en_ukr_a,customary->codified,0.15885138511657715,0.6103750467300415,-0.0908091738820076
embedding_matrix,en_100m__vs__en_ukr_a,fasting->feasting,0.15756244957447052,0.687994122505188,0.025287188589572906
embedding_matrix,en_100m__vs__en_ukr_a,obedience->autonomy,0.15731129050254822,0.7203096747398376,-0.0740039199590683
embedding_matrix,en_100m__vs__en_ukr_a,certainty->ambiguity,0.15711882710456848,0.7117894887924194,0.04298955574631691
embedding_matrix,en_100m__vs__en_ukr_a,assimilation->pluralism,0.15675002336502075,0.6153774857521057,0.055733535438776016
embedding_matrix,en_100m__vs__en_ukr_a,conformity->dissent,0.15193097293376923,0.7019803524017334,0.016546117141842842
embedding_matrix,en_100m__vs__en_ukr_a,lunar->solar,0.15125055611133575,0.7037793397903442,-0.0020693072583526373
embedding_matrix,en_100m__vs__en_ukr_a,tea->coffee,0.14971034228801727,0.7460580468177795,-0.01967146061360836
embedding_matrix,en_100m__vs__en_ukr_a,ornate->plain,0.1477135270833969,0.645993709564209,0.008416030555963516
embedding_matrix,en_100m__vs__en_ukr_a,democracy->monarchy,0.1464376300573349,0.630342960357666,0.019052794203162193
embedding_matrix,en_100m__vs__en_ukr_a,white->red,0.14469869434833527,0.7559648156166077,0.031994424760341644
embedding_matrix,en_100m__vs__en_ukr_a,formal->casual,0.14382459223270416,0.6125364899635315,0.03407953679561615
embedding_matrix,en_100m__vs__en_ukr_a,mother->father,0.14237362146377563,0.7136875987052917,-0.057777754962444305
embedding_matrix,en_100m__vs__en_ukr_a,hierarchy->equality,0.14086514711380005,0.7580407857894897,0.06808292120695114
embedding_matrix,en_100m__vs__en_ukr_a,local->global,0.14002114534378052,0.6513828039169312,0.014759931713342667
embedding_matrix,en_100m__vs__en_ukr_a,spicy->mild,0.13465498387813568,0.7027027010917664,-0.04078371822834015
embedding_matrix,en_100m__vs__en_ukr_a,federal->centralized,0.13401946425437927,0.5701963305473328,0.013165725395083427
embedding_matrix,en_100m__vs__en_ukr_a,honor->shame,0.1331082284450531,0.7020348310470581,0.052817896008491516
embedding_matrix,en_100m__vs__en_ukr_a,duty->freedom,0.13282611966133118,0.6690065860748291,-0.06455399096012115
embedding_matrix,en_100m__vs__en_ukr_a,mourning->celebration,0.13193592429161072,0.6509350538253784,-0.030851662158966064
embedding_matrix,en_100m__vs__en_ukr_a,sacred->secular,0.13167788088321686,0.6552396416664124,-0.001180684077553451
embedding_matrix,en_100m__vs__en_ukr_a,dragon->eagle,0.12536999583244324,0.6210865378379822,0.0071634347550570965
embedding_matrix,en_100m__vs__en_ukr_b,clan->individual,0.20431764423847198,0.6649085879325867,-0.04789864271879196
embedding_matrix,en_100m__vs__en_ukr_b,kin->stranger,0.2029629349708557,0.6886630654335022,0.12805666029453278
embedding_matrix,en_100m__vs__en_ukr_b,pilgrimage->tourism,0.19928918778896332,0.7635831236839294,-0.13312646746635437
embedding_matrix,en_100m__vs__en_ukr_b,spicy->mild,0.19845500588417053,0.7791061401367188,-0.14742867648601532
embedding_matrix,en_100m__vs__en_ukr_b,authority->deliberation,0.19192303717136383,0.697806179523468,0.13525955379009247
embedding_matrix,en_100m__vs__en_ukr_b,individualism->collectivism,0.18622885644435883,0.6194671392440796,0.06310060620307922
embedding_matrix,en_100m__vs__en_ukr_b,pilgrim->spectator,0.18472440540790558,0.5917198657989502,-0.109385184943676
embedding_matrix,en_100m__vs__en_ukr_b,patronage->meritocracy,0.18167605996131897,0.701119065284729,0.08772072196006775
embedding_matrix,en_100m__vs__en_ukr_b,majority->minority,0.17792104184627533,0.7362565994262695,-0.030736872926354408
embedding_matrix,en_100m__vs__en_ukr_b,indigenous->diaspora,0.17773675918579102,0.6718653440475464,0.02022571489214897
embedding_matrix,en_100m__vs__en_ukr_b,veiled->unveiled,0.17539016902446747,0.7297270894050598,0.10975240170955658
embedding_matrix,en_100m__vs__en_ukr_b,tradition->modernity,0.17399148643016815,0.6412353515625,0.03677499666810036
embedding_matrix,en_100m__vs__en_ukr_b,prayer->reason,0.168980211019516,0.6169089078903198,0.07648451626300812
embedding_matrix,en_100m__vs__en_ukr_b,fasting->feasting,0.16705085337162018,0.6839299201965332,-0.0024966374039649963
embedding_matrix,en_100m__vs__en_ukr_b,assimilation->pluralism,0.1586306095123291,0.4966827630996704,-0.0676368996500969
embedding_matrix,en_100m__vs__en_ukr_b,local->global,0.15747787058353424,0.7010835409164429,0.06819642335176468
embedding_matrix,en_100m__vs__en_ukr_b,uniform->personalized,0.15686742961406708,0.6580846905708313,-0.01316733006387949
embedding_matrix,en_100m__vs__en_ukr_b,democracy->monarchy,0.15456420183181763,0.7261605262756348,-0.06867476552724838
embedding_matrix,en_100m__vs__en_ukr_b,black->gold,0.15402500331401825,0.7111464142799377,0.042820703238248825
embedding_matrix,en_100m__vs__en_ukr_b,ritual->routine,0.15355901420116425,0.7065743803977966,-0.012044603005051613
embedding_matrix,en_100m__vs__en_ukr_b,dragon->eagle,0.15329939126968384,0.6525232195854187,0.002889995463192463
embedding_matrix,en_100m__vs__en_ukr_b,fermented->fresh,0.152153879404068,0.6629893779754639,-0.024854592978954315
embedding_matrix,en_100m__vs__en_ukr_b,vegetarian->meat,0.15122461318969727,0.7321644425392151,0.04224550724029541
embedding_matrix,en_100m__vs__en_ukr_b,modest->revealing,0.15032528340816498,0.6421661376953125,-0.020123284310102463
embedding_matrix,en_100m__vs__en_ukr_b,restraint->indulgence,0.1500059962272644,0.6849581003189087,0.040865395218133926
embedding_matrix,en_100m__vs__en_ukr_b,mother->father,0.1487232744693756,0.7642425298690796,-0.0941583439707756
embedding_matrix,en_100m__vs__en_ukr_b,honor->shame,0.1483454555273056,0.6997525095939636,0.05321914702653885
embedding_matrix,en_100m__vs__en_ukr_b,duty->freedom,0.14789438247680664,0.7139919400215149,0.04406018927693367
embedding_matrix,en_100m__vs__en_ukr_b,formal->casual,0.14462803304195404,0.626244068145752,0.06817136704921722
embedding_matrix,en_100m__vs__en_ukr_b,obedience->autonomy,0.14427123963832855,0.6860693097114563,-0.03325026482343674
embedding_matrix,en_100m__vs__en_ukr_b,tea->coffee,0.1440906524658203,0.741014838218689,0.07074353843927383
embedding_matrix,en_100m__vs__en_ukr_b,homeland->migration,0.14353010058403015,0.6193068623542786,-0.059411514550447464
embedding_matrix,en_100m__vs__en_ukr_b,certainty->ambiguity,0.1431356966495514,0.7406593561172485,-0.07474900782108307
embedding_matrix,en_100m__vs__en_ukr_b,lotus->rose,0.1422060877084732,0.5980640649795532,-0.007768967654556036
embedding_matrix,en_100m__vs__en_ukr_b,lunar->solar,0.1414353996515274,0.6651933193206787,0.02592688612639904
embedding_matrix,en_100m__vs__en_ukr_b,federal->centralized,0.14143438637256622,0.552914023399353,0.014885705895721912
embedding_matrix,en_100m__vs__en_ukr_b,ancestor->novelty,0.14082306623458862,0.7013105154037476,-0.02230166643857956
embedding_matrix,en_100m__vs__en_ukr_b,taboo->permissive,0.14030633866786957,0.582830548286438,0.016338421031832695
embedding_matrix,en_100m__vs__en_ukr_b,conformity->dissent,0.13833169639110565,0.7282953858375549,0.03847775235772133
embedding_matrix,en_100m__vs__en_ukr_b,rice->bread,0.1369284838438034,0.6927082538604736,-0.036844924092292786
embedding_matrix,en_100m__vs__en_ukr_b,customary->codified,0.13634447753429413,0.5361706614494324,-0.06293856352567673
embedding_matrix,en_100m__vs__en_ukr_b,solidarity->competition,0.1362333744764328,0.6360025405883789,-0.01485160831362009
embedding_matrix,en_100m__vs__en_ukr_b,ornate->plain,0.13578377664089203,0.639987587928772,0.016831878572702408
embedding_matrix,en_100m__vs__en_ukr_b,mourning->celebration,0.13505278527736664,0.6206172108650208,-0.013810232281684875
embedding_matrix,en_100m__vs__en_ukr_b,sacred->secular,0.13149143755435944,0.6526332497596741,0.021985849365592003
embedding_matrix,en_100m__vs__en_ukr_b,hierarchy->equality,0.13120417296886444,0.6190668940544128,-0.04210975766181946
embedding_matrix,en_100m__vs__en_ukr_b,elder->youth,0.1311432272195816,0.6496872901916504,-0.006467890925705433
embedding_matrix,en_100m__vs__en_ukr_b,lineage->mobility,0.13070622086524963,0.6869004964828491,-0.04205092042684555
embedding_matrix,en_100m__vs__en_ukr_b,script->image,0.12261465191841125,0.6667554974555969,-0.016657458618283272
embedding_matrix,en_100m__vs__en_ukr_b,white->red,0.12075667083263397,0.6709490418434143,0.04778314009308815
embedding_matrix,en_100m__vs__en_bul_a,pilgrim->spectator,0.21031296253204346,0.6362098455429077,-0.1446905881166458
embedding_matrix,en_100m__vs__en_bul_a,taboo->permissive,0.18775001168251038,0.6742179989814758,0.13465197384357452
embedding_matrix,en_100m__vs__en_bul_a,clan->individual,0.18368859589099884,0.6531836986541748,-0.04746510833501816
embedding_matrix,en_100m__vs__en_bul_a,indigenous->diaspora,0.18301500380039215,0.6189456582069397,0.078333280980587
embedding_matrix,en_100m__vs__en_bul_a,pilgrimage->tourism,0.18136253952980042,0.772487461566925,-0.11883757263422012
embedding_matrix,en_100m__vs__en_bul_a,uniform->personalized,0.18115665018558502,0.6546263098716736,-0.05241219326853752
embedding_matrix,en_100m__vs__en_bul_a,script->image,0.17994970083236694,0.7624475359916687,-0.11369143426418304
embedding_matrix,en_100m__vs__en_bul_a,sacred->secular,0.17869874835014343,0.7200460433959961,-0.11419427394866943
embedding_matrix,en_100m__vs__en_bul_a,patronage->meritocracy,0.1779269278049469,0.7382054328918457,0.10013209283351898
embedding_matrix,en_100m__vs__en_bul_a,kin->stranger,0.16270659863948822,0.6115809679031372,0.03243574872612953
embedding_matrix,en_100m__vs__en_bul_a,vegetarian->meat,0.16107827425003052,0.7038034796714783,0.05770666524767876
embedding_matrix,en_100m__vs__en_bul_a,ritual->routine,0.1600291132926941,0.6951096057891846,-0.07377356290817261
embedding_matrix,en_100m__vs__en_bul_a,local->global,0.15463419258594513,0.7103034853935242,0.05538863688707352
embedding_matrix,en_100m__vs__en_bul_a,elder->youth,0.15426160395145416,0.7052990794181824,-0.0522155724465847
embedding_matrix,en_100m__vs__en_bul_a,homeland->migration,0.15371447801589966,0.6783922910690308,-0.01956465095281601
embedding_matrix,en_100m__vs__en_bul_a,tradition->modernity,0.15219368040561676,0.5937666296958923,-0.017742298543453217
embedding_matrix,en_100m__vs__en_bul_a,formal->casual,0.14951199293136597,0.6633540391921997,0.006636255420744419
embedding_matrix,en_100m__vs__en_bul_a,customary->codified,0.14860403537750244,0.6036390662193298,-0.0803518071770668
embedding_matrix,en_100m__vs__en_bul_a,fermented->fresh,0.1476088911294937,0.6391985416412354,-0.0864311084151268
embedding_matrix,en_100m__vs__en_bul_a,authority->deliberation,0.14735180139541626,0.6375274658203125,0.048004161566495895
embedding_matrix,en_100m__vs__en_bul_a,individualism->collectivism,0.14636792242527008,0.6314094066619873,-0.025148382410407066
embedding_matrix,en_100m__vs__en_bul_a,majority->minority,0.14590971171855927,0.6778054237365723,0.044634927064180374
embedding_matrix,en_100m__vs__en_bul_a,modest->revealing,0.14411690831184387,0.6285211443901062,-0.013254562392830849
embedding_matrix,en_100m__vs__en_bul_a,lineage->mobility,0.1427765190601349,0.6147413849830627,-0.012974334880709648
embedding_matrix,en_100m__vs__en_bul_a,rice->bread,0.14234423637390137,0.6794868111610413,-0.07821310311555862
embedding_matrix,en_100m__vs__en_bul_a,black->gold,0.14233562350273132,0.6545900702476501,-0.00754645885899663
embedding_matrix,en_100m__vs__en_bul_a,honor->shame,0.14173704385757446,0.7010233998298645,0.020682724192738533
embedding_matrix,en_100m__vs__en_bul_a,lotus->rose,0.14171403646469116,0.6001371145248413,-0.04170920327305794
embedding_matrix,en_100m__vs__en_bul_a,restraint->indulgence,0.13962040841579437,0.628942608833313,0.03974810615181923
embedding_matrix,en_100m__vs__en_bul_a,duty->freedom,0.13947121798992157,0.6909594535827637,-0.0465753972530365
embedding_matrix,en_100m__vs__en_bul_a,ancestor->novelty,0.1380957067012787,0.7005107402801514,-0.013802425004541874
embedding_matrix,en_100m__vs__en_bul_a,lunar->solar,0.13628828525543213,0.6851638555526733,0.021868500858545303
embedding_matrix,en_100m__vs__en_bul_a,solidarity->competition,0.1359359174966812,0.6247430443763733,-0.06716164946556091
embedding_matrix,en_100m__vs__en_bul_a,conformity->dissent,0.13559195399284363,0.6898905038833618,0.05800066515803337
embedding_matrix,en_100m__vs__en_bul_a,spicy->mild,0.1349913626909256,0.6968346238136292,-0.030904674902558327
embedding_matrix,en_100m__vs__en_bul_a,veiled->unveiled,0.13498947024345398,0.6837144494056702,0.019991397857666016
embedding_matrix,en_100m__vs__en_bul_a,assimilation->pluralism,0.132074236869812,0.49935901165008545,0.0016637706430628896
embedding_matrix,en_100m__vs__en_bul_a,ornate->plain,0.13154003024101257,0.6537690162658691,0.033406127244234085
embedding_matrix,en_100m__vs__en_bul_a,obedience->autonomy,0.13130399584770203,0.6714450120925903,-0.006174755282700062
embedding_matrix,en_100m__vs__en_bul_a,prayer->reason,0.131228968501091,0.5848663449287415,0.004599656444042921
embedding_matrix,en_100m__vs__en_bul_a,mother->father,0.1311030238866806,0.674571692943573,-0.03901269659399986
embedding_matrix,en_100m__vs__en_bul_a,certainty->ambiguity,0.12842108309268951,0.6809895634651184,0.02974521741271019
embedding_matrix,en_100m__vs__en_bul_a,mourning->celebration,0.1277148723602295,0.641622006893158,0.02075161784887314
embedding_matrix,en_100m__vs__en_bul_a,democracy->monarchy,0.12725946307182312,0.634182870388031,-0.04184170439839363
embedding_matrix,en_100m__vs__en_bul_a,hierarchy->equality,0.12560178339481354,0.7077088356018066,0.0430394671857357
embedding_matrix,en_100m__vs__en_bul_a,fasting->feasting,0.12490326166152954,0.6916865110397339,0.015507438220083714
embedding_matrix,en_100m__vs__en_bul_a,dragon->eagle,0.12486587464809418,0.5863751173019409,-0.00896102748811245
embedding_matrix,en_100m__vs__en_bul_a,federal->centralized,0.12419461458921432,0.5748761892318726,0.01429260428994894
embedding_matrix,en_100m__vs__en_bul_a,tea->coffee,0.11775100976228714,0.6915683150291443,0.007440121844410896
embedding_matrix,en_100m__vs__en_bul_a,white->red,0.11006645113229752,0.7095750570297241,0.01668754406273365
embedding_matrix,en_100m__vs__en_bul_b,mother->father,0.19578570127487183,0.7709423899650574,-0.13904422521591187
embedding_matrix,en_100m__vs__en_bul_b,majority->minority,0.18237265944480896,0.724889874458313,-0.04299192130565643
embedding_matrix,en_100m__vs__en_bul_b,patronage->meritocracy,0.18217964470386505,0.7401897311210632,0.06768874078989029
embedding_matrix,en_100m__vs__en_bul_b,ritual->routine,0.17743000388145447,0.7213340401649475,-0.0523640513420105
embedding_matrix,en_100m__vs__en_bul_b,restraint->indulgence,0.17712990939617157,0.6525844931602478,0.06941012293100357
embedding_matrix,en_100m__vs__en_bul_b,spicy->mild,0.1753414273262024,0.751948893070221,-0.07398402690887451
embedding_matrix,en_100m__vs__en_bul_b,pilgrim->spectator,0.1698274165391922,0.5677135586738586,-0.0695054829120636
embedding_matrix,en_100m__vs__en_bul_b,vegetarian->meat,0.1665923148393631,0.7182167172431946,0.052197106182575226
embedding_matrix,en_100m__vs__en_bul_b,lineage->mobility,0.16588231921195984,0.6321974396705627,0.06221366673707962
embedding_matrix,en_100m__vs__en_bul_b,dragon->eagle,0.1652946174144745,0.7456964254379272,-0.10252019017934799
embedding_matrix,en_100m__vs__en_bul_b,customary->codified,0.16453231871128082,0.6430392861366272,-0.09807928651571274
embedding_matrix,en_100m__vs__en_bul_b,black->gold,0.16423286497592926,0.7294650673866272,0.044847358018159866
embedding_matrix,en_100m__vs__en_bul_b,homeland->migration,0.1638346165418625,0.7001424431800842,-0.038956161588430405
embedding_matrix,en_100m__vs__en_bul_b,lotus->rose,0.16237634420394897,0.6459349393844604,-0.0646250769495964
embedding_matrix,en_100m__vs__en_bul_b,authority->deliberation,0.1610124409198761,0.6410167813301086,0.05815824866294861
embedding_matrix,en_100m__vs__en_bul_b,kin->stranger,0.16088280081748962,0.5776296257972717,0.022959720343351364
embedding_matrix,en_100m__vs__en_bul_b,clan->individual,0.16066035628318787,0.6239827871322632,-0.0344507209956646
embedding_matrix,en_100m__vs__en_bul_b,tradition->modernity,0.1601414829492569,0.6517868638038635,0.03214646503329277
embedding_matrix,en_100m__vs__en_bul_b,solidarity->competition,0.16004762053489685,0.6572023630142212,-0.06961572170257568
embedding_matrix,en_100m__vs__en_bul_b,conformity->dissent,0.15868745744228363,0.6622793078422546,-0.05912381783127785
embedding_matrix,en_100m__vs__en_bul_b,taboo->permissive,0.15792450308799744,0.6371480822563171,0.044313184916973114
embedding_matrix,en_100m__vs__en_bul_b,modest->revealing,0.15607984364032745,0.6252070069313049,-0.002318283077329397
embedding_matrix,en_100m__vs__en_bul_b,assimilation->pluralism,0.1556282639503479,0.5831275582313538,0.034905433654785156
embedding_matrix,en_100m__vs__en_bul_b,indigenous->diaspora,0.15509909391403198,0.6350281834602356,0.026203135028481483
embedding_matrix,en_100m__vs__en_bul_b,obedience->autonomy,0.15330755710601807,0.7216600179672241,-0.024806128814816475
embedding_matrix,en_100m__vs__en_bul_b,ornate->plain,0.14964860677719116,0.6635218858718872,0.018033834174275398
embedding_matrix,en_100m__vs__en_bul_b,elder->youth,0.1481473743915558,0.6256137490272522,-0.04143161699175835
embedding_matrix,en_100m__vs__en_bul_b,white->red,0.14759671688079834,0.6943578124046326,0.06760662794113159
embedding_matrix,en_100m__vs__en_bul_b,mourning->celebration,0.14411474764347076,0.6536998748779297,0.038391489535570145
embedding_matrix,en_100m__vs__en_bul_b,prayer->reason,0.14306391775608063,0.6007378101348877,0.02554147318005562
embedding_matrix,en_100m__vs__en_bul_b,individualism->collectivism,0.14292459189891815,0.6035599112510681,-0.028160786256194115
embedding_matrix,en_100m__vs__en_bul_b,federal->centralized,0.14177222549915314,0.565941333770752,-0.01614456996321678
embedding_matrix,en_100m__vs__en_bul_b,lunar->solar,0.14161066710948944,0.6474193334579468,-0.005380203016102314
embedding_matrix,en_100m__vs__en_bul_b,sacred->secular,0.14008697867393494,0.6796780824661255,-0.021590515971183777
embedding_matrix,en_100m__vs__en_bul_b,tea->coffee,0.13953234255313873,0.7142212986946106,-0.010111875832080841
embedding_matrix,en_100m__vs__en_bul_b,hierarchy->equality,0.1389251947402954,0.7250083684921265,0.01282077468931675
embedding_matrix,en_100m__vs__en_bul_b,honor->shame,0.138832226395607,0.6964947581291199,0.007836032658815384
embedding_matrix,en_100m__vs__en_bul_b,uniform->personalized,0.13828584551811218,0.6397478580474854,-0.029799610376358032
embedding_matrix,en_100m__vs__en_bul_b,formal->casual,0.13794207572937012,0.632781982421875,0.054102249443531036
embedding_matrix,en_100m__vs__en_bul_b,fasting->feasting,0.13595502078533173,0.6786447167396545,0.029860546812415123
embedding_matrix,en_100m__vs__en_bul_b,duty->freedom,0.1356547325849533,0.6907378435134888,0.005696271080523729
embedding_matrix,en_100m__vs__en_bul_b,pilgrimage->tourism,0.13293471932411194,0.673166036605835,-0.05068112909793854
embedding_matrix,en_100m__vs__en_bul_b,certainty->ambiguity,0.1320960372686386,0.6908121109008789,-0.016619645059108734
embedding_matrix,en_100m__vs__en_bul_b,veiled->unveiled,0.13209430873394012,0.6571884751319885,0.04217309504747391
embedding_matrix,en_100m__vs__en_bul_b,fermented->fresh,0.13199464976787567,0.6353617906570435,-0.03871339187026024
embedding_matrix,en_100m__vs__en_bul_b,ancestor->novelty,0.12949155271053314,0.7000009417533875,-0.033476512879133224
embedding_matrix,en_100m__vs__en_bul_b,rice->bread,0.12920114398002625,0.6195258498191833,0.033050451427698135
embedding_matrix,en_100m__vs__en_bul_b,script->image,0.12905043363571167,0.6920465230941772,-0.033262163400650024
embedding_matrix,en_100m__vs__en_bul_b,local->global,0.12398519366979599,0.646204948425293,0.022328365594148636
embedding_matrix,en_100m__vs__en_bul_b,democracy->monarchy,0.12248887866735458,0.6421077251434326,-0.003149262862280011
embedding_matrix,en_100m__vs__en_ind_a,patronage->meritocracy,0.1806110292673111,0.7335390448570251,0.07398196309804916
embedding_matrix,en_100m__vs__en_ind_a,indigenous->diaspora,0.17849527299404144,0.6498185396194458,0.07673145830631256
embedding_matrix,en_100m__vs__en_ind_a,kin->stranger,0.17623275518417358,0.6817393898963928,0.07764460891485214
embedding_matrix,en_100m__vs__en_ind_a,spicy->mild,0.1745324730873108,0.7611323595046997,-0.08478163182735443
embedding_matrix,en_100m__vs__en_ind_a,clan->individual,0.166810542345047,0.6618103981018066,-0.02192368544638157
embedding_matrix,en_100m__vs__en_ind_a,conformity->dissent,0.16600073873996735,0.7354780435562134,0.036284416913986206
embedding_matrix,en_100m__vs__en_ind_a,ancestor->novelty,0.16550655663013458,0.7378008961677551,0.042737554758787155
embedding_matrix,en_100m__vs__en_ind_a,assimilation->pluralism,0.16541051864624023,0.6480299234390259,0.0757540836930275
embedding_matrix,en_100m__vs__en_ind_a,restraint->indulgence,0.1651340276002884,0.6548982858657837,0.09077204763889313
embedding_matrix,en_100m__vs__en_ind_a,vegetarian->meat,0.1618071049451828,0.6817964911460876,0.012330388650298119
embedding_matrix,en_100m__vs__en_ind_a,pilgrimage->tourism,0.16158843040466309,0.69594806432724,-0.07953779399394989
embedding_matrix,en_100m__vs__en_ind_a,elder->youth,0.1613510549068451,0.7073721885681152,-0.0867539793252945
embedding_matrix,en_100m__vs__en_ind_a,lineage->mobility,0.16064107418060303,0.7285195589065552,-0.03359522670507431
embedding_matrix,en_100m__vs__en_ind_a,individualism->collectivism,0.1602710336446762,0.6880059838294983,-0.04779229685664177
embedding_matrix,en_100m__vs__en_ind_a,ritual->routine,0.15876339375972748,0.6885576844215393,-0.009835292585194111
embedding_matrix,en_100m__vs__en_ind_a,uniform->personalized,0.15771624445915222,0.6790578365325928,-0.0596318393945694
embedding_matrix,en_100m__vs__en_ind_a,fermented->fresh,0.15683969855308533,0.6529072523117065,-0.07557499408721924
embedding_matrix,en_100m__vs__en_ind_a,pilgrim->spectator,0.15454956889152527,0.6062012910842896,0.001881672884337604
embedding_matrix,en_100m__vs__en_ind_a,lotus->rose,0.15114428102970123,0.6300056576728821,-0.009240650571882725
embedding_matrix,en_100m__vs__en_ind_a,sacred->secular,0.15089400112628937,0.7097851037979126,-0.030696073547005653
embedding_matrix,en_100m__vs__en_ind_a,veiled->unveiled,0.1505274921655655,0.7032122611999512,0.022925646975636482
embedding_matrix,en_100m__vs__en_ind_a,lunar->solar,0.1495736688375473,0.6731181740760803,-0.040144164115190506
embedding_matrix,en_100m__vs__en_ind_a,modest->revealing,0.14824432134628296,0.6285313963890076,-0.009572891518473625
embedding_matrix,en_100m__vs__en_ind_a,hierarchy->equality,0.1471262276172638,0.717498779296875,0.07538177818059921
embedding_matrix,en_100m__vs__en_ind_a,formal->casual,0.14705559611320496,0.6796963214874268,0.03210413455963135
embedding_matrix,en_100m__vs__en_ind_a,customary->codified,0.14495371282100677,0.5842427015304565,-0.04829022288322449
embedding_matrix,en_100m__vs__en_ind_a,rice->bread,0.14392322301864624,0.7506852746009827,-0.018785033375024796
embedding_matrix,en_100m__vs__en_ind_a,tradition->modernity,0.1436021625995636,0.6088798642158508,0.03194354847073555
embedding_matrix,en_100m__vs__en_ind_a,duty->freedom,0.14349918067455292,0.7242848873138428,0.05301991477608681
embedding_matrix,en_100m__vs__en_ind_a,script->image,0.14220468699932098,0.7034023404121399,-0.03910478204488754
embedding_matrix,en_100m__vs__en_ind_a,certainty->ambiguity,0.14189033210277557,0.7176244258880615,-0.006492303218692541
embedding_matrix,en_100m__vs__en_ind_a,solidarity->competition,0.14182180166244507,0.6663826704025269,-0.050310347229242325
embedding_matrix,en_100m__vs__en_ind_a,ornate->plain,0.14145489037036896,0.6279249787330627,-0.03707047924399376
embedding_matrix,en_100m__vs__en_ind_a,prayer->reason,0.1409599632024765,0.6007533669471741,0.031082099303603172
embedding_matrix,en_100m__vs__en_ind_a,taboo->permissive,0.14081008732318878,0.6401616930961609,0.03708091005682945
embedding_matrix,en_100m__vs__en_ind_a,black->gold,0.140028715133667,0.6638316512107849,0.03522372990846634
embedding_matrix,en_100m__vs__en_ind_a,federal->centralized,0.1398589313030243,0.6270139813423157,-0.02781566046178341
embedding_matrix,en_100m__vs__en_ind_a,local->global,0.13961157202720642,0.7213461995124817,-0.013454931788146496
embedding_matrix,en_100m__vs__en_ind_a,fasting->feasting,0.13806115090847015,0.7015036344528198,0.005989124067127705
embedding_matrix,en_100m__vs__en_ind_a,democracy->monarchy,0.13783666491508484,0.6685824990272522,-0.007249600253999233
embedding_matrix,en_100m__vs__en_ind_a,honor->shame,0.13705511391162872,0.6997652649879456,0.01543631311506033
embedding_matrix,en_100m__vs__en_ind_a,authority->deliberation,0.13608688116073608,0.6306546926498413,0.05739705637097359
embedding_matrix,en_100m__vs__en_ind_a,majority->minority,0.13552556931972504,0.6758444905281067,0.03250208869576454
embedding_matrix,en_100m__vs__en_ind_a,homeland->migration,0.13361623883247375,0.661180317401886,-0.028134852647781372
embedding_matrix,en_100m__vs__en_ind_a,dragon->eagle,0.13297933340072632,0.6601939797401428,-0.049570053815841675
embedding_matrix,en_100m__vs__en_ind_a,obedience->autonomy,0.13291162252426147,0.6578137278556824,0.010721574537456036
embedding_matrix,en_100m__vs__en_ind_a,mother->father,0.1307428777217865,0.7205052375793457,-0.05816345289349556
embedding_matrix,en_100m__vs__en_ind_a,white->red,0.12220318615436554,0.7249571681022644,-9.814631630433723e-05
embedding_matrix,en_100m__vs__en_ind_a,tea->coffee,0.12119980901479721,0.7156931161880493,0.029340168461203575
embedding_matrix,en_100m__vs__en_ind_a,mourning->celebration,0.11496076732873917,0.6177895665168762,0.009576295502483845
embedding_matrix,en_100m__vs__en_ind_b,conformity->dissent,0.18323391675949097,0.7686170935630798,0.09837309271097183
embedding_matrix,en_100m__vs__en_ind_b,kin->stranger,0.17958582937717438,0.7076287865638733,0.06608539074659348
embedding_matrix,en_100m__vs__en_ind_b,customary->codified,0.17823201417922974,0.7283117175102234,-0.12083100527524948
embedding_matrix,en_100m__vs__en_ind_b,dragon->eagle,0.1697695553302765,0.7616512179374695,-0.10571319609880447
embedding_matrix,en_100m__vs__en_ind_b,pilgrim->spectator,0.16269022226333618,0.6528798341751099,-0.05174260586500168
embedding_matrix,en_100m__vs__en_ind_b,vegetarian->meat,0.1624213010072708,0.7266741991043091,0.050995491445064545
embedding_matrix,en_100m__vs__en_ind_b,black->gold,0.1619682013988495,0.7080262303352356,0.04398303106427193
embedding_matrix,en_100m__vs__en_ind_b,clan->individual,0.161697655916214,0.6686931848526001,-0.044832743704319
embedding_matrix,en_100m__vs__en_ind_b,indigenous->diaspora,0.161577507853508,0.6566032767295837,0.007439296692609787
embedding_matrix,en_100m__vs__en_ind_b,veiled->unveiled,0.1534838229417801,0.6754477024078369,0.007131651975214481
embedding_matrix,en_100m__vs__en_ind_b,majority->minority,0.15309478342533112,0.7325615286827087,-0.03602537140250206
embedding_matrix,en_100m__vs__en_ind_b,uniform->personalized,0.14858496189117432,0.6791561245918274,-0.0445619560778141
embedding_matrix,en_100m__vs__en_ind_b,mother->father,0.14816012978553772,0.7727658748626709,-0.09426795691251755
embedding_matrix,en_100m__vs__en_ind_b,lotus->rose,0.14696913957595825,0.662574827671051,-0.034987762570381165
embedding_matrix,en_100m__vs__en_ind_b,lineage->mobility,0.143199160695076,0.6975311636924744,-0.01535407267510891
embedding_matrix,en_100m__vs__en_ind_b,duty->freedom,0.14212073385715485,0.7260886430740356,0.024650901556015015
embedding_matrix,en_100m__vs__en_ind_b,spicy->mild,0.14175857603549957,0.740826427936554,-0.06385820358991623
embedding_matrix,en_100m__vs__en_ind_b,obedience->autonomy,0.1412416696548462,0.6786813735961914,-0.017439452931284904
embedding_matrix,en_100m__vs__en_ind_b,patronage->meritocracy,0.14116425812244415,0.6764935851097107,0.03239796683192253
embedding_matrix,en_100m__vs__en_ind_b,script->image,0.1410372108221054,0.733681321144104,-0.029189784079790115
embedding_matrix,en_100m__vs__en_ind_b,solidarity->competition,0.14059008657932281,0.6509180665016174,-0.01818985305726528
embedding_matrix,en_100m__vs__en_ind_b,ritual->routine,0.14039690792560577,0.6797224879264832,-0.02664014883339405
embedding_matrix,en_100m__vs__en_ind_b,tradition->modernity,0.1393410563468933,0.5821824073791504,0.015562976710498333
embedding_matrix,en_100m__vs__en_ind_b,formal->casual,0.1392025500535965,0.6297823190689087,-0.009182256646454334
embedding_matrix,en_100m__vs__en_ind_b,ornate->plain,0.13891185820102692,0.62903892993927,-0.04497629404067993
embedding_matrix,en_100m__vs__en_ind_b,ancestor->novelty,0.13740909099578857,0.72339928150177,-0.024159163236618042
embedding_matrix,en_100m__vs__en_ind_b,prayer->reason,0.13714832067489624,0.6444788575172424,-0.029676057398319244
embedding_matrix,en_100m__vs__en_ind_b,individualism->collectivism,0.1364789754152298,0.6023116707801819,-0.003048131475225091
embedding_matrix,en_100m__vs__en_ind_b,restraint->indulgence,0.13573971390724182,0.6340230703353882,0.024356400594115257
embedding_matrix,en_100m__vs__en_ind_b,homeland->migration,0.13451001048088074,0.7078737616539001,0.017552722245454788
embedding_matrix,en_100m__vs__en_ind_b,federal->centralized,0.13437411189079285,0.6063110828399658,-0.03399062529206276
embedding_matrix,en_100m__vs__en_ind_b,honor->shame,0.13377439975738525,0.709473729133606,0.024853749200701714
embedding_matrix,en_100m__vs__en_ind_b,lunar->solar,0.13290682435035706,0.6425862908363342,-0.040248431265354156
embedding_matrix,en_100m__vs__en_ind_b,certainty->ambiguity,0.1328800618648529,0.7199944853782654,-0.02452448569238186
embedding_matrix,en_100m__vs__en_ind_b,modest->revealing,0.13268618285655975,0.5924651026725769,0.013830081559717655
embedding_matrix,en_100m__vs__en_ind_b,fasting->feasting,0.13143014907836914,0.684944212436676,0.03964446857571602
embedding_matrix,en_100m__vs__en_ind_b,elder->youth,0.13104434311389923,0.6527926921844482,-0.02860962599515915
embedding_matrix,en_100m__vs__en_ind_b,assimilation->pluralism,0.13018353283405304,0.5298522710800171,0.028846124187111855
embedding_matrix,en_100m__vs__en_ind_b,hierarchy->equality,0.12927061319351196,0.7254348397254944,0.0578216016292572
embedding_matrix,en_100m__vs__en_ind_b,authority->deliberation,0.12785622477531433,0.6236313581466675,0.03537587821483612
embedding_matrix,en_100m__vs__en_ind_b,pilgrimage->tourism,0.12778867781162262,0.6589590907096863,-0.06249416992068291
embedding_matrix,en_100m__vs__en_ind_b,sacred->secular,0.12612384557724,0.6693276166915894,-0.01645314320921898
embedding_matrix,en_100m__vs__en_ind_b,taboo->permissive,0.12501312792301178,0.6682438850402832,0.00553430151194334
embedding_matrix,en_100m__vs__en_ind_b,rice->bread,0.12068720906972885,0.6370269656181335,-0.008730127476155758
embedding_matrix,en_100m__vs__en_ind_b,fermented->fresh,0.1199263334274292,0.6460131406784058,-0.02745484933257103
embedding_matrix,en_100m__vs__en_ind_b,democracy->monarchy,0.11833630502223969,0.6359599828720093,-0.010952877812087536
embedding_matrix,en_100m__vs__en_ind_b,tea->coffee,0.11671224236488342,0.6997032761573792,0.010022560134530067
embedding_matrix,en_100m__vs__en_ind_b,mourning->celebration,0.1150890365242958,0.6325259804725647,0.0023232148960232735
embedding_matrix,en_100m__vs__en_ind_b,white->red,0.11297383159399033,0.7040843963623047,0.012949435040354729
embedding_matrix,en_100m__vs__en_ind_b,local->global,0.10951850563287735,0.6169078350067139,0.011477364227175713
embedding_matrix,en_100m__vs__en_deu_a,clan->individual,0.19645538926124573,0.6743482351303101,-0.06704737991094589
embedding_matrix,en_100m__vs__en_deu_a,kin->stranger,0.18944109976291656,0.714977502822876,0.1022409200668335
embedding_matrix,en_100m__vs__en_deu_a,vegetarian->meat,0.17931139469146729,0.7306119799613953,0.05308186262845993
embedding_matrix,en_100m__vs__en_deu_a,sacred->secular,0.17622964084148407,0.7158313393592834,-0.07127881050109863
embedding_matrix,en_100m__vs__en_deu_a,script->image,0.17555606365203857,0.7917255759239197,-0.10235323756933212
embedding_matrix,en_100m__vs__en_deu_a,ritual->routine,0.16712450981140137,0.7446665167808533,-0.062025535851716995
embedding_matrix,en_100m__vs__en_deu_a,uniform->personalized,0.166671022772789,0.6942567229270935,0.004599698353558779
embedding_matrix,en_100m__vs__en_deu_a,pilgrimage->tourism,0.16634848713874817,0.7152476906776428,-0.1092645674943924
embedding_matrix,en_100m__vs__en_deu_a,taboo->permissive,0.16320474445819855,0.619401216506958,-0.040417566895484924
embedding_matrix,en_100m__vs__en_deu_a,spicy->mild,0.16233663260936737,0.7524102926254272,-0.07783036679029465
embedding_matrix,en_100m__vs__en_deu_a,veiled->unveiled,0.16135895252227783,0.7097015380859375,0.07162435352802277
embedding_matrix,en_100m__vs__en_deu_a,black->gold,0.16120211780071259,0.683671236038208,0.06690138578414917
embedding_matrix,en_100m__vs__en_deu_a,majority->minority,0.16064390540122986,0.7305123805999756,-0.05907095968723297
embedding_matrix,en_100m__vs__en_deu_a,lineage->mobility,0.1597180962562561,0.704963743686676,-0.01615559495985508
embedding_matrix,en_100m__vs__en_deu_a,restraint->indulgence,0.159685418009758,0.6605744361877441,0.05591239780187607
embedding_matrix,en_100m__vs__en_deu_a,patronage->meritocracy,0.15857790410518646,0.655098021030426,0.0238199345767498
embedding_matrix,en_100m__vs__en_deu_a,pilgrim->spectator,0.15812936425209045,0.6362907886505127,-0.005075936671346426
embedding_matrix,en_100m__vs__en_deu_a,assimilation->pluralism,0.1573384553194046,0.6199831366539001,0.06243664771318436
embedding_matrix,en_100m__vs__en_deu_a,duty->freedom,0.15698044002056122,0.7175393104553223,0.056925345212221146
embedding_matrix,en_100m__vs__en_deu_a,certainty->ambiguity,0.1540105640888214,0.7365216016769409,-0.02579476498067379
embedding_matrix,en_100m__vs__en_deu_a,mother->father,0.15352647006511688,0.7239384055137634,-0.0920904353260994
embedding_matrix,en_100m__vs__en_deu_a,indigenous->diaspora,0.15310311317443848,0.623508632183075,0.02710685320198536
embedding_matrix,en_100m__vs__en_deu_a,democracy->monarchy,0.15225204825401306,0.7118289470672607,-0.04765016958117485
embedding_matrix,en_100m__vs__en_deu_a,elder->youth,0.14988106489181519,0.6603240370750427,0.0003534021379891783
embedding_matrix,en_100m__vs__en_deu_a,solidarity->competition,0.14965711534023285,0.6614187955856323,-0.0697207823395729
embedding_matrix,en_100m__vs__en_deu_a,honor->shame,0.14695599675178528,0.7195956707000732,0.06033875048160553
embedding_matrix,en_100m__vs__en_deu_a,obedience->autonomy,0.14686617255210876,0.6694746017456055,-0.05682327225804329
embedding_matrix,en_100m__vs__en_deu_a,authority->deliberation,0.14331229031085968,0.6662362217903137,0.04049378260970116
embedding_matrix,en_100m__vs__en_deu_a,tradition->modernity,0.14298519492149353,0.6124942898750305,-0.005184727255254984
embedding_matrix,en_100m__vs__en_deu_a,local->global,0.14200091361999512,0.6790832877159119,-0.04617534577846527
embedding_matrix,en_100m__vs__en_deu_a,lotus->rose,0.14189667999744415,0.608176052570343,0.002063293941318989
embedding_matrix,en_100m__vs__en_deu_a,lunar->solar,0.140835240483284,0.6893354058265686,0.005294105503708124
embedding_matrix,en_100m__vs__en_deu_a,dragon->eagle,0.14078204333782196,0.702593982219696,-0.06718601286411285
embedding_matrix,en_100m__vs__en_deu_a,tea->coffee,0.14072689414024353,0.6985458731651306,-0.03130853548645973
embedding_matrix,en_100m__vs__en_deu_a,federal->centralized,0.1405525803565979,0.6424548625946045,-0.04718346521258354
embedding_matrix,en_100m__vs__en_deu_a,modest->revealing,0.1404893547296524,0.6127017140388489,-0.016521243378520012
embedding_matrix,en_100m__vs__en_deu_a,ancestor->novelty,0.1403457671403885,0.708964467048645,0.0059683797881007195
embedding_matrix,en_100m__vs__en_deu_a,hierarchy->equality,0.14017507433891296,0.7026760578155518,0.019817501306533813
embedding_matrix,en_100m__vs__en_deu_a,individualism->collectivism,0.14002646505832672,0.6169740557670593,-0.03083745390176773
embedding_matrix,en_100m__vs__en_deu_a,formal->casual,0.1400088518857956,0.6253464221954346,0.03671380877494812
embedding_matrix,en_100m__vs__en_deu_a,mourning->celebration,0.1383282095193863,0.7227704524993896,-0.021841270849108696
embedding_matrix,en_100m__vs__en_deu_a,ornate->plain,0.13404691219329834,0.609495997428894,-0.004451686050742865
embedding_matrix,en_100m__vs__en_deu_a,prayer->reason,0.13355886936187744,0.6162129044532776,-0.011988649144768715
embedding_matrix,en_100m__vs__en_deu_a,customary->codified,0.1334153115749359,0.5321073532104492,-0.059413161128759384
embedding_matrix,en_100m__vs__en_deu_a,conformity->dissent,0.12751084566116333,0.6702418327331543,0.007780096493661404
embedding_matrix,en_100m__vs__en_deu_a,fasting->feasting,0.12444395571947098,0.6997166872024536,0.05127166211605072
embedding_matrix,en_100m__vs__en_deu_a,fermented->fresh,0.12316253781318665,0.6043899059295654,-0.025919971987605095
embedding_matrix,en_100m__vs__en_deu_a,rice->bread,0.1220676600933075,0.5743075609207153,-0.0003150549018755555
embedding_matrix,en_100m__vs__en_deu_a,homeland->migration,0.12139511853456497,0.6921774744987488,0.02192625030875206
embedding_matrix,en_100m__vs__en_deu_a,white->red,0.11202339082956314,0.6690161228179932,0.0024869628250598907
embedding_matrix,en_100m__vs__en_deu_b,pilgrimage->tourism,0.22577540576457977,0.7690160274505615,-0.1639317274093628
embedding_matrix,en_100m__vs__en_deu_b,spicy->mild,0.21221251785755157,0.7852473258972168,-0.13572430610656738
embedding_matrix,en_100m__vs__en_deu_b,indigenous->diaspora,0.1861724555492401,0.683302104473114,0.07319223880767822
embedding_matrix,en_100m__vs__en_deu_b,clan->individual,0.18000221252441406,0.6635948419570923,-0.08454103022813797
embedding_matrix,en_100m__vs__en_deu_b,modest->revealing,0.17175596952438354,0.7020439505577087,-0.07769101858139038
embedding_matrix,en_100m__vs__en_deu_b,rice->bread,0.1667032390832901,0.7808855175971985,-0.0596407912671566
embedding_matrix,en_100m__vs__en_deu_b,honor->shame,0.16644546389579773,0.7197824120521545,0.062485795468091965
embedding_matrix,en_100m__vs__en_deu_b,kin->stranger,0.1664213389158249,0.6426469683647156,0.08087974786758423
embedding_matrix,en_100m__vs__en_deu_b,obedience->autonomy,0.16477032005786896,0.7467229962348938,-0.02028309926390648
embedding_matrix,en_100m__vs__en_deu_b,majority->minority,0.16275231540203094,0.731795072555542,-0.06271777302026749
embedding_matrix,en_100m__vs__en_deu_b,fermented->fresh,0.16192878782749176,0.6958897709846497,-0.03552541136741638
embedding_matrix,en_100m__vs__en_deu_b,pilgrim->spectator,0.16139832139015198,0.6454940438270569,-0.045967381447553635
embedding_matrix,en_100m__vs__en_deu_b,elder->youth,0.1603807657957077,0.657922625541687,-0.0912986472249031
embedding_matrix,en_100m__vs__en_deu_b,vegetarian->meat,0.1576286107301712,0.6872321963310242,0.029489047825336456
embedding_matrix,en_100m__vs__en_deu_b,uniform->personalized,0.1569165736436844,0.663301944732666,-0.04052180424332619
embedding_matrix,en_100m__vs__en_deu_b,lunar->solar,0.15600712597370148,0.7125579118728638,0.05801702290773392
embedding_matrix,en_100m__vs__en_deu_b,solidarity->competition,0.15546914935112,0.6849370002746582,-0.005347541067749262
embedding_matrix,en_100m__vs__en_deu_b,black->gold,0.1532118171453476,0.701935887336731,0.033230338245630264
embedding_matrix,en_100m__vs__en_deu_b,assimilation->pluralism,0.1531383991241455,0.5722711086273193,0.025878027081489563
embedding_matrix,en_100m__vs__en_deu_b,individualism->collectivism,0.15225176513195038,0.598831057548523,0.03201543167233467
embedding_matrix,en_100m__vs__en_deu_b,tradition->modernity,0.1514424979686737,0.6084269881248474,0.01540258526802063
embedding_matrix,en_100m__vs__en_deu_b,veiled->unveiled,0.1514352560043335,0.6877068877220154,0.07322388142347336
embedding_matrix,en_100m__vs__en_deu_b,sacred->secular,0.15054571628570557,0.7144703269004822,-0.07085715234279633
embedding_matrix,en_100m__vs__en_deu_b,formal->casual,0.1503276377916336,0.6703962683677673,0.001884866738691926
embedding_matrix,en_100m__vs__en_deu_b,dragon->eagle,0.1487005650997162,0.7393395304679871,-0.08711882680654526
embedding_matrix,en_100m__vs__en_deu_b,lotus->rose,0.14867843687534332,0.6097210645675659,-0.07294777780771255
embedding_matrix,en_100m__vs__en_deu_b,patronage->meritocracy,0.14666928350925446,0.650873601436615,0.033679764717817307
embedding_matrix,en_100m__vs__en_deu_b,local->global,0.1463155895471573,0.7024588584899902,-0.04082605615258217
embedding_matrix,en_100m__vs__en_deu_b,customary->codified,0.14476461708545685,0.5769161581993103,-0.053523752838373184
embedding_matrix,en_100m__vs__en_deu_b,ritual->routine,0.14453555643558502,0.679900050163269,-0.059341058135032654
embedding_matrix,en_100m__vs__en_deu_b,taboo->permissive,0.14288774132728577,0.653232991695404,0.034972138702869415
embedding_matrix,en_100m__vs__en_deu_b,ornate->plain,0.14247924089431763,0.655621349811554,-0.0031749289482831955
embedding_matrix,en_100m__vs__en_deu_b,script->image,0.14232714474201202,0.6767377257347107,-0.021893281489610672
embedding_matrix,en_100m__vs__en_deu_b,lineage->mobility,0.14226223528385162,0.6869916319847107,-0.035354867577552795
embedding_matrix,en_100m__vs__en_deu_b,authority->deliberation,0.1397055983543396,0.6525225639343262,-0.008895697072148323
embedding_matrix,en_100m__vs__en_deu_b,conformity->dissent,0.13832321763038635,0.6846446394920349,0.01948723942041397
embedding_matrix,en_100m__vs__en_deu_b,restraint->indulgence,0.13818344473838806,0.6405978798866272,-0.021265549585223198
embedding_matrix,en_100m__vs__en_deu_b,mother->father,0.1373482346534729,0.7107519507408142,-0.06988231092691422
embedding_matrix,en_100m__vs__en_deu_b,federal->centralized,0.1338590532541275,0.5799450278282166,0.0021030502393841743
embedding_matrix,en_100m__vs__en_deu_b,mourning->celebration,0.13367636501789093,0.6738657355308533,0.0031837038695812225
embedding_matrix,en_100m__vs__en_deu_b,prayer->reason,0.13357998430728912,0.6007940769195557,0.0003561992780305445
embedding_matrix,en_100m__vs__en_deu_b,ancestor->novelty,0.13287921249866486,0.683984637260437,-0.03937757760286331
embedding_matrix,en_100m__vs__en_deu_b,fasting->feasting,0.13219459354877472,0.7380722761154175,0.04059983417391777
embedding_matrix,en_100m__vs__en_deu_b,homeland->migration,0.12876854836940765,0.6490626931190491,0.014151227660477161
embedding_matrix,en_100m__vs__en_deu_b,democracy->monarchy,0.12871426343917847,0.5792315602302551,0.019683990627527237
embedding_matrix,en_100m__vs__en_deu_b,hierarchy->equality,0.12831954658031464,0.6812322735786438,0.03845991566777229
embedding_matrix,en_100m__vs__en_deu_b,duty->freedom,0.12559933960437775,0.6774353981018066,0.04508260637521744
embedding_matrix,en_100m__vs__en_deu_b,white->red,0.1236032024025917,0.6925618052482605,0.017479758709669113
embedding_matrix,en_100m__vs__en_deu_b,certainty->ambiguity,0.11506211757659912,0.6908829808235168,-0.007145875599235296
embedding_matrix,en_100m__vs__en_deu_b,tea->coffee,0.11399560421705246,0.6502019166946411,-0.016367986798286438
pre_lmhead_contextual,en_50m__vs__en_zh_a,uniform->personalized,5.10158109664917,0.7729902267456055,4.525705337524414
pre_lmhead_contextual,en_50m__vs__en_zh_a,certainty->ambiguity,4.629108905792236,0.9186848402023315,4.605541706085205
pre_lmhead_contextual,en_50m__vs__en_zh_a,script->image,4.161711692810059,0.9393185973167419,4.14205265045166
pre_lmhead_contextual,en_50m__vs__en_zh_a,homeland->migration,4.154427528381348,0.8362931609153748,3.200268507003784
pre_lmhead_contextual,en_50m__vs__en_zh_a,fermented->fresh,4.12040376663208,0.9209362864494324,3.883906841278076
pre_lmhead_contextual,en_50m__vs__en_zh_a,fasting->feasting,3.8209972381591797,0.5959665179252625,-3.754700183868408
pre_lmhead_contextual,en_50m__vs__en_zh_a,ornate->plain,3.200105905532837,0.4160049557685852,3.103236675262451
pre_lmhead_contextual,en_50m__vs__en_zh_a,vegetarian->meat,3.146890640258789,0.6973748803138733,-2.783041477203369
pre_lmhead_contextual,en_50m__vs__en_zh_a,pilgrimage->tourism,3.0020835399627686,0.7028908133506775,-2.746079683303833
pre_lmhead_contextual,en_50m__vs__en_zh_a,rice->bread,2.65954852104187,0.8612816333770752,2.4455459117889404
pre_lmhead_contextual,en_50m__vs__en_zh_a,lotus->rose,2.6490371227264404,0.7649118900299072,-2.5853071212768555
pre_lmhead_contextual,en_50m__vs__en_zh_a,ritual->routine,2.5859923362731934,0.720306932926178,-0.6342217326164246
pre_lmhead_contextual,en_50m__vs__en_zh_a,white->red,2.5325698852539062,0.9142774343490601,2.4134628772735596
pre_lmhead_contextual,en_50m__vs__en_zh_a,tradition->modernity,2.525092601776123,0.6017758846282959,2.24977970123291
pre_lmhead_contextual,en_50m__vs__en_zh_a,ancestor->novelty,2.4522101879119873,0.6659678816795349,-2.116807222366333
pre_lmhead_contextual,en_50m__vs__en_zh_a,indigenous->diaspora,2.445765733718872,0.6730614304542542,-1.1714950799942017
pre_lmhead_contextual,en_50m__vs__en_zh_a,democracy->monarchy,2.419222116470337,0.8496677279472351,-2.039590835571289
pre_lmhead_contextual,en_50m__vs__en_zh_a,majority->minority,2.4167838096618652,0.7339755892753601,1.9245185852050781
pre_lmhead_contextual,en_50m__vs__en_zh_a,pilgrim->spectator,2.4118130207061768,0.2808418571949005,1.4234014749526978
pre_lmhead_contextual,en_50m__vs__en_zh_a,formal->casual,2.4056732654571533,0.7291935086250305,-2.288778305053711
pre_lmhead_contextual,en_50m__vs__en_zh_a,veiled->unveiled,2.364419937133789,0.46670928597450256,-2.0206282138824463
pre_lmhead_contextual,en_50m__vs__en_zh_a,spicy->mild,2.3367700576782227,0.6089301705360413,1.6154834032058716
pre_lmhead_contextual,en_50m__vs__en_zh_a,authority->deliberation,2.2643308639526367,0.34685319662094116,-1.9191519021987915
pre_lmhead_contextual,en_50m__vs__en_zh_a,taboo->permissive,2.235764265060425,0.3189333379268646,-1.9089272022247314
pre_lmhead_contextual,en_50m__vs__en_zh_a,mother->father,2.226681709289551,0.7292970418930054,-1.8821989297866821
pre_lmhead_contextual,en_50m__vs__en_zh_a,mourning->celebration,2.2220025062561035,0.638565182685852,-1.959782600402832
pre_lmhead_contextual,en_50m__vs__en_zh_a,hierarchy->equality,2.2131474018096924,0.7288913726806641,-1.7363532781600952
pre_lmhead_contextual,en_50m__vs__en_zh_a,dragon->eagle,2.1522104740142822,0.7996721267700195,-2.0042378902435303
pre_lmhead_contextual,en_50m__vs__en_zh_a,lineage->mobility,2.151597261428833,0.5298460721969604,-0.4897601902484894
pre_lmhead_contextual,en_50m__vs__en_zh_a,federal->centralized,2.109832525253296,0.5042232275009155,1.772516131401062
pre_lmhead_contextual,en_50m__vs__en_zh_a,modest->revealing,2.0271573066711426,0.6542189717292786,-0.03158795088529587
pre_lmhead_contextual,en_50m__vs__en_zh_a,solidarity->competition,2.0154154300689697,0.7809221744537354,-1.0633898973464966
pre_lmhead_contextual,en_50m__vs__en_zh_a,kin->stranger,1.9930903911590576,0.548329770565033,1.4469712972640991
pre_lmhead_contextual,en_50m__vs__en_zh_a,restraint->indulgence,1.991245150566101,0.21856947243213654,-1.0906206369400024
pre_lmhead_contextual,en_50m__vs__en_zh_a,honor->shame,1.9211453199386597,0.719099760055542,-1.355655312538147
pre_lmhead_contextual,en_50m__vs__en_zh_a,black->gold,1.920562744140625,0.36418309807777405,1.8481380939483643
pre_lmhead_contextual,en_50m__vs__en_zh_a,clan->individual,1.8543578386306763,0.5489526391029358,0.14324820041656494
pre_lmhead_contextual,en_50m__vs__en_zh_a,tea->coffee,1.8388471603393555,0.7172622084617615,-1.5151301622390747
pre_lmhead_contextual,en_50m__vs__en_zh_a,individualism->collectivism,1.819229006767273,0.6070922613143921,-1.280729055404663
pre_lmhead_contextual,en_50m__vs__en_zh_a,local->global,1.805720567703247,0.776739239692688,-1.6039694547653198
pre_lmhead_contextual,en_50m__vs__en_zh_a,obedience->autonomy,1.7918691635131836,0.7263619303703308,0.15544866025447845
pre_lmhead_contextual,en_50m__vs__en_zh_a,lunar->solar,1.6961174011230469,0.7236220836639404,0.37061265110969543
pre_lmhead_contextual,en_50m__vs__en_zh_a,conformity->dissent,1.6690988540649414,0.46290716528892517,0.8777352571487427
pre_lmhead_contextual,en_50m__vs__en_zh_a,customary->codified,1.5911327600479126,0.48999589681625366,0.35162121057510376
pre_lmhead_contextual,en_50m__vs__en_zh_a,patronage->meritocracy,1.5530853271484375,0.356754869222641,-0.7597535252571106
pre_lmhead_contextual,en_50m__vs__en_zh_a,sacred->secular,1.5195732116699219,0.6438170075416565,0.8243100047111511
pre_lmhead_contextual,en_50m__vs__en_zh_a,assimilation->pluralism,1.510623574256897,0.19869336485862732,0.6074037551879883
pre_lmhead_contextual,en_50m__vs__en_zh_a,prayer->reason,1.4818826913833618,0.25729668140411377,-0.8991370797157288
pre_lmhead_contextual,en_50m__vs__en_zh_a,elder->youth,1.3062070608139038,0.20167875289916992,-0.43054628372192383
pre_lmhead_contextual,en_50m__vs__en_zh_a,duty->freedom,1.2846921682357788,0.7151059508323669,0.5540250539779663
pre_lmhead_contextual,en_50m__vs__en_zh_b,pilgrimage->tourism,4.062870025634766,0.9265562891960144,-4.0076704025268555
pre_lmhead_contextual,en_50m__vs__en_zh_b,vegetarian->meat,4.035340785980225,0.6922467947006226,-3.7979047298431396
pre_lmhead_contextual,en_50m__vs__en_zh_b,sacred->secular,3.7964775562286377,0.8230757117271423,3.6646888256073
pre_lmhead_contextual,en_50m__vs__en_zh_b,lineage->mobility,3.7231743335723877,0.8118950128555298,-3.1458048820495605
pre_lmhead_contextual,en_50m__vs__en_zh_b,lotus->rose,3.531447410583496,0.8965054750442505,-3.512678384780884
pre_lmhead_contextual,en_50m__vs__en_zh_b,certainty->ambiguity,3.3819937705993652,0.8295223116874695,3.3150880336761475
pre_lmhead_contextual,en_50m__vs__en_zh_b,white->red,3.2671351432800293,0.8988714218139648,3.2138242721557617
pre_lmhead_contextual,en_50m__vs__en_zh_b,veiled->unveiled,3.020026922225952,0.48826268315315247,-2.831037998199463
pre_lmhead_contextual,en_50m__vs__en_zh_b,formal->casual,2.9827816486358643,0.7796639204025269,-2.8132495880126953
pre_lmhead_contextual,en_50m__vs__en_zh_b,ornate->plain,2.7447574138641357,0.3444667458534241,2.331084966659546
pre_lmhead_contextual,en_50m__vs__en_zh_b,fasting->feasting,2.667832612991333,0.41960853338241577,-2.184792995452881
pre_lmhead_contextual,en_50m__vs__en_zh_b,tradition->modernity,2.6444709300994873,0.6741622090339661,1.5245904922485352
pre_lmhead_contextual,en_50m__vs__en_zh_b,hierarchy->equality,2.5970492362976074,0.7525708079338074,-2.0519702434539795
pre_lmhead_contextual,en_50m__vs__en_zh_b,restraint->indulgence,2.5907974243164062,0.2989327609539032,-2.3845787048339844
pre_lmhead_contextual,en_50m__vs__en_zh_b,majority->minority,2.543846607208252,0.6755317449569702,1.4171779155731201
pre_lmhead_contextual,en_50m__vs__en_zh_b,conformity->dissent,2.5181667804718018,0.7184098958969116,-1.2485103607177734
pre_lmhead_contextual,en_50m__vs__en_zh_b,uniform->personalized,2.482851982116699,0.7168533205986023,1.356961965560913
pre_lmhead_contextual,en_50m__vs__en_zh_b,customary->codified,2.4014892578125,0.634796142578125,2.293250560760498
pre_lmhead_contextual,en_50m__vs__en_zh_b,obedience->autonomy,2.3724257946014404,0.7695069909095764,1.7610409259796143
pre_lmhead_contextual,en_50m__vs__en_zh_b,duty->freedom,2.3438289165496826,0.7118290066719055,-2.0176682472229004
pre_lmhead_contextual,en_50m__vs__en_zh_b,script->image,2.339432716369629,0.663335919380188,2.087397575378418
pre_lmhead_contextual,en_50m__vs__en_zh_b,assimilation->pluralism,2.3031973838806152,0.2836253046989441,1.186234474182129
pre_lmhead_contextual,en_50m__vs__en_zh_b,ritual->routine,2.3012475967407227,0.7253038287162781,-0.6059038043022156
pre_lmhead_contextual,en_50m__vs__en_zh_b,solidarity->competition,2.165461540222168,0.6759577989578247,-1.8315430879592896
pre_lmhead_contextual,en_50m__vs__en_zh_b,rice->bread,2.152876377105713,0.7971329092979431,1.9363999366760254
pre_lmhead_contextual,en_50m__vs__en_zh_b,black->gold,2.0705599784851074,0.3958611488342285,1.9053562879562378
pre_lmhead_contextual,en_50m__vs__en_zh_b,dragon->eagle,2.0349678993225098,0.7738707065582275,-1.3364171981811523
pre_lmhead_contextual,en_50m__vs__en_zh_b,pilgrim->spectator,2.020451545715332,0.2393118292093277,1.4500946998596191
pre_lmhead_contextual,en_50m__vs__en_zh_b,mourning->celebration,1.9971996545791626,0.5797064900398254,-1.4960020780563354
pre_lmhead_contextual,en_50m__vs__en_zh_b,ancestor->novelty,1.9423567056655884,0.7362180352210999,1.605714201927185
pre_lmhead_contextual,en_50m__vs__en_zh_b,local->global,1.9221906661987305,0.7264758944511414,-1.1529196500778198
pre_lmhead_contextual,en_50m__vs__en_zh_b,lunar->solar,1.912621259689331,0.7906947135925293,-1.350796103477478
pre_lmhead_contextual,en_50m__vs__en_zh_b,homeland->migration,1.8512051105499268,0.4817858040332794,1.4172173738479614
pre_lmhead_contextual,en_50m__vs__en_zh_b,clan->individual,1.8505905866622925,0.6347599029541016,-1.0037659406661987
pre_lmhead_contextual,en_50m__vs__en_zh_b,elder->youth,1.8150652647018433,0.33249571919441223,1.2294620275497437
pre_lmhead_contextual,en_50m__vs__en_zh_b,honor->shame,1.8074952363967896,0.601327657699585,-0.10856978595256805
pre_lmhead_contextual,en_50m__vs__en_zh_b,fermented->fresh,1.8020020723342896,0.8810127973556519,1.419809103012085
pre_lmhead_contextual,en_50m__vs__en_zh_b,individualism->collectivism,1.7616972923278809,0.6928384304046631,0.7174786329269409
pre_lmhead_contextual,en_50m__vs__en_zh_b,prayer->reason,1.7411662340164185,0.30854955315589905,-1.0048112869262695
pre_lmhead_contextual,en_50m__vs__en_zh_b,spicy->mild,1.7385300397872925,0.662178099155426,-1.1822532415390015
pre_lmhead_contextual,en_50m__vs__en_zh_b,indigenous->diaspora,1.6763972043991089,0.5218595266342163,-0.28632429242134094
pre_lmhead_contextual,en_50m__vs__en_zh_b,authority->deliberation,1.6475352048873901,0.26719701290130615,-0.9104995131492615
pre_lmhead_contextual,en_50m__vs__en_zh_b,democracy->monarchy,1.605122685432434,0.6247867345809937,-1.1520286798477173
pre_lmhead_contextual,en_50m__vs__en_zh_b,patronage->meritocracy,1.4984835386276245,0.3183438777923584,-0.649470329284668
pre_lmhead_contextual,en_50m__vs__en_zh_b,tea->coffee,1.4688942432403564,0.7553809881210327,-0.5585916638374329
pre_lmhead_contextual,en_50m__vs__en_zh_b,federal->centralized,1.3566458225250244,0.30515506863594055,0.3328130543231964
pre_lmhead_contextual,en_50m__vs__en_zh_b,mother->father,1.3208680152893066,0.6057032346725464,0.20337389409542084
pre_lmhead_contextual,en_50m__vs__en_zh_b,modest->revealing,1.266282558441162,0.4635337293148041,-0.14151449501514435
pre_lmhead_contextual,en_50m__vs__en_zh_b,taboo->permissive,1.2657692432403564,0.16380062699317932,-0.38345831632614136
pre_lmhead_contextual,en_50m__vs__en_zh_b,kin->stranger,1.2471671104431152,0.2924005687236786,-0.10401267558336258
pre_lmhead_contextual,en_50m__vs__en_fr_a,white->red,4.6929931640625,0.9247074127197266,4.655819892883301
pre_lmhead_contextual,en_50m__vs__en_fr_a,local->global,3.951754570007324,0.9211792945861816,-3.87778377532959
pre_lmhead_contextual,en_50m__vs__en_fr_a,formal->casual,3.9472970962524414,0.8338088393211365,-3.857703924179077
pre_lmhead_contextual,en_50m__vs__en_fr_a,veiled->unveiled,3.9004502296447754,0.5652364492416382,-3.889045476913452
pre_lmhead_contextual,en_50m__vs__en_fr_a,ornate->plain,3.774407386779785,0.4967477321624756,3.6238574981689453
pre_lmhead_contextual,en_50m__vs__en_fr_a,fermented->fresh,3.619854211807251,0.8923282623291016,3.380383253097534
pre_lmhead_contextual,en_50m__vs__en_fr_a,rice->bread,3.5719714164733887,0.9121641516685486,3.4350154399871826
pre_lmhead_contextual,en_50m__vs__en_fr_a,spicy->mild,3.348308563232422,0.8356981873512268,-0.5467367172241211
pre_lmhead_contextual,en_50m__vs__en_fr_a,homeland->migration,3.3381543159484863,0.6174128651618958,3.039304256439209
pre_lmhead_contextual,en_50m__vs__en_fr_a,honor->shame,3.308861255645752,0.8710176944732666,-2.9736533164978027
pre_lmhead_contextual,en_50m__vs__en_fr_a,lineage->mobility,3.077939748764038,0.7452961206436157,-0.41911932826042175
pre_lmhead_contextual,en_50m__vs__en_fr_a,script->image,2.8989858627319336,0.6929464936256409,2.8165509700775146
pre_lmhead_contextual,en_50m__vs__en_fr_a,mourning->celebration,2.7735238075256348,0.7288883328437805,-2.4849278926849365
pre_lmhead_contextual,en_50m__vs__en_fr_a,clan->individual,2.77295184135437,0.6544988751411438,-0.7326743006706238
pre_lmhead_contextual,en_50m__vs__en_fr_a,assimilation->pluralism,2.7548696994781494,0.30589205026626587,1.0749216079711914
pre_lmhead_contextual,en_50m__vs__en_fr_a,certainty->ambiguity,2.7409121990203857,0.6223315596580505,2.5870893001556396
pre_lmhead_contextual,en_50m__vs__en_fr_a,democracy->monarchy,2.7062244415283203,0.6970769166946411,-1.9590836763381958
pre_lmhead_contextual,en_50m__vs__en_fr_a,ancestor->novelty,2.4249253273010254,0.796548068523407,0.8519724607467651
pre_lmhead_contextual,en_50m__vs__en_fr_a,indigenous->diaspora,2.38067364692688,0.6485973000526428,-1.7132056951522827
pre_lmhead_contextual,en_50m__vs__en_fr_a,ritual->routine,2.2483506202697754,0.6548418998718262,0.8823631405830383
pre_lmhead_contextual,en_50m__vs__en_fr_a,sacred->secular,2.2132060527801514,0.645581066608429,0.6046037077903748
pre_lmhead_contextual,en_50m__vs__en_fr_a,lunar->solar,2.1967275142669678,0.6098016500473022,1.878936529159546
pre_lmhead_contextual,en_50m__vs__en_fr_a,modest->revealing,2.1535463333129883,0.6583654880523682,-0.3626134693622589
pre_lmhead_contextual,en_50m__vs__en_fr_a,restraint->indulgence,2.147641181945801,0.2106948047876358,-1.5890237092971802
pre_lmhead_contextual,en_50m__vs__en_fr_a,lotus->rose,2.0954935550689697,0.6944506168365479,-2.025505781173706
pre_lmhead_contextual,en_50m__vs__en_fr_a,pilgrimage->tourism,2.0807089805603027,0.53423672914505,-1.5568605661392212
pre_lmhead_contextual,en_50m__vs__en_fr_a,hierarchy->equality,2.0223965644836426,0.6817938089370728,-1.0961270332336426
pre_lmhead_contextual,en_50m__vs__en_fr_a,vegetarian->meat,2.0214667320251465,0.6196999549865723,1.5460022687911987
pre_lmhead_contextual,en_50m__vs__en_fr_a,dragon->eagle,2.004063367843628,0.7696797847747803,-0.7758384346961975
pre_lmhead_contextual,en_50m__vs__en_fr_a,kin->stranger,1.9477392435073853,0.43804576992988586,1.6639223098754883
pre_lmhead_contextual,en_50m__vs__en_fr_a,obedience->autonomy,1.8947385549545288,0.6517482995986938,-1.4974582195281982
pre_lmhead_contextual,en_50m__vs__en_fr_a,black->gold,1.8900479078292847,0.30403584241867065,1.7083228826522827
pre_lmhead_contextual,en_50m__vs__en_fr_a,federal->centralized,1.853624701499939,0.45465323328971863,1.704214096069336
pre_lmhead_contextual,en_50m__vs__en_fr_a,authority->deliberation,1.8144807815551758,0.2938587963581085,-1.3974360227584839
pre_lmhead_contextual,en_50m__vs__en_fr_a,customary->codified,1.8107861280441284,0.48246023058891296,1.3237377405166626
pre_lmhead_contextual,en_50m__vs__en_fr_a,individualism->collectivism,1.7887135744094849,0.6322581768035889,-1.019923210144043
pre_lmhead_contextual,en_50m__vs__en_fr_a,uniform->personalized,1.7497227191925049,0.52846360206604,-0.2658555209636688
pre_lmhead_contextual,en_50m__vs__en_fr_a,tea->coffee,1.6413624286651611,0.7264343500137329,-1.0783264636993408
pre_lmhead_contextual,en_50m__vs__en_fr_a,patronage->meritocracy,1.598767876625061,0.33606719970703125,1.0535765886306763
pre_lmhead_contextual,en_50m__vs__en_fr_a,fasting->feasting,1.559470295906067,0.2637256979942322,-1.0959335565567017
pre_lmhead_contextual,en_50m__vs__en_fr_a,solidarity->competition,1.5369514226913452,0.5384493470191956,0.8399693369865417
pre_lmhead_contextual,en_50m__vs__en_fr_a,majority->minority,1.5256179571151733,0.4481363594532013,0.48576128482818604
pre_lmhead_contextual,en_50m__vs__en_fr_a,prayer->reason,1.5133159160614014,0.2954142093658447,-1.35715651512146
pre_lmhead_contextual,en_50m__vs__en_fr_a,tradition->modernity,1.4344803094863892,0.5294698476791382,-0.8027077913284302
pre_lmhead_contextual,en_50m__vs__en_fr_a,pilgrim->spectator,1.418091058731079,0.18225213885307312,-0.386523962020874
pre_lmhead_contextual,en_50m__vs__en_fr_a,conformity->dissent,1.402782678604126,0.3445284366607666,0.4947083294391632
pre_lmhead_contextual,en_50m__vs__en_fr_a,taboo->permissive,1.39925217628479,0.14824502170085907,-1.0643061399459839
pre_lmhead_contextual,en_50m__vs__en_fr_a,mother->father,1.2842111587524414,0.5886142253875732,-0.8084532618522644
pre_lmhead_contextual,en_50m__vs__en_fr_a,elder->youth,1.173241376876831,0.2007485032081604,0.044813986867666245
pre_lmhead_contextual,en_50m__vs__en_fr_a,duty->freedom,1.131594181060791,0.6257563233375549,0.09303855895996094
pre_lmhead_contextual,en_50m__vs__en_fr_b,customary->codified,5.989093780517578,0.8071861863136292,5.971711158752441
pre_lmhead_contextual,en_50m__vs__en_fr_b,veiled->unveiled,4.5095367431640625,0.5840526223182678,-4.482922077178955
pre_lmhead_contextual,en_50m__vs__en_fr_b,pilgrimage->tourism,4.199027061462402,0.8704159259796143,-4.171359062194824
pre_lmhead_contextual,en_50m__vs__en_fr_b,vegetarian->meat,3.9629883766174316,0.7489959597587585,3.2407596111297607
pre_lmhead_contextual,en_50m__vs__en_fr_b,majority->minority,3.8505380153656006,0.8091772198677063,2.276982307434082
pre_lmhead_contextual,en_50m__vs__en_fr_b,tea->coffee,3.770397901535034,0.8027816414833069,-3.731374979019165
pre_lmhead_contextual,en_50m__vs__en_fr_b,lotus->rose,3.7620351314544678,0.9253260493278503,-3.757274866104126
pre_lmhead_contextual,en_50m__vs__en_fr_b,lineage->mobility,3.745657205581665,0.7840246558189392,-3.3571643829345703
pre_lmhead_contextual,en_50m__vs__en_fr_b,rice->bread,3.709049940109253,0.8370688557624817,3.5438027381896973
pre_lmhead_contextual,en_50m__vs__en_fr_b,mourning->celebration,3.6343376636505127,0.8830689191818237,-3.584296464920044
pre_lmhead_contextual,en_50m__vs__en_fr_b,ornate->plain,3.5909457206726074,0.4647236764431,3.300067663192749
pre_lmhead_contextual,en_50m__vs__en_fr_b,obedience->autonomy,3.538860321044922,0.8043219447135925,2.894707441329956
pre_lmhead_contextual,en_50m__vs__en_fr_b,tradition->modernity,3.520153760910034,0.7222179770469666,-3.4797987937927246
pre_lmhead_contextual,en_50m__vs__en_fr_b,white->red,3.514850616455078,0.9020476341247559,3.4879910945892334
pre_lmhead_contextual,en_50m__vs__en_fr_b,fasting->feasting,3.4671967029571533,0.3489559292793274,3.4142751693725586
pre_lmhead_contextual,en_50m__vs__en_fr_b,black->gold,2.974130392074585,0.6076810359954834,2.882882833480835
pre_lmhead_contextual,en_50m__vs__en_fr_b,democracy->monarchy,2.8965249061584473,0.7479667067527771,-2.5174951553344727
pre_lmhead_contextual,en_50m__vs__en_fr_b,honor->shame,2.8644046783447266,0.8751921653747559,-2.050273895263672
pre_lmhead_contextual,en_50m__vs__en_fr_b,formal->casual,2.8597421646118164,0.7660003900527954,-2.7145776748657227
pre_lmhead_contextual,en_50m__vs__en_fr_b,script->image,2.731024742126465,0.7542603611946106,2.5594656467437744
pre_lmhead_contextual,en_50m__vs__en_fr_b,pilgrim->spectator,2.712759256362915,0.2617532014846802,-2.3819942474365234
pre_lmhead_contextual,en_50m__vs__en_fr_b,ritual->routine,2.6838066577911377,0.7274815440177917,0.6968706250190735
pre_lmhead_contextual,en_50m__vs__en_fr_b,kin->stranger,2.527345895767212,0.3836398124694824,-2.3041927814483643
pre_lmhead_contextual,en_50m__vs__en_fr_b,spicy->mild,2.4140257835388184,0.7870547771453857,-1.9430629014968872
pre_lmhead_contextual,en_50m__vs__en_fr_b,conformity->dissent,2.3520853519439697,0.6975605487823486,-1.9545271396636963
pre_lmhead_contextual,en_50m__vs__en_fr_b,ancestor->novelty,2.223768949508667,0.6496863961219788,-0.8214275240898132
pre_lmhead_contextual,en_50m__vs__en_fr_b,modest->revealing,2.16095232963562,0.5142496228218079,-2.0212559700012207
pre_lmhead_contextual,en_50m__vs__en_fr_b,elder->youth,2.136404514312744,0.26932793855667114,-1.5648796558380127
pre_lmhead_contextual,en_50m__vs__en_fr_b,fermented->fresh,2.1344776153564453,0.7769485712051392,1.5141510963439941
pre_lmhead_contextual,en_50m__vs__en_fr_b,indigenous->diaspora,2.047325849533081,0.5164421796798706,1.5927561521530151
pre_lmhead_contextual,en_50m__vs__en_fr_b,duty->freedom,1.9125698804855347,0.7735717296600342,1.4134284257888794
pre_lmhead_contextual,en_50m__vs__en_fr_b,solidarity->competition,1.8893364667892456,0.6639357209205627,0.5064721703529358
pre_lmhead_contextual,en_50m__vs__en_fr_b,clan->individual,1.8843544721603394,0.5428096652030945,-0.0430978387594223
pre_lmhead_contextual,en_50m__vs__en_fr_b,sacred->secular,1.8738974332809448,0.6990534067153931,1.4965137243270874
pre_lmhead_contextual,en_50m__vs__en_fr_b,assimilation->pluralism,1.8080145120620728,0.23563382029533386,-0.4326857030391693
pre_lmhead_contextual,en_50m__vs__en_fr_b,patronage->meritocracy,1.763525128364563,0.3407880663871765,-0.5265929102897644
pre_lmhead_contextual,en_50m__vs__en_fr_b,authority->deliberation,1.6729804277420044,0.25469204783439636,1.010369062423706
pre_lmhead_contextual,en_50m__vs__en_fr_b,restraint->indulgence,1.64825439453125,0.13908925652503967,0.9324039816856384
pre_lmhead_contextual,en_50m__vs__en_fr_b,uniform->personalized,1.6468182802200317,0.5508590936660767,-1.301873803138733
pre_lmhead_contextual,en_50m__vs__en_fr_b,hierarchy->equality,1.591456413269043,0.5884964466094971,-0.712843656539917
pre_lmhead_contextual,en_50m__vs__en_fr_b,homeland->migration,1.5719529390335083,0.43863025307655334,1.100477933883667
pre_lmhead_contextual,en_50m__vs__en_fr_b,lunar->solar,1.5682120323181152,0.6553900837898254,-0.26446303725242615
pre_lmhead_contextual,en_50m__vs__en_fr_b,taboo->permissive,1.4724024534225464,0.1737699955701828,0.5581351518630981
pre_lmhead_contextual,en_50m__vs__en_fr_b,individualism->collectivism,1.3731015920639038,0.589837908744812,-0.8822854161262512
pre_lmhead_contextual,en_50m__vs__en_fr_b,prayer->reason,1.3074517250061035,0.1827290654182434,0.7761123180389404
pre_lmhead_contextual,en_50m__vs__en_fr_b,federal->centralized,1.2780383825302124,0.29051080346107483,0.04372641444206238
pre_lmhead_contextual,en_50m__vs__en_fr_b,dragon->eagle,1.2437224388122559,0.6269067525863647,-0.024805808439850807
pre_lmhead_contextual,en_50m__vs__en_fr_b,mother->father,1.1774007081985474,0.5133280158042908,0.4082629978656769
pre_lmhead_contextual,en_50m__vs__en_fr_b,local->global,1.141615867614746,0.49480801820755005,-0.32710132002830505
pre_lmhead_contextual,en_50m__vs__en_fr_b,certainty->ambiguity,1.1395955085754395,0.22891053557395935,0.33380022644996643
pre_lmhead_contextual,en_50m__vs__en_fas_a,certainty->ambiguity,6.479715347290039,0.8910356163978577,6.27305269241333
pre_lmhead_contextual,en_50m__vs__en_fas_a,homeland->migration,5.381013870239258,0.9464104175567627,5.361496925354004
pre_lmhead_contextual,en_50m__vs__en_fas_a,lineage->mobility,4.565761566162109,0.8762723207473755,-3.51039719581604
pre_lmhead_contextual,en_50m__vs__en_fas_a,prayer->reason,4.04180383682251,0.8121325969696045,-3.895202875137329
pre_lmhead_contextual,en_50m__vs__en_fas_a,pilgrimage->tourism,3.9442899227142334,0.9276494979858398,-3.916506290435791
pre_lmhead_contextual,en_50m__vs__en_fas_a,clan->individual,3.917606830596924,0.786971390247345,-2.9661402702331543
pre_lmhead_contextual,en_50m__vs__en_fas_a,federal->centralized,3.7829136848449707,0.7865528464317322,3.592207431793213
pre_lmhead_contextual,en_50m__vs__en_fas_a,hierarchy->equality,3.776564836502075,0.8912003040313721,-3.565049171447754
pre_lmhead_contextual,en_50m__vs__en_fas_a,veiled->unveiled,3.7690486907958984,0.5439074635505676,-3.7535126209259033
pre_lmhead_contextual,en_50m__vs__en_fas_a,tea->coffee,3.289656400680542,0.7847902178764343,-2.9210691452026367
pre_lmhead_contextual,en_50m__vs__en_fas_a,spicy->mild,3.2082014083862305,0.85325688123703,-1.226659893989563
pre_lmhead_contextual,en_50m__vs__en_fas_a,lotus->rose,3.149923086166382,0.7641832232475281,-2.9627766609191895
pre_lmhead_contextual,en_50m__vs__en_fas_a,white->red,3.144956588745117,0.9147645235061646,3.0432894229888916
pre_lmhead_contextual,en_50m__vs__en_fas_a,ritual->routine,2.9981846809387207,0.7049699425697327,-2.718848466873169
pre_lmhead_contextual,en_50m__vs__en_fas_a,mother->father,2.8136789798736572,0.7301308512687683,1.5917963981628418
pre_lmhead_contextual,en_50m__vs__en_fas_a,majority->minority,2.809849739074707,0.5413538813591003,-0.8236804008483887
pre_lmhead_contextual,en_50m__vs__en_fas_a,customary->codified,2.793428659439087,0.6364824175834656,2.6558620929718018
pre_lmhead_contextual,en_50m__vs__en_fas_a,fermented->fresh,2.7323954105377197,0.8523562550544739,2.0824482440948486
pre_lmhead_contextual,en_50m__vs__en_fas_a,mourning->celebration,2.6443722248077393,0.741890549659729,-2.4232475757598877
pre_lmhead_contextual,en_50m__vs__en_fas_a,formal->casual,2.455411911010742,0.7716007232666016,-2.1087684631347656
pre_lmhead_contextual,en_50m__vs__en_fas_a,taboo->permissive,2.4054012298583984,0.32146716117858887,-1.9849947690963745
pre_lmhead_contextual,en_50m__vs__en_fas_a,sacred->secular,2.3933236598968506,0.8306792974472046,2.0648698806762695
pre_lmhead_contextual,en_50m__vs__en_fas_a,ornate->plain,2.2623486518859863,0.30782341957092285,1.9183781147003174
pre_lmhead_contextual,en_50m__vs__en_fas_a,script->image,1.994848608970642,0.382124662399292,-0.7933393716812134
pre_lmhead_contextual,en_50m__vs__en_fas_a,patronage->meritocracy,1.9870024919509888,0.4874766170978546,1.0243281126022339
pre_lmhead_contextual,en_50m__vs__en_fas_a,restraint->indulgence,1.9425926208496094,0.22642092406749725,-0.964560329914093
pre_lmhead_contextual,en_50m__vs__en_fas_a,black->gold,1.8937180042266846,0.3380335569381714,1.3413019180297852
pre_lmhead_contextual,en_50m__vs__en_fas_a,lunar->solar,1.8887114524841309,0.825160026550293,-0.876652717590332
pre_lmhead_contextual,en_50m__vs__en_fas_a,rice->bread,1.8781919479370117,0.49978673458099365,-1.3597495555877686
pre_lmhead_contextual,en_50m__vs__en_fas_a,uniform->personalized,1.8747189044952393,0.6698588728904724,0.5368306636810303
pre_lmhead_contextual,en_50m__vs__en_fas_a,local->global,1.8556873798370361,0.7388457655906677,-1.615344762802124
pre_lmhead_contextual,en_50m__vs__en_fas_a,conformity->dissent,1.7985602617263794,0.4962860345840454,0.628705620765686
pre_lmhead_contextual,en_50m__vs__en_fas_a,elder->youth,1.7482163906097412,0.30224552750587463,0.7498286366462708
pre_lmhead_contextual,en_50m__vs__en_fas_a,assimilation->pluralism,1.7419778108596802,0.22637499868869781,1.0173978805541992
pre_lmhead_contextual,en_50m__vs__en_fas_a,dragon->eagle,1.7356387376785278,0.7193967700004578,-0.1436959058046341
pre_lmhead_contextual,en_50m__vs__en_fas_a,democracy->monarchy,1.670650839805603,0.6171373128890991,-0.7657648921012878
pre_lmhead_contextual,en_50m__vs__en_fas_a,authority->deliberation,1.6647028923034668,0.2449820339679718,0.7295700907707214
pre_lmhead_contextual,en_50m__vs__en_fas_a,duty->freedom,1.6290011405944824,0.7619166374206543,-0.04226384684443474
pre_lmhead_contextual,en_50m__vs__en_fas_a,ancestor->novelty,1.6232651472091675,0.7704340815544128,0.46374088525772095
pre_lmhead_contextual,en_50m__vs__en_fas_a,obedience->autonomy,1.5783640146255493,0.7189310193061829,1.1718231439590454
pre_lmhead_contextual,en_50m__vs__en_fas_a,indigenous->diaspora,1.5677151679992676,0.42421087622642517,0.43666738271713257
pre_lmhead_contextual,en_50m__vs__en_fas_a,kin->stranger,1.5254625082015991,0.32178714871406555,-0.2012951672077179
pre_lmhead_contextual,en_50m__vs__en_fas_a,vegetarian->meat,1.523466944694519,0.560569703578949,-0.2192343771457672
pre_lmhead_contextual,en_50m__vs__en_fas_a,fasting->feasting,1.487792730331421,0.2353963553905487,-0.3856942057609558
pre_lmhead_contextual,en_50m__vs__en_fas_a,modest->revealing,1.4638359546661377,0.46524617075920105,-0.8615354299545288
pre_lmhead_contextual,en_50m__vs__en_fas_a,solidarity->competition,1.4247326850891113,0.648207426071167,-0.6603354811668396
pre_lmhead_contextual,en_50m__vs__en_fas_a,honor->shame,1.3644893169403076,0.49932536482810974,-0.6663007736206055
pre_lmhead_contextual,en_50m__vs__en_fas_a,pilgrim->spectator,1.3449236154556274,0.17928801476955414,0.09445350617170334
pre_lmhead_contextual,en_50m__vs__en_fas_a,tradition->modernity,1.3232349157333374,0.4244402050971985,-0.44376271963119507
pre_lmhead_contextual,en_50m__vs__en_fas_a,individualism->collectivism,1.1244940757751465,0.508376955986023,0.26050978899002075
pre_lmhead_contextual,en_50m__vs__en_fas_b,certainty->ambiguity,5.127097129821777,0.9872285723686218,5.12332820892334
pre_lmhead_contextual,en_50m__vs__en_fas_b,pilgrimage->tourism,4.727553844451904,0.8795797228813171,-4.704981327056885
pre_lmhead_contextual,en_50m__vs__en_fas_b,ornate->plain,4.5763630867004395,0.6009544730186462,4.545121192932129
pre_lmhead_contextual,en_50m__vs__en_fas_b,ancestor->novelty,4.471271991729736,0.8348003625869751,4.429754734039307
pre_lmhead_contextual,en_50m__vs__en_fas_b,honor->shame,3.81309175491333,0.8570748567581177,-3.64621639251709
pre_lmhead_contextual,en_50m__vs__en_fas_b,script->image,3.3761184215545654,0.924665629863739,3.32944393157959
pre_lmhead_contextual,en_50m__vs__en_fas_b,democracy->monarchy,3.156689405441284,0.9359039068222046,-3.0305798053741455
pre_lmhead_contextual,en_50m__vs__en_fas_b,ritual->routine,3.125126838684082,0.6847049593925476,1.7471894025802612
pre_lmhead_contextual,en_50m__vs__en_fas_b,fermented->fresh,3.094179153442383,0.889094352722168,3.0214967727661133
pre_lmhead_contextual,en_50m__vs__en_fas_b,kin->stranger,3.0636513233184814,0.8085035085678101,2.9499800205230713
pre_lmhead_contextual,en_50m__vs__en_fas_b,local->global,3.0536179542541504,0.889694094657898,-2.980595588684082
pre_lmhead_contextual,en_50m__vs__en_fas_b,majority->minority,3.037478446960449,0.5739879012107849,-0.24592328071594238
pre_lmhead_contextual,en_50m__vs__en_fas_b,lunar->solar,3.020981550216675,0.8408076167106628,-2.5319173336029053
pre_lmhead_contextual,en_50m__vs__en_fas_b,dragon->eagle,2.828981637954712,0.8631135821342468,-2.707148790359497
pre_lmhead_contextual,en_50m__vs__en_fas_b,hierarchy->equality,2.803474187850952,0.8661498427391052,-2.526423931121826
pre_lmhead_contextual,en_50m__vs__en_fas_b,vegetarian->meat,2.631528854370117,0.6329320073127747,-2.4770185947418213
pre_lmhead_contextual,en_50m__vs__en_fas_b,individualism->collectivism,2.4939167499542236,0.6995948553085327,2.2156636714935303
pre_lmhead_contextual,en_50m__vs__en_fas_b,clan->individual,2.4910340309143066,0.670350968837738,-1.6871557235717773
pre_lmhead_contextual,en_50m__vs__en_fas_b,veiled->unveiled,2.3606512546539307,0.6440401673316956,2.13114595413208
pre_lmhead_contextual,en_50m__vs__en_fas_b,customary->codified,2.1782655715942383,0.5559015870094299,1.849941611289978
pre_lmhead_contextual,en_50m__vs__en_fas_b,lineage->mobility,2.1304404735565186,0.47571468353271484,1.1134357452392578
pre_lmhead_contextual,en_50m__vs__en_fas_b,pilgrim->spectator,2.120543956756592,0.24934986233711243,1.623117208480835
pre_lmhead_contextual,en_50m__vs__en_fas_b,formal->casual,2.11270809173584,0.6846727728843689,-1.6172304153442383
pre_lmhead_contextual,en_50m__vs__en_fas_b,assimilation->pluralism,2.1010804176330566,0.2430810034275055,-0.4036751687526703
pre_lmhead_contextual,en_50m__vs__en_fas_b,modest->revealing,2.0684478282928467,0.7617337107658386,1.2383613586425781
pre_lmhead_contextual,en_50m__vs__en_fas_b,solidarity->competition,2.0615732669830322,0.8304791450500488,-1.007373332977295
pre_lmhead_contextual,en_50m__vs__en_fas_b,homeland->migration,1.9867783784866333,0.5088743567466736,1.5524147748947144
pre_lmhead_contextual,en_50m__vs__en_fas_b,taboo->permissive,1.91087806224823,0.2951051890850067,-1.7208256721496582
pre_lmhead_contextual,en_50m__vs__en_fas_b,patronage->meritocracy,1.8672195672988892,0.4381612539291382,1.3653439283370972
pre_lmhead_contextual,en_50m__vs__en_fas_b,white->red,1.8323619365692139,0.7902397513389587,1.5974658727645874
pre_lmhead_contextual,en_50m__vs__en_fas_b,restraint->indulgence,1.7988730669021606,0.21490167081356049,-1.3507211208343506
pre_lmhead_contextual,en_50m__vs__en_fas_b,indigenous->diaspora,1.773985743522644,0.5380584597587585,-0.12318623065948486
pre_lmhead_contextual,en_50m__vs__en_fas_b,black->gold,1.7626936435699463,0.28543177247047424,1.635681390762329
pre_lmhead_contextual,en_50m__vs__en_fas_b,conformity->dissent,1.7348438501358032,0.5360158085823059,-0.5371953248977661
pre_lmhead_contextual,en_50m__vs__en_fas_b,authority->deliberation,1.7104411125183105,0.262439489364624,1.116362452507019
pre_lmhead_contextual,en_50m__vs__en_fas_b,obedience->autonomy,1.705234408378601,0.6990848183631897,-0.2264660894870758
pre_lmhead_contextual,en_50m__vs__en_fas_b,rice->bread,1.7021124362945557,0.6690805554389954,0.9806998372077942
pre_lmhead_contextual,en_50m__vs__en_fas_b,mother->father,1.6682883501052856,0.7809910774230957,-0.9186818599700928
pre_lmhead_contextual,en_50m__vs__en_fas_b,fasting->feasting,1.6429107189178467,0.24670293927192688,0.9916606545448303
pre_lmhead_contextual,en_50m__vs__en_fas_b,tea->coffee,1.632480263710022,0.7484362721443176,-0.47179800271987915
pre_lmhead_contextual,en_50m__vs__en_fas_b,duty->freedom,1.5077729225158691,0.7072694301605225,-0.3065132200717926
pre_lmhead_contextual,en_50m__vs__en_fas_b,spicy->mild,1.499114990234375,0.7512733340263367,-0.8674215078353882
pre_lmhead_contextual,en_50m__vs__en_fas_b,mourning->celebration,1.4614607095718384,0.43145909905433655,-0.9040250182151794
pre_lmhead_contextual,en_50m__vs__en_fas_b,uniform->personalized,1.4524363279342651,0.5576933026313782,0.6228742599487305
pre_lmhead_contextual,en_50m__vs__en_fas_b,tradition->modernity,1.359596848487854,0.44966599345207214,-0.5542865991592407
pre_lmhead_contextual,en_50m__vs__en_fas_b,sacred->secular,1.333540916442871,0.538470447063446,0.6529577374458313
pre_lmhead_contextual,en_50m__vs__en_fas_b,elder->youth,1.252740740776062,0.19736388325691223,-0.46342626214027405
pre_lmhead_contextual,en_50m__vs__en_fas_b,federal->centralized,1.1324440240859985,0.24988073110580444,-0.35782191157341003
pre_lmhead_contextual,en_50m__vs__en_fas_b,lotus->rose,1.067363977432251,0.37303900718688965,-0.4478347897529602
pre_lmhead_contextual,en_50m__vs__en_fas_b,prayer->reason,1.0489801168441772,0.16799522936344147,-0.23135864734649658
pre_lmhead_contextual,en_50m__vs__en_nld_a,customary->codified,6.213286399841309,0.838463544845581,6.208748817443848
pre_lmhead_contextual,en_50m__vs__en_nld_a,rice->bread,5.181904315948486,0.9431426525115967,5.070199966430664
pre_lmhead_contextual,en_50m__vs__en_nld_a,obedience->autonomy,4.74155330657959,0.7704351544380188,-4.5387139320373535
pre_lmhead_contextual,en_50m__vs__en_nld_a,white->red,4.486550807952881,0.9004227519035339,4.413012981414795
pre_lmhead_contextual,en_50m__vs__en_nld_a,lineage->mobility,4.06002140045166,0.8646024465560913,-2.550961494445801
pre_lmhead_contextual,en_50m__vs__en_nld_a,fermented->fresh,3.9436752796173096,0.9197160005569458,3.742140531539917
pre_lmhead_contextual,en_50m__vs__en_nld_a,pilgrimage->tourism,3.464972734451294,0.7786663174629211,-3.211245536804199
pre_lmhead_contextual,en_50m__vs__en_nld_a,ritual->routine,3.3644959926605225,0.7305630445480347,1.4437098503112793
pre_lmhead_contextual,en_50m__vs__en_nld_a,kin->stranger,3.033149480819702,0.7349252700805664,2.919323682785034
pre_lmhead_contextual,en_50m__vs__en_nld_a,vegetarian->meat,3.0038187503814697,0.709851861000061,2.0372462272644043
pre_lmhead_contextual,en_50m__vs__en_nld_a,black->gold,3.001840353012085,0.6264756917953491,2.957542896270752
pre_lmhead_contextual,en_50m__vs__en_nld_a,tradition->modernity,2.986708879470825,0.6820284128189087,-2.901146411895752
pre_lmhead_contextual,en_50m__vs__en_nld_a,veiled->unveiled,2.9688780307769775,0.48663777112960815,-2.8001973628997803
pre_lmhead_contextual,en_50m__vs__en_nld_a,mother->father,2.7716734409332275,0.8428080081939697,-2.7339766025543213
pre_lmhead_contextual,en_50m__vs__en_nld_a,majority->minority,2.7347612380981445,0.5021218061447144,-1.1942678689956665
pre_lmhead_contextual,en_50m__vs__en_nld_a,hierarchy->equality,2.7298052310943604,0.724399745464325,-0.6224466562271118
pre_lmhead_contextual,en_50m__vs__en_nld_a,modest->revealing,2.6124696731567383,0.8148283958435059,1.339102029800415
pre_lmhead_contextual,en_50m__vs__en_nld_a,democracy->monarchy,2.4673070907592773,0.8108581304550171,-1.5834400653839111
pre_lmhead_contextual,en_50m__vs__en_nld_a,script->image,2.350820541381836,0.6908261775970459,2.2386434078216553
pre_lmhead_contextual,en_50m__vs__en_nld_a,dragon->eagle,2.297722101211548,0.7464120984077454,-1.8554962873458862
pre_lmhead_contextual,en_50m__vs__en_nld_a,ornate->plain,2.2247087955474854,0.2933728098869324,1.7114924192428589
pre_lmhead_contextual,en_50m__vs__en_nld_a,authority->deliberation,2.1007866859436035,0.3333425223827362,-1.7644010782241821
pre_lmhead_contextual,en_50m__vs__en_nld_a,certainty->ambiguity,2.0669312477111816,0.47815772891044617,1.838005781173706
pre_lmhead_contextual,en_50m__vs__en_nld_a,mourning->celebration,2.0368528366088867,0.5806799530982971,-1.5455797910690308
pre_lmhead_contextual,en_50m__vs__en_nld_a,formal->casual,2.003411054611206,0.7389506697654724,-0.8827500939369202
pre_lmhead_contextual,en_50m__vs__en_nld_a,clan->individual,1.9260997772216797,0.5944553017616272,-1.1932387351989746
pre_lmhead_contextual,en_50m__vs__en_nld_a,fasting->feasting,1.8727142810821533,0.29089096188545227,-1.2346833944320679
pre_lmhead_contextual,en_50m__vs__en_nld_a,honor->shame,1.8498915433883667,0.62370765209198,-0.31442761421203613
pre_lmhead_contextual,en_50m__vs__en_nld_a,spicy->mild,1.7940937280654907,0.7312862873077393,-0.5932575464248657
pre_lmhead_contextual,en_50m__vs__en_nld_a,federal->centralized,1.7792961597442627,0.43400460481643677,1.3618272542953491
pre_lmhead_contextual,en_50m__vs__en_nld_a,indigenous->diaspora,1.7609913349151611,0.4698895812034607,1.1651525497436523
pre_lmhead_contextual,en_50m__vs__en_nld_a,pilgrim->spectator,1.7552530765533447,0.20976115763187408,-1.2425075769424438
pre_lmhead_contextual,en_50m__vs__en_nld_a,taboo->permissive,1.749697208404541,0.2134355753660202,-1.4833015203475952
pre_lmhead_contextual,en_50m__vs__en_nld_a,sacred->secular,1.7214031219482422,0.5255383253097534,-0.9831055998802185
pre_lmhead_contextual,en_50m__vs__en_nld_a,restraint->indulgence,1.7067943811416626,0.15104413032531738,-0.061438173055648804
pre_lmhead_contextual,en_50m__vs__en_nld_a,individualism->collectivism,1.6776013374328613,0.6438136696815491,0.718852698802948
pre_lmhead_contextual,en_50m__vs__en_nld_a,assimilation->pluralism,1.6598609685897827,0.2179000824689865,0.992306649684906
pre_lmhead_contextual,en_50m__vs__en_nld_a,homeland->migration,1.633825421333313,0.3720703721046448,-0.11704833805561066
pre_lmhead_contextual,en_50m__vs__en_nld_a,uniform->personalized,1.6027412414550781,0.5127119421958923,-0.6267801523208618
pre_lmhead_contextual,en_50m__vs__en_nld_a,solidarity->competition,1.5624836683273315,0.5250380635261536,1.2013120651245117
pre_lmhead_contextual,en_50m__vs__en_nld_a,conformity->dissent,1.5461430549621582,0.47623303532600403,0.17305372655391693
pre_lmhead_contextual,en_50m__vs__en_nld_a,ancestor->novelty,1.5318255424499512,0.5689746737480164,0.00011978912516497076
pre_lmhead_contextual,en_50m__vs__en_nld_a,lunar->solar,1.4719879627227783,0.7100855112075806,0.003753639291971922
pre_lmhead_contextual,en_50m__vs__en_nld_a,patronage->meritocracy,1.4470041990280151,0.31593477725982666,-0.0656939372420311
pre_lmhead_contextual,en_50m__vs__en_nld_a,lotus->rose,1.3163822889328003,0.37032926082611084,0.45910871028900146
pre_lmhead_contextual,en_50m__vs__en_nld_a,local->global,1.2788749933242798,0.48644787073135376,0.28226369619369507
pre_lmhead_contextual,en_50m__vs__en_nld_a,prayer->reason,1.2683058977127075,0.20772910118103027,0.2601645886898041
pre_lmhead_contextual,en_50m__vs__en_nld_a,tea->coffee,1.2584376335144043,0.6541821360588074,-0.5391983389854431
pre_lmhead_contextual,en_50m__vs__en_nld_a,elder->youth,1.1687711477279663,0.19982096552848816,0.18760573863983154
pre_lmhead_contextual,en_50m__vs__en_nld_a,duty->freedom,1.1660596132278442,0.5693179965019226,-0.6588942408561707
pre_lmhead_contextual,en_50m__vs__en_nld_b,veiled->unveiled,5.692540645599365,0.6460893750190735,-5.692442417144775
pre_lmhead_contextual,en_50m__vs__en_nld_b,lineage->mobility,4.978911399841309,0.8981732130050659,-2.971132755279541
pre_lmhead_contextual,en_50m__vs__en_nld_b,dragon->eagle,4.763012886047363,0.8489968180656433,-4.251117706298828
pre_lmhead_contextual,en_50m__vs__en_nld_b,customary->codified,4.626205921173096,0.7530785202980042,4.602668762207031
pre_lmhead_contextual,en_50m__vs__en_nld_b,pilgrimage->tourism,4.473261833190918,0.8712821006774902,-4.448038101196289
pre_lmhead_contextual,en_50m__vs__en_nld_b,mother->father,3.9287290573120117,0.7337509989738464,3.216087818145752
pre_lmhead_contextual,en_50m__vs__en_nld_b,rice->bread,3.779481887817383,0.8976199626922607,3.6684701442718506
pre_lmhead_contextual,en_50m__vs__en_nld_b,fermented->fresh,3.6340150833129883,0.909092903137207,3.497636318206787
pre_lmhead_contextual,en_50m__vs__en_nld_b,clan->individual,3.5301313400268555,0.7349111437797546,-2.612062931060791
pre_lmhead_contextual,en_50m__vs__en_nld_b,formal->casual,3.384425640106201,0.8263257741928101,-3.2378592491149902
pre_lmhead_contextual,en_50m__vs__en_nld_b,ritual->routine,3.367582082748413,0.8037022948265076,0.3786909878253937
pre_lmhead_contextual,en_50m__vs__en_nld_b,solidarity->competition,3.348367691040039,0.7975794672966003,-3.2309203147888184
pre_lmhead_contextual,en_50m__vs__en_nld_b,vegetarian->meat,3.2046568393707275,0.758831799030304,2.198390245437622
pre_lmhead_contextual,en_50m__vs__en_nld_b,individualism->collectivism,2.9295883178710938,0.7773059010505676,1.2616065740585327
pre_lmhead_contextual,en_50m__vs__en_nld_b,majority->minority,2.9156932830810547,0.6933754086494446,1.3115681409835815
pre_lmhead_contextual,en_50m__vs__en_nld_b,white->red,2.8387224674224854,0.8704628348350525,2.74067759513855
pre_lmhead_contextual,en_50m__vs__en_nld_b,ancestor->novelty,2.7014272212982178,0.6416400074958801,-2.3909800052642822
pre_lmhead_contextual,en_50m__vs__en_nld_b,mourning->celebration,2.605076313018799,0.5040287971496582,0.7064539790153503
pre_lmhead_contextual,en_50m__vs__en_nld_b,duty->freedom,2.534506320953369,0.7064701914787292,-2.460029125213623
pre_lmhead_contextual,en_50m__vs__en_nld_b,uniform->personalized,2.519120216369629,0.8411239981651306,-0.6717037558555603
pre_lmhead_contextual,en_50m__vs__en_nld_b,lunar->solar,2.350551128387451,0.6435495018959045,2.2154667377471924
pre_lmhead_contextual,en_50m__vs__en_nld_b,hierarchy->equality,2.3030037879943848,0.5200985074043274,1.5303540229797363
pre_lmhead_contextual,en_50m__vs__en_nld_b,honor->shame,2.2906696796417236,0.5022826194763184,1.4650925397872925
pre_lmhead_contextual,en_50m__vs__en_nld_b,restraint->indulgence,2.204880952835083,0.24830804765224457,-0.883650541305542
pre_lmhead_contextual,en_50m__vs__en_nld_b,elder->youth,2.173569440841675,0.3005068600177765,-0.9134358167648315
pre_lmhead_contextual,en_50m__vs__en_nld_b,tea->coffee,1.9096354246139526,0.7459568977355957,-1.258939266204834
pre_lmhead_contextual,en_50m__vs__en_nld_b,kin->stranger,1.9012523889541626,0.40440645813941956,1.506034255027771
pre_lmhead_contextual,en_50m__vs__en_nld_b,patronage->meritocracy,1.834503412246704,0.44245487451553345,0.19644805788993835
pre_lmhead_contextual,en_50m__vs__en_nld_b,indigenous->diaspora,1.7844974994659424,0.4671589732170105,1.1371984481811523
pre_lmhead_contextual,en_50m__vs__en_nld_b,homeland->migration,1.7805461883544922,0.3894025683403015,-0.36071911454200745
pre_lmhead_contextual,en_50m__vs__en_nld_b,ornate->plain,1.7781845331192017,0.21005141735076904,-0.7156012058258057
pre_lmhead_contextual,en_50m__vs__en_nld_b,script->image,1.7775957584381104,0.5035794377326965,1.599425196647644
pre_lmhead_contextual,en_50m__vs__en_nld_b,spicy->mild,1.7410829067230225,0.5497434139251709,0.8256603479385376
pre_lmhead_contextual,en_50m__vs__en_nld_b,conformity->dissent,1.7188068628311157,0.5240351557731628,-0.6075202822685242
pre_lmhead_contextual,en_50m__vs__en_nld_b,democracy->monarchy,1.6654551029205322,0.4872705340385437,0.1335308849811554
pre_lmhead_contextual,en_50m__vs__en_nld_b,taboo->permissive,1.643288493156433,0.22556902468204498,-0.5225852131843567
pre_lmhead_contextual,en_50m__vs__en_nld_b,obedience->autonomy,1.635813593864441,0.6241976022720337,-1.132568120956421
pre_lmhead_contextual,en_50m__vs__en_nld_b,fasting->feasting,1.6087133884429932,0.2602304220199585,-0.7391844987869263
pre_lmhead_contextual,en_50m__vs__en_nld_b,authority->deliberation,1.5766494274139404,0.2711692750453949,-0.37125879526138306
pre_lmhead_contextual,en_50m__vs__en_nld_b,pilgrim->spectator,1.5535441637039185,0.19513531029224396,-0.38072967529296875
pre_lmhead_contextual,en_50m__vs__en_nld_b,assimilation->pluralism,1.478145956993103,0.2058287411928177,-0.9163700342178345
pre_lmhead_contextual,en_50m__vs__en_nld_b,federal->centralized,1.4063115119934082,0.30987563729286194,0.2517662048339844
pre_lmhead_contextual,en_50m__vs__en_nld_b,lotus->rose,1.369503378868103,0.4980112612247467,-0.9546493887901306
pre_lmhead_contextual,en_50m__vs__en_nld_b,sacred->secular,1.3392722606658936,0.426482617855072,-0.963983952999115
pre_lmhead_contextual,en_50m__vs__en_nld_b,local->global,1.3088654279708862,0.4965679347515106,-0.11532164365053177
pre_lmhead_contextual,en_50m__vs__en_nld_b,modest->revealing,1.2842342853546143,0.4258910119533539,-0.2765413522720337
pre_lmhead_contextual,en_50m__vs__en_nld_b,certainty->ambiguity,1.2234667539596558,0.2620559632778168,0.4946568012237549
pre_lmhead_contextual,en_50m__vs__en_nld_b,tradition->modernity,1.074194073677063,0.4151778817176819,-0.6126530766487122
pre_lmhead_contextual,en_50m__vs__en_nld_b,black->gold,0.9681811928749084,0.1463339775800705,0.050092972815036774
pre_lmhead_contextual,en_50m__vs__en_nld_b,prayer->reason,0.9583966732025146,0.16586293280124664,-0.4088744819164276
pre_lmhead_contextual,en_50m__vs__en_ukr_a,white->red,8.463443756103516,0.9757573008537292,8.459345817565918
pre_lmhead_contextual,en_50m__vs__en_ukr_a,rice->bread,7.62130880355835,0.9589866995811462,7.568681716918945
pre_lmhead_contextual,en_50m__vs__en_ukr_a,spicy->mild,6.165760517120361,0.9181773662567139,-6.164856433868408
pre_lmhead_contextual,en_50m__vs__en_ukr_a,ancestor->novelty,6.012023448944092,0.7930288314819336,-5.994319438934326
pre_lmhead_contextual,en_50m__vs__en_ukr_a,federal->centralized,5.927429676055908,0.9168504476547241,5.926009654998779
pre_lmhead_contextual,en_50m__vs__en_ukr_a,fermented->fresh,5.391515731811523,0.9417082071304321,5.246400356292725
pre_lmhead_contextual,en_50m__vs__en_ukr_a,homeland->migration,4.563499927520752,0.9185680150985718,4.431029796600342
pre_lmhead_contextual,en_50m__vs__en_ukr_a,conformity->dissent,4.340108871459961,0.632530152797699,4.286139965057373
pre_lmhead_contextual,en_50m__vs__en_ukr_a,taboo->permissive,4.230389595031738,0.6648613214492798,-4.220731258392334
pre_lmhead_contextual,en_50m__vs__en_ukr_a,individualism->collectivism,3.973874568939209,0.7755157351493835,3.937295913696289
pre_lmhead_contextual,en_50m__vs__en_ukr_a,lineage->mobility,3.955327033996582,0.8234520554542542,-2.888838768005371
pre_lmhead_contextual,en_50m__vs__en_ukr_a,pilgrimage->tourism,3.724672317504883,0.8865963816642761,-3.699718713760376
pre_lmhead_contextual,en_50m__vs__en_ukr_a,script->image,3.6291415691375732,0.8158897757530212,3.545689344406128
pre_lmhead_contextual,en_50m__vs__en_ukr_a,certainty->ambiguity,3.2069993019104004,0.7463268041610718,3.0466296672821045
pre_lmhead_contextual,en_50m__vs__en_ukr_a,majority->minority,3.1611838340759277,0.861460268497467,2.8570168018341064
pre_lmhead_contextual,en_50m__vs__en_ukr_a,authority->deliberation,3.1265220642089844,0.35489916801452637,2.9888553619384766
pre_lmhead_contextual,en_50m__vs__en_ukr_a,formal->casual,2.9058427810668945,0.7343983054161072,-2.6432266235351562
pre_lmhead_contextual,en_50m__vs__en_ukr_a,honor->shame,2.6887381076812744,0.7957297563552856,-2.4321634769439697
pre_lmhead_contextual,en_50m__vs__en_ukr_a,lotus->rose,2.6602210998535156,0.8119447231292725,-2.6372578144073486
pre_lmhead_contextual,en_50m__vs__en_ukr_a,solidarity->competition,2.6384084224700928,0.6614178419113159,-0.871602475643158
pre_lmhead_contextual,en_50m__vs__en_ukr_a,customary->codified,2.511129140853882,0.5745097994804382,2.047600746154785
pre_lmhead_contextual,en_50m__vs__en_ukr_a,veiled->unveiled,2.5101237297058105,0.40233710408210754,-1.9246108531951904
pre_lmhead_contextual,en_50m__vs__en_ukr_a,vegetarian->meat,2.4570555686950684,0.7568620443344116,-1.0420583486557007
pre_lmhead_contextual,en_50m__vs__en_ukr_a,dragon->eagle,2.448918342590332,0.6466811299324036,2.008103847503662
pre_lmhead_contextual,en_50m__vs__en_ukr_a,ritual->routine,2.380208969116211,0.7155617475509644,-0.7459256052970886
pre_lmhead_contextual,en_50m__vs__en_ukr_a,indigenous->diaspora,2.342130661010742,0.4798867404460907,1.7469267845153809
pre_lmhead_contextual,en_50m__vs__en_ukr_a,modest->revealing,2.2267355918884277,0.6598555445671082,1.1395014524459839
pre_lmhead_contextual,en_50m__vs__en_ukr_a,assimilation->pluralism,2.0970537662506104,0.25628238916397095,0.0770518034696579
pre_lmhead_contextual,en_50m__vs__en_ukr_a,local->global,2.0889408588409424,0.7596495151519775,-1.519083857536316
pre_lmhead_contextual,en_50m__vs__en_ukr_a,democracy->monarchy,1.8706272840499878,0.42711907625198364,1.3424701690673828
pre_lmhead_contextual,en_50m__vs__en_ukr_a,duty->freedom,1.8292629718780518,0.7607970833778381,1.445371389389038
pre_lmhead_contextual,en_50m__vs__en_ukr_a,restraint->indulgence,1.7915102243423462,0.20404116809368134,-0.647861123085022
pre_lmhead_contextual,en_50m__vs__en_ukr_a,patronage->meritocracy,1.7910016775131226,0.36384207010269165,0.3959011733531952
pre_lmhead_contextual,en_50m__vs__en_ukr_a,black->gold,1.6571398973464966,0.27699750661849976,1.1386735439300537
pre_lmhead_contextual,en_50m__vs__en_ukr_a,pilgrim->spectator,1.6351269483566284,0.20851528644561768,0.7760931253433228
pre_lmhead_contextual,en_50m__vs__en_ukr_a,fasting->feasting,1.6089816093444824,0.24475713074207306,-0.5024194717407227
pre_lmhead_contextual,en_50m__vs__en_ukr_a,mourning->celebration,1.589065432548523,0.4392644464969635,-1.075870156288147
pre_lmhead_contextual,en_50m__vs__en_ukr_a,uniform->personalized,1.5059560537338257,0.5832552909851074,-0.46836739778518677
pre_lmhead_contextual,en_50m__vs__en_ukr_a,clan->individual,1.5017664432525635,0.48889949917793274,0.013578033074736595
pre_lmhead_contextual,en_50m__vs__en_ukr_a,hierarchy->equality,1.451258897781372,0.4712752401828766,0.3011574149131775
pre_lmhead_contextual,en_50m__vs__en_ukr_a,obedience->autonomy,1.3673691749572754,0.6113807559013367,-0.7741696834564209
pre_lmhead_contextual,en_50m__vs__en_ukr_a,ornate->plain,1.3195501565933228,0.18372298777103424,0.11023876070976257
pre_lmhead_contextual,en_50m__vs__en_ukr_a,mother->father,1.3188884258270264,0.623325765132904,-0.08260910958051682
pre_lmhead_contextual,en_50m__vs__en_ukr_a,tradition->modernity,1.3169819116592407,0.4308772087097168,-0.5435755252838135
pre_lmhead_contextual,en_50m__vs__en_ukr_a,elder->youth,1.2995679378509521,0.2037813663482666,-0.23332636058330536
pre_lmhead_contextual,en_50m__vs__en_ukr_a,prayer->reason,1.260489583015442,0.20758843421936035,-0.13335952162742615
pre_lmhead_contextual,en_50m__vs__en_ukr_a,kin->stranger,1.207073450088501,0.27074146270751953,-0.7709282040596008
pre_lmhead_contextual,en_50m__vs__en_ukr_a,sacred->secular,1.2026585340499878,0.5136625170707703,-0.04278143495321274
pre_lmhead_contextual,en_50m__vs__en_ukr_a,lunar->solar,1.1607400178909302,0.5614266991615295,0.561980664730072
pre_lmhead_contextual,en_50m__vs__en_ukr_a,tea->coffee,1.1025313138961792,0.6079931855201721,0.17105251550674438
pre_lmhead_contextual,en_50m__vs__en_ukr_b,majority->minority,4.733065128326416,0.9272493720054626,4.560278415679932
pre_lmhead_contextual,en_50m__vs__en_ukr_b,fermented->fresh,4.5004472732543945,0.9290473461151123,4.3223443031311035
pre_lmhead_contextual,en_50m__vs__en_ukr_b,hierarchy->equality,4.3886003494262695,0.8548328876495361,-3.7824738025665283
pre_lmhead_contextual,en_50m__vs__en_ukr_b,lineage->mobility,4.34636116027832,0.8200263381004333,-4.087510108947754
pre_lmhead_contextual,en_50m__vs__en_ukr_b,script->image,3.939361333847046,0.8105179071426392,3.6871371269226074
pre_lmhead_contextual,en_50m__vs__en_ukr_b,white->red,3.669278621673584,0.8663941621780396,3.547837018966675
pre_lmhead_contextual,en_50m__vs__en_ukr_b,customary->codified,3.5172462463378906,0.639004647731781,3.250128746032715
pre_lmhead_contextual,en_50m__vs__en_ukr_b,tea->coffee,3.160902738571167,0.7883029580116272,-2.7553272247314453
pre_lmhead_contextual,en_50m__vs__en_ukr_b,democracy->monarchy,3.069453239440918,0.9096389412879944,-2.9179487228393555
pre_lmhead_contextual,en_50m__vs__en_ukr_b,rice->bread,3.064035654067993,0.8731125593185425,2.7164955139160156
pre_lmhead_contextual,en_50m__vs__en_ukr_b,mourning->celebration,2.986510753631592,0.7618747353553772,-2.8850464820861816
pre_lmhead_contextual,en_50m__vs__en_ukr_b,federal->centralized,2.8628814220428467,0.5927789211273193,2.6881988048553467
pre_lmhead_contextual,en_50m__vs__en_ukr_b,restraint->indulgence,2.7570700645446777,0.27840733528137207,-0.25880828499794006
pre_lmhead_contextual,en_50m__vs__en_ukr_b,certainty->ambiguity,2.616425037384033,0.6392844915390015,2.5047473907470703
pre_lmhead_contextual,en_50m__vs__en_ukr_b,dragon->eagle,2.571835517883301,0.7826332449913025,-1.9032495021820068
pre_lmhead_contextual,en_50m__vs__en_ukr_b,kin->stranger,2.4365625381469727,0.3928283751010895,-0.8828309774398804
pre_lmhead_contextual,en_50m__vs__en_ukr_b,formal->casual,2.39143705368042,0.6788042187690735,-2.079911708831787
pre_lmhead_contextual,en_50m__vs__en_ukr_b,duty->freedom,2.3138818740844727,0.796907365322113,1.7979825735092163
pre_lmhead_contextual,en_50m__vs__en_ukr_b,vegetarian->meat,2.2769007682800293,0.5749961137771606,-1.319071888923645
pre_lmhead_contextual,en_50m__vs__en_ukr_b,ancestor->novelty,2.229789972305298,0.6790023446083069,-1.2612093687057495
pre_lmhead_contextual,en_50m__vs__en_ukr_b,spicy->mild,2.2161338329315186,0.6813490986824036,-0.15716220438480377
pre_lmhead_contextual,en_50m__vs__en_ukr_b,homeland->migration,2.1946895122528076,0.49161484837532043,1.0870816707611084
pre_lmhead_contextual,en_50m__vs__en_ukr_b,local->global,2.1852807998657227,0.7834416627883911,-1.7581052780151367
pre_lmhead_contextual,en_50m__vs__en_ukr_b,honor->shame,2.16007661819458,0.7396243810653687,-1.9872268438339233
pre_lmhead_contextual,en_50m__vs__en_ukr_b,patronage->meritocracy,2.147010326385498,0.5200178623199463,1.2847678661346436
pre_lmhead_contextual,en_50m__vs__en_ukr_b,taboo->permissive,2.066897392272949,0.32789069414138794,-1.7431111335754395
pre_lmhead_contextual,en_50m__vs__en_ukr_b,mother->father,1.9441957473754883,0.6694708466529846,-0.9251205921173096
pre_lmhead_contextual,en_50m__vs__en_ukr_b,ornate->plain,1.940397024154663,0.2579398453235626,1.085607647895813
pre_lmhead_contextual,en_50m__vs__en_ukr_b,tradition->modernity,1.8881748914718628,0.5480311512947083,-0.4553699791431427
pre_lmhead_contextual,en_50m__vs__en_ukr_b,assimilation->pluralism,1.8763552904129028,0.20924139022827148,-1.426834225654602
pre_lmhead_contextual,en_50m__vs__en_ukr_b,veiled->unveiled,1.8601112365722656,0.3421800434589386,-1.1319528818130493
pre_lmhead_contextual,en_50m__vs__en_ukr_b,clan->individual,1.8154574632644653,0.5593079924583435,-0.603937029838562
pre_lmhead_contextual,en_50m__vs__en_ukr_b,conformity->dissent,1.7915501594543457,0.5929235219955444,-1.390259027481079
pre_lmhead_contextual,en_50m__vs__en_ukr_b,authority->deliberation,1.7530817985534668,0.24583837389945984,0.947762131690979
pre_lmhead_contextual,en_50m__vs__en_ukr_b,pilgrimage->tourism,1.6628550291061401,0.4442770481109619,-1.1650689840316772
pre_lmhead_contextual,en_50m__vs__en_ukr_b,lunar->solar,1.6390998363494873,0.6078320145606995,1.2892858982086182
pre_lmhead_contextual,en_50m__vs__en_ukr_b,individualism->collectivism,1.62946355342865,0.6065267324447632,0.7397722005844116
pre_lmhead_contextual,en_50m__vs__en_ukr_b,fasting->feasting,1.574845790863037,0.25623491406440735,-0.07127615064382553
pre_lmhead_contextual,en_50m__vs__en_ukr_b,black->gold,1.5243371725082397,0.2264341413974762,1.1993803977966309
pre_lmhead_contextual,en_50m__vs__en_ukr_b,obedience->autonomy,1.4944660663604736,0.6985864639282227,0.7132817506790161
pre_lmhead_contextual,en_50m__vs__en_ukr_b,uniform->personalized,1.476955533027649,0.5523731708526611,0.6520217061042786
pre_lmhead_contextual,en_50m__vs__en_ukr_b,modest->revealing,1.4525878429412842,0.5089167356491089,0.7197012901306152
pre_lmhead_contextual,en_50m__vs__en_ukr_b,ritual->routine,1.438126802444458,0.48184043169021606,0.4761538803577423
pre_lmhead_contextual,en_50m__vs__en_ukr_b,indigenous->diaspora,1.4367696046829224,0.4501801133155823,0.30071061849594116
pre_lmhead_contextual,en_50m__vs__en_ukr_b,solidarity->competition,1.3933261632919312,0.5618089437484741,-0.32953977584838867
pre_lmhead_contextual,en_50m__vs__en_ukr_b,pilgrim->spectator,1.3917784690856934,0.1822042614221573,0.4782407283782959
pre_lmhead_contextual,en_50m__vs__en_ukr_b,elder->youth,1.3781489133834839,0.2367829531431198,-0.1371002197265625
pre_lmhead_contextual,en_50m__vs__en_ukr_b,lotus->rose,1.2147340774536133,0.4629245102405548,-0.8537842631340027
pre_lmhead_contextual,en_50m__vs__en_ukr_b,prayer->reason,1.1420124769210815,0.1818513721227646,-0.05387468636035919
pre_lmhead_contextual,en_50m__vs__en_ukr_b,sacred->secular,1.0573418140411377,0.47840651869773865,0.35728320479393005
pre_lmhead_contextual,en_50m__vs__en_bul_a,certainty->ambiguity,5.881187438964844,0.9799180626869202,5.880923271179199
pre_lmhead_contextual,en_50m__vs__en_bul_a,pilgrimage->tourism,4.931394577026367,0.835426390171051,-4.754621982574463
pre_lmhead_contextual,en_50m__vs__en_bul_a,rice->bread,3.976640462875366,0.9131154417991638,3.935137987136841
pre_lmhead_contextual,en_50m__vs__en_bul_a,white->red,3.964059352874756,0.9120833873748779,3.9157841205596924
pre_lmhead_contextual,en_50m__vs__en_bul_a,lunar->solar,3.5074329376220703,0.7155013680458069,3.4910943508148193
pre_lmhead_contextual,en_50m__vs__en_bul_a,veiled->unveiled,3.3911006450653076,0.5033427476882935,-3.3352670669555664
pre_lmhead_contextual,en_50m__vs__en_bul_a,fermented->fresh,3.14182186126709,0.8725372552871704,2.4553062915802
pre_lmhead_contextual,en_50m__vs__en_bul_a,taboo->permissive,3.001513719558716,0.4300876259803772,-2.957723379135132
pre_lmhead_contextual,en_50m__vs__en_bul_a,democracy->monarchy,2.763864517211914,0.842660665512085,-2.666328191757202
pre_lmhead_contextual,en_50m__vs__en_bul_a,conformity->dissent,2.754621982574463,0.5297301411628723,2.472543478012085
pre_lmhead_contextual,en_50m__vs__en_bul_a,customary->codified,2.7002546787261963,0.5693441033363342,2.114757776260376
pre_lmhead_contextual,en_50m__vs__en_bul_a,lineage->mobility,2.6230595111846924,0.5684366226196289,-2.1108434200286865
pre_lmhead_contextual,en_50m__vs__en_bul_a,mourning->celebration,2.581582546234131,0.638452410697937,-1.9562455415725708
pre_lmhead_contextual,en_50m__vs__en_bul_a,majority->minority,2.492260456085205,0.6211808919906616,1.944546103477478
pre_lmhead_contextual,en_50m__vs__en_bul_a,ancestor->novelty,2.4534754753112793,0.6566518545150757,-0.4125416874885559
pre_lmhead_contextual,en_50m__vs__en_bul_a,ritual->routine,2.3929271697998047,0.6002967953681946,1.985987663269043
pre_lmhead_contextual,en_50m__vs__en_bul_a,local->global,2.3924312591552734,0.7836067080497742,-2.151728630065918
pre_lmhead_contextual,en_50m__vs__en_bul_a,honor->shame,2.3496029376983643,0.703479528427124,-1.810060977935791
pre_lmhead_contextual,en_50m__vs__en_bul_a,tea->coffee,2.248140811920166,0.7198236584663391,-2.0830907821655273
pre_lmhead_contextual,en_50m__vs__en_bul_a,uniform->personalized,2.13913893699646,0.5228443741798401,0.7507579326629639
pre_lmhead_contextual,en_50m__vs__en_bul_a,dragon->eagle,2.133948564529419,0.6597975492477417,0.2876167893409729
pre_lmhead_contextual,en_50m__vs__en_bul_a,black->gold,2.1135129928588867,0.40142136812210083,2.056006908416748
pre_lmhead_contextual,en_50m__vs__en_bul_a,restraint->indulgence,2.0058841705322266,0.21575391292572021,-0.3132185637950897
pre_lmhead_contextual,en_50m__vs__en_bul_a,individualism->collectivism,2.004338264465332,0.6299264430999756,1.5752443075180054
pre_lmhead_contextual,en_50m__vs__en_bul_a,obedience->autonomy,1.9825350046157837,0.7582606077194214,1.7903637886047363
pre_lmhead_contextual,en_50m__vs__en_bul_a,fasting->feasting,1.9750516414642334,0.3035641312599182,-0.8614128232002258
pre_lmhead_contextual,en_50m__vs__en_bul_a,assimilation->pluralism,1.9637104272842407,0.23119916021823883,-1.0830944776535034
pre_lmhead_contextual,en_50m__vs__en_bul_a,duty->freedom,1.9092854261398315,0.7004325985908508,-1.0865213871002197
pre_lmhead_contextual,en_50m__vs__en_bul_a,indigenous->diaspora,1.8895981311798096,0.4753779172897339,0.23244500160217285
pre_lmhead_contextual,en_50m__vs__en_bul_a,clan->individual,1.86582350730896,0.5139868855476379,-0.08610802888870239
pre_lmhead_contextual,en_50m__vs__en_bul_a,ornate->plain,1.8651174306869507,0.260842889547348,1.5336884260177612
pre_lmhead_contextual,en_50m__vs__en_bul_a,solidarity->competition,1.860536813735962,0.6377297043800354,0.09547790884971619
pre_lmhead_contextual,en_50m__vs__en_bul_a,hierarchy->equality,1.8156352043151855,0.5939874053001404,-0.2097543627023697
pre_lmhead_contextual,en_50m__vs__en_bul_a,script->image,1.7837672233581543,0.42769864201545715,1.006946086883545
pre_lmhead_contextual,en_50m__vs__en_bul_a,elder->youth,1.7787673473358154,0.3387451171875,1.3293663263320923
pre_lmhead_contextual,en_50m__vs__en_bul_a,federal->centralized,1.7493237257003784,0.40088218450546265,0.8209101557731628
pre_lmhead_contextual,en_50m__vs__en_bul_a,homeland->migration,1.748518705368042,0.3818148970603943,-0.14215858280658722
pre_lmhead_contextual,en_50m__vs__en_bul_a,spicy->mild,1.715618371963501,0.5808218121528625,0.6458941698074341
pre_lmhead_contextual,en_50m__vs__en_bul_a,vegetarian->meat,1.7023528814315796,0.5139778852462769,-0.2728366553783417
pre_lmhead_contextual,en_50m__vs__en_bul_a,tradition->modernity,1.6803256273269653,0.46916306018829346,-0.7689705491065979
pre_lmhead_contextual,en_50m__vs__en_bul_a,sacred->secular,1.6747722625732422,0.47132226824760437,-1.267947793006897
pre_lmhead_contextual,en_50m__vs__en_bul_a,lotus->rose,1.6273770332336426,0.42985907196998596,0.6094253659248352
pre_lmhead_contextual,en_50m__vs__en_bul_a,pilgrim->spectator,1.6190481185913086,0.19429290294647217,1.3539760112762451
pre_lmhead_contextual,en_50m__vs__en_bul_a,mother->father,1.5645267963409424,0.6130076050758362,-1.203211784362793
pre_lmhead_contextual,en_50m__vs__en_bul_a,kin->stranger,1.5578222274780273,0.3035838007926941,-1.1868175268173218
pre_lmhead_contextual,en_50m__vs__en_bul_a,authority->deliberation,1.4415411949157715,0.2194206565618515,0.9188509583473206
pre_lmhead_contextual,en_50m__vs__en_bul_a,formal->casual,1.4258944988250732,0.5608856081962585,-0.25394266843795776
pre_lmhead_contextual,en_50m__vs__en_bul_a,modest->revealing,1.2767374515533447,0.5109582543373108,0.729604959487915
pre_lmhead_contextual,en_50m__vs__en_bul_a,patronage->meritocracy,1.271518588066101,0.28470054268836975,-0.01668402925133705
pre_lmhead_contextual,en_50m__vs__en_bul_a,prayer->reason,1.136890172958374,0.17010267078876495,0.13309836387634277
pre_lmhead_contextual,en_50m__vs__en_bul_b,certainty->ambiguity,6.325326919555664,0.985394299030304,6.320884704589844
pre_lmhead_contextual,en_50m__vs__en_bul_b,fermented->fresh,5.775489807128906,0.9418980479240417,5.677427768707275
pre_lmhead_contextual,en_50m__vs__en_bul_b,majority->minority,4.8320441246032715,0.923698902130127,4.171265602111816
pre_lmhead_contextual,en_50m__vs__en_bul_b,rice->bread,4.760322570800781,0.9358923435211182,4.692866325378418
pre_lmhead_contextual,en_50m__vs__en_bul_b,customary->codified,4.198736190795898,0.7439278364181519,4.166821479797363
pre_lmhead_contextual,en_50m__vs__en_bul_b,white->red,4.099555969238281,0.9217959046363831,4.089411735534668
pre_lmhead_contextual,en_50m__vs__en_bul_b,conformity->dissent,4.041696548461914,0.8002404570579529,-3.637305498123169
pre_lmhead_contextual,en_50m__vs__en_bul_b,formal->casual,3.648416042327881,0.8222962617874146,-3.6135189533233643
pre_lmhead_contextual,en_50m__vs__en_bul_b,solidarity->competition,3.4986324310302734,0.7916063666343689,-3.325228452682495
pre_lmhead_contextual,en_50m__vs__en_bul_b,pilgrimage->tourism,3.2959790229797363,0.7900234460830688,-3.1279003620147705
pre_lmhead_contextual,en_50m__vs__en_bul_b,democracy->monarchy,3.1842026710510254,0.5927476286888123,1.947716474533081
pre_lmhead_contextual,en_50m__vs__en_bul_b,indigenous->diaspora,3.1173877716064453,0.6047132611274719,3.04488205909729
pre_lmhead_contextual,en_50m__vs__en_bul_b,honor->shame,3.084599256515503,0.8203021883964539,-2.9978597164154053
pre_lmhead_contextual,en_50m__vs__en_bul_b,ornate->plain,3.028134346008301,0.38248032331466675,2.8566410541534424
pre_lmhead_contextual,en_50m__vs__en_bul_b,spicy->mild,2.8706743717193604,0.858667254447937,-2.5972163677215576
pre_lmhead_contextual,en_50m__vs__en_bul_b,tea->coffee,2.6175405979156494,0.7471364736557007,-2.5313289165496826
pre_lmhead_contextual,en_50m__vs__en_bul_b,federal->centralized,2.51707124710083,0.5457717180252075,2.024918556213379
pre_lmhead_contextual,en_50m__vs__en_bul_b,lunar->solar,2.4040849208831787,0.6578157544136047,2.136394500732422
pre_lmhead_contextual,en_50m__vs__en_bul_b,mother->father,2.3950600624084473,0.7227680683135986,-1.8494391441345215
pre_lmhead_contextual,en_50m__vs__en_bul_b,mourning->celebration,2.3890743255615234,0.49291276931762695,0.23140351474285126
pre_lmhead_contextual,en_50m__vs__en_bul_b,lineage->mobility,2.3440136909484863,0.4677116572856903,1.7250005006790161
pre_lmhead_contextual,en_50m__vs__en_bul_b,vegetarian->meat,2.309704065322876,0.7659234404563904,0.2795059382915497
pre_lmhead_contextual,en_50m__vs__en_bul_b,taboo->permissive,2.302788019180298,0.27796995639801025,0.1996791958808899
pre_lmhead_contextual,en_50m__vs__en_bul_b,black->gold,2.295213222503662,0.41730865836143494,2.030060052871704
pre_lmhead_contextual,en_50m__vs__en_bul_b,ritual->routine,2.2908642292022705,0.60385662317276,-0.9267498254776001
pre_lmhead_contextual,en_50m__vs__en_bul_b,local->global,2.150747299194336,0.8219888210296631,-2.0301222801208496
pre_lmhead_contextual,en_50m__vs__en_bul_b,restraint->indulgence,2.121311902999878,0.24801801145076752,-0.7191569805145264
pre_lmhead_contextual,en_50m__vs__en_bul_b,patronage->meritocracy,2.0863208770751953,0.4515615701675415,-0.3508479595184326
pre_lmhead_contextual,en_50m__vs__en_bul_b,ancestor->novelty,2.062234401702881,0.75551837682724,1.775846004486084
pre_lmhead_contextual,en_50m__vs__en_bul_b,dragon->eagle,2.023738145828247,0.7246809005737305,-0.3863896429538727
pre_lmhead_contextual,en_50m__vs__en_bul_b,sacred->secular,1.956400752067566,0.6231424808502197,-0.2482968419790268
pre_lmhead_contextual,en_50m__vs__en_bul_b,homeland->migration,1.9542820453643799,0.47615382075309753,1.0885639190673828
pre_lmhead_contextual,en_50m__vs__en_bul_b,veiled->unveiled,1.8435004949569702,0.3467126488685608,-1.3832364082336426
pre_lmhead_contextual,en_50m__vs__en_bul_b,hierarchy->equality,1.831518530845642,0.5878314971923828,-0.5125604271888733
pre_lmhead_contextual,en_50m__vs__en_bul_b,assimilation->pluralism,1.7781528234481812,0.2263392060995102,-1.3197427988052368
pre_lmhead_contextual,en_50m__vs__en_bul_b,clan->individual,1.6872949600219727,0.5312801599502563,0.46790987253189087
pre_lmhead_contextual,en_50m__vs__en_bul_b,lotus->rose,1.5987534523010254,0.5202817320823669,-0.7086690068244934
pre_lmhead_contextual,en_50m__vs__en_bul_b,fasting->feasting,1.5936321020126343,0.24944943189620972,0.1812780797481537
pre_lmhead_contextual,en_50m__vs__en_bul_b,uniform->personalized,1.5764744281768799,0.4992179870605469,0.6819401979446411
pre_lmhead_contextual,en_50m__vs__en_bul_b,script->image,1.5546247959136963,0.40052905678749084,0.8736117482185364
pre_lmhead_contextual,en_50m__vs__en_bul_b,duty->freedom,1.55039381980896,0.6720200777053833,-0.7938648462295532
pre_lmhead_contextual,en_50m__vs__en_bul_b,modest->revealing,1.5248925685882568,0.44123536348342896,-1.0140429735183716
pre_lmhead_contextual,en_50m__vs__en_bul_b,tradition->modernity,1.5214662551879883,0.47614794969558716,0.6941347718238831
pre_lmhead_contextual,en_50m__vs__en_bul_b,elder->youth,1.4888533353805542,0.21281760931015015,-1.0409773588180542
pre_lmhead_contextual,en_50m__vs__en_bul_b,obedience->autonomy,1.4533751010894775,0.6661213040351868,0.244675412774086
pre_lmhead_contextual,en_50m__vs__en_bul_b,authority->deliberation,1.445940375328064,0.22008532285690308,0.4411218464374542
pre_lmhead_contextual,en_50m__vs__en_bul_b,pilgrim->spectator,1.3672680854797363,0.17470593750476837,0.07018250226974487
pre_lmhead_contextual,en_50m__vs__en_bul_b,kin->stranger,1.248942255973816,0.29628193378448486,0.13114412128925323
pre_lmhead_contextual,en_50m__vs__en_bul_b,individualism->collectivism,1.2132328748703003,0.5508963465690613,0.1250610053539276
pre_lmhead_contextual,en_50m__vs__en_bul_b,prayer->reason,1.1036089658737183,0.16711947321891785,0.30525463819503784
pre_lmhead_contextual,en_50m__vs__en_ind_a,fermented->fresh,5.313148021697998,0.9399654865264893,5.171220779418945
pre_lmhead_contextual,en_50m__vs__en_ind_a,customary->codified,4.791397571563721,0.7081779837608337,4.390646457672119
pre_lmhead_contextual,en_50m__vs__en_ind_a,spicy->mild,4.234680652618408,0.8691760301589966,-1.0514332056045532
pre_lmhead_contextual,en_50m__vs__en_ind_a,ritual->routine,4.089311599731445,0.8069191575050354,1.2888826131820679
pre_lmhead_contextual,en_50m__vs__en_ind_a,veiled->unveiled,3.867386817932129,0.5015215277671814,-3.6302831172943115
pre_lmhead_contextual,en_50m__vs__en_ind_a,conformity->dissent,3.765136241912842,0.6026424765586853,3.595665454864502
pre_lmhead_contextual,en_50m__vs__en_ind_a,certainty->ambiguity,3.3695175647735596,0.7255422472953796,2.7732484340667725
pre_lmhead_contextual,en_50m__vs__en_ind_a,restraint->indulgence,2.997408628463745,0.285709947347641,0.5643957853317261
pre_lmhead_contextual,en_50m__vs__en_ind_a,vegetarian->meat,2.993335008621216,0.6998339891433716,2.2398977279663086
pre_lmhead_contextual,en_50m__vs__en_ind_a,local->global,2.924391031265259,0.8755737543106079,-2.8307418823242188
pre_lmhead_contextual,en_50m__vs__en_ind_a,lineage->mobility,2.865360736846924,0.6558607220649719,-0.012037963606417179
pre_lmhead_contextual,en_50m__vs__en_ind_a,white->red,2.8356964588165283,0.8186404705047607,2.619548797607422
pre_lmhead_contextual,en_50m__vs__en_ind_a,clan->individual,2.780792474746704,0.6842820048332214,-2.3061234951019287
pre_lmhead_contextual,en_50m__vs__en_ind_a,rice->bread,2.693774461746216,0.8570224046707153,2.65327525138855
pre_lmhead_contextual,en_50m__vs__en_ind_a,mourning->celebration,2.6100265979766846,0.7416817545890808,-2.400334119796753
pre_lmhead_contextual,en_50m__vs__en_ind_a,lunar->solar,2.5860021114349365,0.823380172252655,-1.9461613893508911
pre_lmhead_contextual,en_50m__vs__en_ind_a,taboo->permissive,2.4407243728637695,0.29562219977378845,0.09280460327863693
pre_lmhead_contextual,en_50m__vs__en_ind_a,mother->father,2.3905463218688965,0.7819177508354187,-2.0754263401031494
pre_lmhead_contextual,en_50m__vs__en_ind_a,tea->coffee,2.3896679878234863,0.7350288033485413,1.6160633563995361
pre_lmhead_contextual,en_50m__vs__en_ind_a,fasting->feasting,2.375704050064087,0.2719998061656952,1.9152143001556396
pre_lmhead_contextual,en_50m__vs__en_ind_a,solidarity->competition,2.3667728900909424,0.7199064493179321,-1.8833667039871216
pre_lmhead_contextual,en_50m__vs__en_ind_a,kin->stranger,2.2131617069244385,0.36059361696243286,-1.7726391553878784
pre_lmhead_contextual,en_50m__vs__en_ind_a,tradition->modernity,2.1895439624786377,0.5571953058242798,-1.5222049951553345
pre_lmhead_contextual,en_50m__vs__en_ind_a,assimilation->pluralism,2.13718843460083,0.24085894227027893,-0.8999149203300476
pre_lmhead_contextual,en_50m__vs__en_ind_a,modest->revealing,2.136078119277954,0.7093679904937744,-0.04375332593917847
pre_lmhead_contextual,en_50m__vs__en_ind_a,duty->freedom,2.0252957344055176,0.6968531608581543,-1.5941920280456543
pre_lmhead_contextual,en_50m__vs__en_ind_a,majority->minority,1.9757555723190308,0.5504371523857117,1.384017825126648
pre_lmhead_contextual,en_50m__vs__en_ind_a,black->gold,1.9621777534484863,0.3662852644920349,1.8508284091949463
pre_lmhead_contextual,en_50m__vs__en_ind_a,indigenous->diaspora,1.9050437211990356,0.42252805829048157,1.1289005279541016
pre_lmhead_contextual,en_50m__vs__en_ind_a,federal->centralized,1.8495970964431763,0.31869518756866455,-1.3435778617858887
pre_lmhead_contextual,en_50m__vs__en_ind_a,sacred->secular,1.8186452388763428,0.6285622715950012,1.1671123504638672
pre_lmhead_contextual,en_50m__vs__en_ind_a,ornate->plain,1.796581506729126,0.2211306393146515,-0.2844492793083191
pre_lmhead_contextual,en_50m__vs__en_ind_a,patronage->meritocracy,1.7873353958129883,0.39114123582839966,0.7946004271507263
pre_lmhead_contextual,en_50m__vs__en_ind_a,script->image,1.6801702976226807,0.38253363966941833,0.11599547415971756
pre_lmhead_contextual,en_50m__vs__en_ind_a,lotus->rose,1.6686352491378784,0.5523759126663208,-1.3735952377319336
pre_lmhead_contextual,en_50m__vs__en_ind_a,authority->deliberation,1.6673085689544678,0.24648930132389069,-0.2765633165836334
pre_lmhead_contextual,en_50m__vs__en_ind_a,pilgrimage->tourism,1.6593395471572876,0.4081626534461975,-0.8430080413818359
pre_lmhead_contextual,en_50m__vs__en_ind_a,prayer->reason,1.6415224075317383,0.29924505949020386,-1.4513251781463623
pre_lmhead_contextual,en_50m__vs__en_ind_a,ancestor->novelty,1.630118727684021,0.6037542819976807,0.3727152645587921
pre_lmhead_contextual,en_50m__vs__en_ind_a,hierarchy->equality,1.6176108121871948,0.4499790668487549,0.7658305764198303
pre_lmhead_contextual,en_50m__vs__en_ind_a,pilgrim->spectator,1.59906804561615,0.18509863317012787,-0.9498406052589417
pre_lmhead_contextual,en_50m__vs__en_ind_a,honor->shame,1.581249713897705,0.5924711227416992,-0.9481461644172668
pre_lmhead_contextual,en_50m__vs__en_ind_a,democracy->monarchy,1.5490710735321045,0.5163655877113342,-0.14541609585285187
pre_lmhead_contextual,en_50m__vs__en_ind_a,formal->casual,1.5092862844467163,0.6157834529876709,-1.306183934211731
pre_lmhead_contextual,en_50m__vs__en_ind_a,homeland->migration,1.441478967666626,0.32409656047821045,-0.30127936601638794
pre_lmhead_contextual,en_50m__vs__en_ind_a,obedience->autonomy,1.3817951679229736,0.7110892534255981,0.5123704671859741
pre_lmhead_contextual,en_50m__vs__en_ind_a,elder->youth,1.381526231765747,0.248492032289505,0.23409917950630188
pre_lmhead_contextual,en_50m__vs__en_ind_a,dragon->eagle,1.3713256120681763,0.6349577903747559,-0.059086158871650696
pre_lmhead_contextual,en_50m__vs__en_ind_a,uniform->personalized,1.3213295936584473,0.4804471433162689,-0.5284161567687988
pre_lmhead_contextual,en_50m__vs__en_ind_a,individualism->collectivism,1.2986268997192383,0.5060275793075562,-0.4851655662059784
pre_lmhead_contextual,en_50m__vs__en_ind_b,dragon->eagle,6.309791564941406,0.9348417520523071,-6.286040306091309
pre_lmhead_contextual,en_50m__vs__en_ind_b,fermented->fresh,6.21597146987915,0.9414633512496948,6.172519683837891
pre_lmhead_contextual,en_50m__vs__en_ind_b,lineage->mobility,5.829651355743408,0.9071066975593567,-3.441394805908203
pre_lmhead_contextual,en_50m__vs__en_ind_b,pilgrimage->tourism,4.692575454711914,0.9413560628890991,-4.648049831390381
pre_lmhead_contextual,en_50m__vs__en_ind_b,customary->codified,4.512628078460693,0.8128107786178589,4.510575294494629
pre_lmhead_contextual,en_50m__vs__en_ind_b,white->red,4.388791084289551,0.9067232012748718,4.371954441070557
pre_lmhead_contextual,en_50m__vs__en_ind_b,veiled->unveiled,3.8841776847839355,0.548429012298584,-3.8599066734313965
pre_lmhead_contextual,en_50m__vs__en_ind_b,majority->minority,3.796830415725708,0.8319169878959656,2.5879032611846924
pre_lmhead_contextual,en_50m__vs__en_ind_b,homeland->migration,3.73221492767334,0.7591298222541809,3.64713191986084
pre_lmhead_contextual,en_50m__vs__en_ind_b,ancestor->novelty,3.6388485431671143,0.6988863348960876,-3.485302209854126
pre_lmhead_contextual,en_50m__vs__en_ind_b,local->global,3.3945400714874268,0.8916698694229126,-3.320401906967163
pre_lmhead_contextual,en_50m__vs__en_ind_b,formal->casual,3.321481466293335,0.8174217939376831,-2.523031234741211
pre_lmhead_contextual,en_50m__vs__en_ind_b,conformity->dissent,3.282722234725952,0.5784887671470642,3.069275140762329
pre_lmhead_contextual,en_50m__vs__en_ind_b,black->gold,2.894425392150879,0.6143620610237122,2.8511030673980713
pre_lmhead_contextual,en_50m__vs__en_ind_b,fasting->feasting,2.7131123542785645,0.3103620707988739,2.664398431777954
pre_lmhead_contextual,en_50m__vs__en_ind_b,ritual->routine,2.697671890258789,0.7375223636627197,-1.6904102563858032
pre_lmhead_contextual,en_50m__vs__en_ind_b,restraint->indulgence,2.6030781269073486,0.18664070963859558,2.2497177124023438
pre_lmhead_contextual,en_50m__vs__en_ind_b,obedience->autonomy,2.591327667236328,0.682919979095459,-2.075782537460327
pre_lmhead_contextual,en_50m__vs__en_ind_b,prayer->reason,2.5905768871307373,0.455484539270401,-1.0653269290924072
pre_lmhead_contextual,en_50m__vs__en_ind_b,mother->father,2.5370757579803467,0.7624497413635254,-2.1641054153442383
pre_lmhead_contextual,en_50m__vs__en_ind_b,assimilation->pluralism,2.5001916885375977,0.2583177387714386,-2.3463659286499023
pre_lmhead_contextual,en_50m__vs__en_ind_b,federal->centralized,2.3695015907287598,0.33794841170310974,-2.092451810836792
pre_lmhead_contextual,en_50m__vs__en_ind_b,uniform->personalized,2.3308846950531006,0.5567188858985901,1.3734033107757568
pre_lmhead_contextual,en_50m__vs__en_ind_b,rice->bread,2.3181512355804443,0.5216488838195801,-2.1581199169158936
pre_lmhead_contextual,en_50m__vs__en_ind_b,spicy->mild,2.2742321491241455,0.6173203587532043,1.2261959314346313
pre_lmhead_contextual,en_50m__vs__en_ind_b,modest->revealing,2.1300573348999023,0.5510149002075195,-2.0163562297821045
pre_lmhead_contextual,en_50m__vs__en_ind_b,clan->individual,2.0762691497802734,0.5842899084091187,-0.29157495498657227
pre_lmhead_contextual,en_50m__vs__en_ind_b,pilgrim->spectator,2.066204786300659,0.23828420042991638,-1.804807186126709
pre_lmhead_contextual,en_50m__vs__en_ind_b,lotus->rose,2.0366079807281494,0.7084234356880188,-1.9966070652008057
pre_lmhead_contextual,en_50m__vs__en_ind_b,hierarchy->equality,1.9881049394607544,0.487980455160141,1.4215840101242065
pre_lmhead_contextual,en_50m__vs__en_ind_b,solidarity->competition,1.9769130945205688,0.5639277100563049,1.694426417350769
pre_lmhead_contextual,en_50m__vs__en_ind_b,certainty->ambiguity,1.820146918296814,0.274562805891037,-1.4099518060684204
pre_lmhead_contextual,en_50m__vs__en_ind_b,honor->shame,1.7534319162368774,0.4844890832901001,1.3073997497558594
pre_lmhead_contextual,en_50m__vs__en_ind_b,vegetarian->meat,1.7334294319152832,0.6102756261825562,-0.4770115911960602
pre_lmhead_contextual,en_50m__vs__en_ind_b,indigenous->diaspora,1.677525281906128,0.4914299249649048,-0.7199605107307434
pre_lmhead_contextual,en_50m__vs__en_ind_b,duty->freedom,1.6646701097488403,0.7854442000389099,0.47145310044288635
pre_lmhead_contextual,en_50m__vs__en_ind_b,sacred->secular,1.5892255306243896,0.5550062656402588,-0.3486684560775757
pre_lmhead_contextual,en_50m__vs__en_ind_b,mourning->celebration,1.5888878107070923,0.3291585147380829,0.8198167681694031
pre_lmhead_contextual,en_50m__vs__en_ind_b,patronage->meritocracy,1.527438998222351,0.35954099893569946,0.118831567466259
pre_lmhead_contextual,en_50m__vs__en_ind_b,ornate->plain,1.4611459970474243,0.18916654586791992,-0.7632293701171875
pre_lmhead_contextual,en_50m__vs__en_ind_b,authority->deliberation,1.400010108947754,0.22747501730918884,0.5581094026565552
pre_lmhead_contextual,en_50m__vs__en_ind_b,democracy->monarchy,1.3771430253982544,0.49161723256111145,-0.6028499007225037
pre_lmhead_contextual,en_50m__vs__en_ind_b,taboo->permissive,1.3401539325714111,0.1434541940689087,0.5697864294052124
pre_lmhead_contextual,en_50m__vs__en_ind_b,lunar->solar,1.3068679571151733,0.6683359742164612,-0.4118557870388031
pre_lmhead_contextual,en_50m__vs__en_ind_b,elder->youth,1.3004409074783325,0.19379134476184845,-0.8771560192108154
pre_lmhead_contextual,en_50m__vs__en_ind_b,kin->stranger,1.2824463844299316,0.2834676504135132,-0.9186297655105591
pre_lmhead_contextual,en_50m__vs__en_ind_b,tea->coffee,1.250075340270996,0.6418928503990173,-0.5245256423950195
pre_lmhead_contextual,en_50m__vs__en_ind_b,tradition->modernity,1.1720317602157593,0.4269474446773529,-0.1289132535457611
pre_lmhead_contextual,en_50m__vs__en_ind_b,script->image,1.1429243087768555,0.23131489753723145,-0.612091064453125
pre_lmhead_contextual,en_50m__vs__en_ind_b,individualism->collectivism,1.1084524393081665,0.5351718664169312,-0.18705475330352783
pre_lmhead_contextual,en_50m__vs__en_deu_a,taboo->permissive,5.761645317077637,0.8291827440261841,-5.678630828857422
pre_lmhead_contextual,en_50m__vs__en_deu_a,lineage->mobility,4.3929266929626465,0.8295979499816895,-3.318228006362915
pre_lmhead_contextual,en_50m__vs__en_deu_a,customary->codified,4.2947468757629395,0.7477301955223083,4.274343967437744
pre_lmhead_contextual,en_50m__vs__en_deu_a,fermented->fresh,4.19336462020874,0.9013166427612305,4.010039329528809
pre_lmhead_contextual,en_50m__vs__en_deu_a,kin->stranger,3.9247193336486816,0.8723230957984924,3.9052064418792725
pre_lmhead_contextual,en_50m__vs__en_deu_a,majority->minority,3.778583526611328,0.8876659870147705,3.164233922958374
pre_lmhead_contextual,en_50m__vs__en_deu_a,black->gold,3.6960244178771973,0.6989642381668091,3.5329785346984863
pre_lmhead_contextual,en_50m__vs__en_deu_a,tradition->modernity,3.682217597961426,0.6921355128288269,-3.4949405193328857
pre_lmhead_contextual,en_50m__vs__en_deu_a,obedience->autonomy,3.603264570236206,0.748368501663208,-3.3337721824645996
pre_lmhead_contextual,en_50m__vs__en_deu_a,rice->bread,3.5031661987304688,0.8884312510490417,3.4536044597625732
pre_lmhead_contextual,en_50m__vs__en_deu_a,certainty->ambiguity,3.4995670318603516,0.6948752403259277,2.763962507247925
pre_lmhead_contextual,en_50m__vs__en_deu_a,veiled->unveiled,3.3457283973693848,0.5109143853187561,-3.303151845932007
pre_lmhead_contextual,en_50m__vs__en_deu_a,formal->casual,3.2799577713012695,0.7800084352493286,-3.0788345336914062
pre_lmhead_contextual,en_50m__vs__en_deu_a,dragon->eagle,3.186978578567505,0.6798186302185059,2.7816531658172607
pre_lmhead_contextual,en_50m__vs__en_deu_a,democracy->monarchy,3.0338613986968994,0.7975092530250549,-2.1362335681915283
pre_lmhead_contextual,en_50m__vs__en_deu_a,lunar->solar,2.812349557876587,0.6775518655776978,2.6452853679656982
pre_lmhead_contextual,en_50m__vs__en_deu_a,fasting->feasting,2.7664780616760254,0.3085910677909851,2.5770204067230225
pre_lmhead_contextual,en_50m__vs__en_deu_a,vegetarian->meat,2.5600101947784424,0.7857601046562195,-0.8337814211845398
pre_lmhead_contextual,en_50m__vs__en_deu_a,ancestor->novelty,2.51448917388916,0.7931494116783142,1.6505670547485352
pre_lmhead_contextual,en_50m__vs__en_deu_a,tea->coffee,2.5125489234924316,0.7265888452529907,2.35787296295166
pre_lmhead_contextual,en_50m__vs__en_deu_a,pilgrimage->tourism,2.477321147918701,0.6520598530769348,-1.9685503244400024
pre_lmhead_contextual,en_50m__vs__en_deu_a,ritual->routine,2.4376895427703857,0.634300172328949,1.6707735061645508
pre_lmhead_contextual,en_50m__vs__en_deu_a,solidarity->competition,2.32944393157959,0.677238404750824,-1.7572214603424072
pre_lmhead_contextual,en_50m__vs__en_deu_a,homeland->migration,2.2241907119750977,0.5743784308433533,1.9798188209533691
pre_lmhead_contextual,en_50m__vs__en_deu_a,duty->freedom,2.2166147232055664,0.8312802910804749,0.13442260026931763
pre_lmhead_contextual,en_50m__vs__en_deu_a,local->global,2.2059707641601562,0.7915080785751343,-2.0407769680023193
pre_lmhead_contextual,en_50m__vs__en_deu_a,hierarchy->equality,2.1573171615600586,0.5312037467956543,0.9708472490310669
pre_lmhead_contextual,en_50m__vs__en_deu_a,white->red,2.122710943222046,0.7554833889007568,1.8920834064483643
pre_lmhead_contextual,en_50m__vs__en_deu_a,uniform->personalized,2.088855028152466,0.6129899621009827,1.6563835144042969
pre_lmhead_contextual,en_50m__vs__en_deu_a,clan->individual,2.034275770187378,0.5837569236755371,-0.7269734144210815
pre_lmhead_contextual,en_50m__vs__en_deu_a,assimilation->pluralism,2.0083608627319336,0.24392403662204742,-0.17426861822605133
pre_lmhead_contextual,en_50m__vs__en_deu_a,honor->shame,1.9985392093658447,0.5026515126228333,1.3389626741409302
pre_lmhead_contextual,en_50m__vs__en_deu_a,conformity->dissent,1.9776527881622314,0.6217718124389648,-0.6089270710945129
pre_lmhead_contextual,en_50m__vs__en_deu_a,mourning->celebration,1.8976171016693115,0.5448576211929321,-1.3604716062545776
pre_lmhead_contextual,en_50m__vs__en_deu_a,patronage->meritocracy,1.8962106704711914,0.3359662890434265,-1.6881729364395142
pre_lmhead_contextual,en_50m__vs__en_deu_a,sacred->secular,1.8277546167373657,0.6691350936889648,1.2896418571472168
pre_lmhead_contextual,en_50m__vs__en_deu_a,elder->youth,1.8153713941574097,0.23180577158927917,-1.65114426612854
pre_lmhead_contextual,en_50m__vs__en_deu_a,lotus->rose,1.7997655868530273,0.6017177700996399,-1.522873878479004
pre_lmhead_contextual,en_50m__vs__en_deu_a,federal->centralized,1.7978383302688599,0.4427390694618225,1.3129957914352417
pre_lmhead_contextual,en_50m__vs__en_deu_a,script->image,1.7756061553955078,0.43587183952331543,0.83319491147995
pre_lmhead_contextual,en_50m__vs__en_deu_a,modest->revealing,1.7606513500213623,0.6231130957603455,1.1433457136154175
pre_lmhead_contextual,en_50m__vs__en_deu_a,restraint->indulgence,1.6815801858901978,0.1598471850156784,0.24213586747646332
pre_lmhead_contextual,en_50m__vs__en_deu_a,pilgrim->spectator,1.6205247640609741,0.20144927501678467,-0.02470484934747219
pre_lmhead_contextual,en_50m__vs__en_deu_a,prayer->reason,1.5721256732940674,0.219199076294899,0.9576512575149536
pre_lmhead_contextual,en_50m__vs__en_deu_a,mother->father,1.5396407842636108,0.7235093116760254,-0.15458077192306519
pre_lmhead_contextual,en_50m__vs__en_deu_a,indigenous->diaspora,1.5367802381515503,0.42572498321533203,0.5241743326187134
pre_lmhead_contextual,en_50m__vs__en_deu_a,ornate->plain,1.5254292488098145,0.207203671336174,0.05380253493785858
pre_lmhead_contextual,en_50m__vs__en_deu_a,spicy->mild,1.510798692703247,0.5585901141166687,0.31675854325294495
pre_lmhead_contextual,en_50m__vs__en_deu_a,authority->deliberation,1.4573639631271362,0.22481445968151093,0.2569085359573364
pre_lmhead_contextual,en_50m__vs__en_deu_a,individualism->collectivism,1.3474116325378418,0.5516756176948547,-0.8139416575431824
pre_lmhead_contextual,en_50m__vs__en_deu_b,rice->bread,4.793510437011719,0.9224869608879089,4.7623066902160645
pre_lmhead_contextual,en_50m__vs__en_deu_b,individualism->collectivism,4.413469314575195,0.8537431359291077,2.5818421840667725
pre_lmhead_contextual,en_50m__vs__en_deu_b,certainty->ambiguity,3.831939935684204,0.9336565136909485,3.8220555782318115
pre_lmhead_contextual,en_50m__vs__en_deu_b,lotus->rose,3.5091187953948975,0.9171440601348877,-3.4822676181793213
pre_lmhead_contextual,en_50m__vs__en_deu_b,ritual->routine,3.3916056156158447,0.8175273537635803,-1.30235755443573
pre_lmhead_contextual,en_50m__vs__en_deu_b,restraint->indulgence,3.3890819549560547,0.40909337997436523,-3.288320779800415
pre_lmhead_contextual,en_50m__vs__en_deu_b,kin->stranger,3.3515567779541016,0.7889298796653748,3.329098701477051
pre_lmhead_contextual,en_50m__vs__en_deu_b,customary->codified,3.3442142009735107,0.6774405241012573,3.2339723110198975
pre_lmhead_contextual,en_50m__vs__en_deu_b,clan->individual,3.06826114654541,0.6428136229515076,0.12893114984035492
pre_lmhead_contextual,en_50m__vs__en_deu_b,lineage->mobility,2.9132070541381836,0.7258361577987671,-0.5259573459625244
pre_lmhead_contextual,en_50m__vs__en_deu_b,spicy->mild,2.837697744369507,0.7658460736274719,0.13903272151947021
pre_lmhead_contextual,en_50m__vs__en_deu_b,pilgrimage->tourism,2.769059419631958,0.5856772065162659,-1.5929882526397705
pre_lmhead_contextual,en_50m__vs__en_deu_b,majority->minority,2.741273880004883,0.5981221795082092,0.46468615531921387
pre_lmhead_contextual,en_50m__vs__en_deu_b,fasting->feasting,2.664661169052124,0.3106952905654907,2.3797264099121094
pre_lmhead_contextual,en_50m__vs__en_deu_b,assimilation->pluralism,2.6214935779571533,0.31252509355545044,1.064546823501587
pre_lmhead_contextual,en_50m__vs__en_deu_b,patronage->meritocracy,2.607250690460205,0.406374990940094,-2.340583562850952
pre_lmhead_contextual,en_50m__vs__en_deu_b,tea->coffee,2.466446876525879,0.7330660820007324,-2.307345151901245
pre_lmhead_contextual,en_50m__vs__en_deu_b,formal->casual,2.442128896713257,0.7370489835739136,-2.111320734024048
pre_lmhead_contextual,en_50m__vs__en_deu_b,white->red,2.432563304901123,0.790269672870636,2.2986881732940674
pre_lmhead_contextual,en_50m__vs__en_deu_b,authority->deliberation,2.3869376182556152,0.3685337007045746,-0.4291478395462036
pre_lmhead_contextual,en_50m__vs__en_deu_b,vegetarian->meat,2.3841805458068848,0.6712188720703125,-1.3942244052886963
pre_lmhead_contextual,en_50m__vs__en_deu_b,hierarchy->equality,2.364353895187378,0.49910205602645874,1.4688729047775269
pre_lmhead_contextual,en_50m__vs__en_deu_b,modest->revealing,2.292342185974121,0.545687198638916,-2.1688146591186523
pre_lmhead_contextual,en_50m__vs__en_deu_b,mourning->celebration,2.2692317962646484,0.4303229749202728,1.1133134365081787
pre_lmhead_contextual,en_50m__vs__en_deu_b,democracy->monarchy,2.21689510345459,0.5569027066230774,0.5623563528060913
pre_lmhead_contextual,en_50m__vs__en_deu_b,conformity->dissent,2.2063169479370117,0.6663569808006287,-1.3007415533065796
pre_lmhead_contextual,en_50m__vs__en_deu_b,tradition->modernity,2.1007866859436035,0.5749396681785583,-1.8791351318359375
pre_lmhead_contextual,en_50m__vs__en_deu_b,dragon->eagle,2.100003957748413,0.7340704202651978,-1.05842924118042
pre_lmhead_contextual,en_50m__vs__en_deu_b,homeland->migration,2.098053216934204,0.48878422379493713,0.7831248044967651
pre_lmhead_contextual,en_50m__vs__en_deu_b,duty->freedom,2.090883255004883,0.7551937103271484,-1.032705307006836
pre_lmhead_contextual,en_50m__vs__en_deu_b,sacred->secular,1.9912949800491333,0.6459013223648071,0.3901745080947876
pre_lmhead_contextual,en_50m__vs__en_deu_b,uniform->personalized,1.9872543811798096,0.5147212147712708,0.1300201117992401
pre_lmhead_contextual,en_50m__vs__en_deu_b,federal->centralized,1.986365556716919,0.44389668107032776,1.0355252027511597
pre_lmhead_contextual,en_50m__vs__en_deu_b,ancestor->novelty,1.9532313346862793,0.6150527596473694,-1.2379425764083862
pre_lmhead_contextual,en_50m__vs__en_deu_b,indigenous->diaspora,1.8932180404663086,0.4915611743927002,0.5264724493026733
pre_lmhead_contextual,en_50m__vs__en_deu_b,taboo->permissive,1.8860644102096558,0.247693732380867,-0.16441184282302856
pre_lmhead_contextual,en_50m__vs__en_deu_b,script->image,1.8776885271072388,0.39508703351020813,-0.0075599211268126965
pre_lmhead_contextual,en_50m__vs__en_deu_b,solidarity->competition,1.8499829769134521,0.6912210583686829,-0.8425409197807312
pre_lmhead_contextual,en_50m__vs__en_deu_b,lunar->solar,1.8409851789474487,0.6134380102157593,1.6359891891479492
pre_lmhead_contextual,en_50m__vs__en_deu_b,pilgrim->spectator,1.8312534093856812,0.2337680459022522,0.05396542325615883
pre_lmhead_contextual,en_50m__vs__en_deu_b,elder->youth,1.8164503574371338,0.2312493920326233,-1.381187081336975
pre_lmhead_contextual,en_50m__vs__en_deu_b,fermented->fresh,1.8054897785186768,0.7523183822631836,0.9161303639411926
pre_lmhead_contextual,en_50m__vs__en_deu_b,ornate->plain,1.6646174192428589,0.2321966588497162,1.1008130311965942
pre_lmhead_contextual,en_50m__vs__en_deu_b,honor->shame,1.6464946269989014,0.49409937858581543,0.4851900041103363
pre_lmhead_contextual,en_50m__vs__en_deu_b,obedience->autonomy,1.538651943206787,0.6408584117889404,-0.5974528193473816
pre_lmhead_contextual,en_50m__vs__en_deu_b,mother->father,1.5224758386611938,0.628943681716919,-0.17241068184375763
pre_lmhead_contextual,en_50m__vs__en_deu_b,local->global,1.4888614416122437,0.6515830159187317,-1.1475986242294312
pre_lmhead_contextual,en_50m__vs__en_deu_b,veiled->unveiled,1.4781911373138428,0.40777161717414856,0.36396095156669617
pre_lmhead_contextual,en_50m__vs__en_deu_b,prayer->reason,1.352051854133606,0.18017306923866272,1.0288243293762207
pre_lmhead_contextual,en_50m__vs__en_deu_b,black->gold,1.2062530517578125,0.1903766244649887,0.6306843161582947
pre_lmhead_contextual,en_100m__vs__en_zh_a,fasting->feasting,8.26154899597168,0.7747464179992676,-8.255638122558594
pre_lmhead_contextual,en_100m__vs__en_zh_a,vegetarian->meat,7.89622163772583,0.9722110629081726,-7.89447546005249
pre_lmhead_contextual,en_100m__vs__en_zh_a,democracy->monarchy,7.247682571411133,0.9256242513656616,-7.153306007385254
pre_lmhead_contextual,en_100m__vs__en_zh_a,federal->centralized,7.007664203643799,0.7566185593605042,7.003203868865967
pre_lmhead_contextual,en_100m__vs__en_zh_a,clan->individual,6.405403137207031,0.8546571135520935,6.405403137207031
pre_lmhead_contextual,en_100m__vs__en_zh_a,certainty->ambiguity,6.120983600616455,0.9447934627532959,5.8740668296813965
pre_lmhead_contextual,en_100m__vs__en_zh_a,assimilation->pluralism,5.7633137702941895,0.4083106815814972,5.716145038604736
pre_lmhead_contextual,en_100m__vs__en_zh_a,pilgrim->spectator,5.0684614181518555,0.38516056537628174,4.94608736038208
pre_lmhead_contextual,en_100m__vs__en_zh_a,taboo->permissive,4.449505805969238,0.4890231490135193,-3.054880380630493
pre_lmhead_contextual,en_100m__vs__en_zh_a,fermented->fresh,4.178875923156738,0.4090416133403778,-4.13045072555542
pre_lmhead_contextual,en_100m__vs__en_zh_a,spicy->mild,4.172168731689453,0.48325207829475403,-3.977353096008301
pre_lmhead_contextual,en_100m__vs__en_zh_a,indigenous->diaspora,4.073290824890137,0.8609445691108704,-4.0502142906188965
pre_lmhead_contextual,en_100m__vs__en_zh_a,obedience->autonomy,4.061160564422607,0.7567375898361206,4.017409324645996
pre_lmhead_contextual,en_100m__vs__en_zh_a,kin->stranger,4.033246994018555,0.661698579788208,2.798947334289551
pre_lmhead_contextual,en_100m__vs__en_zh_a,mother->father,3.985212802886963,0.8834041357040405,-3.156235933303833
pre_lmhead_contextual,en_100m__vs__en_zh_a,mourning->celebration,3.9658353328704834,0.7234119772911072,-3.7662413120269775
pre_lmhead_contextual,en_100m__vs__en_zh_a,solidarity->competition,3.950321912765503,0.837752103805542,-3.8713831901550293
pre_lmhead_contextual,en_100m__vs__en_zh_a,conformity->dissent,3.936563730239868,0.9046663045883179,3.6318328380584717
pre_lmhead_contextual,en_100m__vs__en_zh_a,individualism->collectivism,3.713360548019409,0.7793217897415161,-2.9512906074523926
pre_lmhead_contextual,en_100m__vs__en_zh_a,prayer->reason,3.426378011703491,0.4183160960674286,-2.893709897994995
pre_lmhead_contextual,en_100m__vs__en_zh_a,ancestor->novelty,3.4249653816223145,0.7275131940841675,-3.1793270111083984
pre_lmhead_contextual,en_100m__vs__en_zh_a,tea->coffee,3.3740317821502686,0.5366405248641968,3.3138246536254883
pre_lmhead_contextual,en_100m__vs__en_zh_a,hierarchy->equality,3.349517583847046,0.852157473564148,-1.0985116958618164
pre_lmhead_contextual,en_100m__vs__en_zh_a,lotus->rose,3.2042033672332764,0.7995831370353699,-3.1475441455841064
pre_lmhead_contextual,en_100m__vs__en_zh_a,homeland->migration,3.107353687286377,0.7362527847290039,2.8904590606689453
pre_lmhead_contextual,en_100m__vs__en_zh_a,customary->codified,3.105708599090576,0.6384974718093872,-1.924536108970642
pre_lmhead_contextual,en_100m__vs__en_zh_a,uniform->personalized,3.0981392860412598,0.29947736859321594,-2.40124773979187
pre_lmhead_contextual,en_100m__vs__en_zh_a,white->red,2.9472601413726807,0.7234113812446594,-1.7827277183532715
pre_lmhead_contextual,en_100m__vs__en_zh_a,restraint->indulgence,2.9404096603393555,0.28323522210121155,-2.103294849395752
pre_lmhead_contextual,en_100m__vs__en_zh_a,tradition->modernity,2.907670021057129,0.6434797644615173,2.7329750061035156
pre_lmhead_contextual,en_100m__vs__en_zh_a,script->image,2.8930985927581787,0.8573167324066162,2.7873783111572266
pre_lmhead_contextual,en_100m__vs__en_zh_a,dragon->eagle,2.887556552886963,0.5282013416290283,2.375180721282959
pre_lmhead_contextual,en_100m__vs__en_zh_a,ornate->plain,2.852935552597046,0.4027634263038635,2.5908069610595703
pre_lmhead_contextual,en_100m__vs__en_zh_a,formal->casual,2.72532320022583,0.4965508282184601,2.457155227661133
pre_lmhead_contextual,en_100m__vs__en_zh_a,majority->minority,2.7043356895446777,0.7303763628005981,2.008650302886963
pre_lmhead_contextual,en_100m__vs__en_zh_a,ritual->routine,2.5860817432403564,0.7490519881248474,-1.744361400604248
pre_lmhead_contextual,en_100m__vs__en_zh_a,authority->deliberation,2.468902826309204,0.5846822261810303,2.06781005859375
pre_lmhead_contextual,en_100m__vs__en_zh_a,honor->shame,2.462902784347534,0.7335946559906006,1.6661251783370972
pre_lmhead_contextual,en_100m__vs__en_zh_a,local->global,2.4350595474243164,0.8425477147102356,-2.2981021404266357
pre_lmhead_contextual,en_100m__vs__en_zh_a,veiled->unveiled,2.3837766647338867,0.38108471035957336,0.2753646671772003
pre_lmhead_contextual,en_100m__vs__en_zh_a,modest->revealing,2.268714427947998,0.7020957469940186,-0.3882637917995453
pre_lmhead_contextual,en_100m__vs__en_zh_a,patronage->meritocracy,2.2357699871063232,0.41398096084594727,-0.9008969664573669
pre_lmhead_contextual,en_100m__vs__en_zh_a,sacred->secular,2.2024893760681152,0.7275211215019226,-0.16804057359695435
pre_lmhead_contextual,en_100m__vs__en_zh_a,lineage->mobility,2.1495890617370605,0.5449311137199402,0.566132664680481
pre_lmhead_contextual,en_100m__vs__en_zh_a,pilgrimage->tourism,2.1392900943756104,0.633979082107544,1.5390089750289917
pre_lmhead_contextual,en_100m__vs__en_zh_a,duty->freedom,2.1289849281311035,0.7531734704971313,-0.7903209924697876
pre_lmhead_contextual,en_100m__vs__en_zh_a,elder->youth,2.009507656097412,0.2376437932252884,0.9973616003990173
pre_lmhead_contextual,en_100m__vs__en_zh_a,rice->bread,1.908807396888733,0.5342453718185425,-0.9179226160049438
pre_lmhead_contextual,en_100m__vs__en_zh_a,black->gold,1.4938791990280151,0.34086674451828003,1.1069343090057373
pre_lmhead_contextual,en_100m__vs__en_zh_a,lunar->solar,1.3169758319854736,0.5439707636833191,-0.5964243412017822
pre_lmhead_contextual,en_100m__vs__en_zh_b,vegetarian->meat,8.935369491577148,0.9285323619842529,-8.909342765808105
pre_lmhead_contextual,en_100m__vs__en_zh_b,spicy->mild,6.895028114318848,0.8747537732124329,-6.775094032287598
pre_lmhead_contextual,en_100m__vs__en_zh_b,fasting->feasting,6.70229434967041,0.6180066466331482,-6.685732364654541
pre_lmhead_contextual,en_100m__vs__en_zh_b,fermented->fresh,6.596242904663086,0.80406653881073,-6.594542503356934
pre_lmhead_contextual,en_100m__vs__en_zh_b,assimilation->pluralism,6.375545024871826,0.4439113140106201,6.294970512390137
pre_lmhead_contextual,en_100m__vs__en_zh_b,democracy->monarchy,6.300058364868164,0.8332183957099915,-6.265733242034912
pre_lmhead_contextual,en_100m__vs__en_zh_b,uniform->personalized,6.0738396644592285,0.6627706289291382,-5.5699920654296875
pre_lmhead_contextual,en_100m__vs__en_zh_b,obedience->autonomy,5.655259609222412,0.9080195426940918,5.623000144958496
pre_lmhead_contextual,en_100m__vs__en_zh_b,federal->centralized,5.58780574798584,0.5468626618385315,5.563497543334961
pre_lmhead_contextual,en_100m__vs__en_zh_b,clan->individual,5.277846813201904,0.8201776146888733,5.258390426635742
pre_lmhead_contextual,en_100m__vs__en_zh_b,pilgrim->spectator,5.01527738571167,0.39775511622428894,4.972772598266602
pre_lmhead_contextual,en_100m__vs__en_zh_b,solidarity->competition,4.844156265258789,0.8489370346069336,-4.639537811279297
pre_lmhead_contextual,en_100m__vs__en_zh_b,certainty->ambiguity,4.8014960289001465,0.8703800439834595,4.583616733551025
pre_lmhead_contextual,en_100m__vs__en_zh_b,tea->coffee,4.367319107055664,0.7648550868034363,4.270360946655273
pre_lmhead_contextual,en_100m__vs__en_zh_b,lotus->rose,4.08009147644043,0.9158657193183899,-4.07491397857666
pre_lmhead_contextual,en_100m__vs__en_zh_b,restraint->indulgence,3.984596014022827,0.3845343291759491,-3.3972535133361816
pre_lmhead_contextual,en_100m__vs__en_zh_b,mourning->celebration,3.68272066116333,0.6771412491798401,-3.3024561405181885
pre_lmhead_contextual,en_100m__vs__en_zh_b,hierarchy->equality,3.661087989807129,0.8327481150627136,-1.4141265153884888
pre_lmhead_contextual,en_100m__vs__en_zh_b,prayer->reason,3.6241018772125244,0.45287245512008667,-2.999382257461548
pre_lmhead_contextual,en_100m__vs__en_zh_b,duty->freedom,3.5447380542755127,0.8131386637687683,-3.362009048461914
pre_lmhead_contextual,en_100m__vs__en_zh_b,authority->deliberation,3.2884206771850586,0.6534891128540039,3.0764663219451904
pre_lmhead_contextual,en_100m__vs__en_zh_b,honor->shame,3.287402391433716,0.841612696647644,2.913212537765503
pre_lmhead_contextual,en_100m__vs__en_zh_b,indigenous->diaspora,3.238267421722412,0.7147634029388428,-3.1650424003601074
pre_lmhead_contextual,en_100m__vs__en_zh_b,lineage->mobility,3.227715492248535,0.7629909515380859,-2.0899176597595215
pre_lmhead_contextual,en_100m__vs__en_zh_b,dragon->eagle,3.1660594940185547,0.7083947658538818,3.0430023670196533
pre_lmhead_contextual,en_100m__vs__en_zh_b,majority->minority,2.964449882507324,0.7068163156509399,1.5013039112091064
pre_lmhead_contextual,en_100m__vs__en_zh_b,tradition->modernity,2.8483612537384033,0.6767652630805969,2.0077812671661377
pre_lmhead_contextual,en_100m__vs__en_zh_b,sacred->secular,2.8269801139831543,0.6370640397071838,2.6723430156707764
pre_lmhead_contextual,en_100m__vs__en_zh_b,elder->youth,2.811385154724121,0.3985702097415924,2.6573636531829834
pre_lmhead_contextual,en_100m__vs__en_zh_b,taboo->permissive,2.7704849243164062,0.29907920956611633,-1.5294057130813599
pre_lmhead_contextual,en_100m__vs__en_zh_b,individualism->collectivism,2.681772470474243,0.6921011805534363,-0.9530831575393677
pre_lmhead_contextual,en_100m__vs__en_zh_b,conformity->dissent,2.6737589836120605,0.7838606834411621,1.5055912733078003
pre_lmhead_contextual,en_100m__vs__en_zh_b,formal->casual,2.4764750003814697,0.42248862981796265,1.9326893091201782
pre_lmhead_contextual,en_100m__vs__en_zh_b,homeland->migration,2.4717087745666504,0.5943923592567444,1.1073983907699585
pre_lmhead_contextual,en_100m__vs__en_zh_b,lunar->solar,2.46859073638916,0.8544472455978394,-2.3178324699401855
pre_lmhead_contextual,en_100m__vs__en_zh_b,ancestor->novelty,2.4567439556121826,0.7323572039604187,0.5432013273239136
pre_lmhead_contextual,en_100m__vs__en_zh_b,local->global,2.416313409805298,0.7493736743927002,-1.8470561504364014
pre_lmhead_contextual,en_100m__vs__en_zh_b,ornate->plain,2.302387237548828,0.3140797019004822,1.818651556968689
pre_lmhead_contextual,en_100m__vs__en_zh_b,ritual->routine,2.2367255687713623,0.712822437286377,-1.7160460948944092
pre_lmhead_contextual,en_100m__vs__en_zh_b,pilgrimage->tourism,2.2362751960754395,0.6366732716560364,0.27741724252700806
pre_lmhead_contextual,en_100m__vs__en_zh_b,kin->stranger,2.2072787284851074,0.3540538251399994,1.247962474822998
pre_lmhead_contextual,en_100m__vs__en_zh_b,customary->codified,2.192251682281494,0.45232197642326355,0.01709384098649025
pre_lmhead_contextual,en_100m__vs__en_zh_b,patronage->meritocracy,2.157792568206787,0.3748510181903839,-0.7906085252761841
pre_lmhead_contextual,en_100m__vs__en_zh_b,veiled->unveiled,2.01475191116333,0.3087567985057831,-0.5350432395935059
pre_lmhead_contextual,en_100m__vs__en_zh_b,rice->bread,1.9904804229736328,0.5837432742118835,-1.427068829536438
pre_lmhead_contextual,en_100m__vs__en_zh_b,script->image,1.8004623651504517,0.6908220648765564,0.732710599899292
pre_lmhead_contextual,en_100m__vs__en_zh_b,white->red,1.7966548204421997,0.42608651518821716,-0.9823641180992126
pre_lmhead_contextual,en_100m__vs__en_zh_b,mother->father,1.7504870891571045,0.5542715787887573,-1.0706655979156494
pre_lmhead_contextual,en_100m__vs__en_zh_b,modest->revealing,1.511873722076416,0.522292971611023,-0.4981895089149475
pre_lmhead_contextual,en_100m__vs__en_zh_b,black->gold,1.5010570287704468,0.34189653396606445,1.164148211479187
pre_lmhead_contextual,en_100m__vs__en_fr_a,uniform->personalized,8.400321006774902,0.8207252621650696,-7.192809581756592
pre_lmhead_contextual,en_100m__vs__en_fr_a,democracy->monarchy,7.133450031280518,0.8301490545272827,-7.07280158996582
pre_lmhead_contextual,en_100m__vs__en_fr_a,spicy->mild,6.948088645935059,0.767993152141571,-6.139571189880371
pre_lmhead_contextual,en_100m__vs__en_fr_a,federal->centralized,6.937012672424316,0.7300412058830261,6.934894561767578
pre_lmhead_contextual,en_100m__vs__en_fr_a,assimilation->pluralism,6.392617702484131,0.3964006304740906,6.183654308319092
pre_lmhead_contextual,en_100m__vs__en_fr_a,fasting->feasting,5.616184711456299,0.49444863200187683,-5.596860408782959
pre_lmhead_contextual,en_100m__vs__en_fr_a,clan->individual,5.546225070953369,0.722487211227417,5.529481887817383
pre_lmhead_contextual,en_100m__vs__en_fr_a,conformity->dissent,4.673765659332275,0.8860749006271362,3.2488081455230713
pre_lmhead_contextual,en_100m__vs__en_fr_a,fermented->fresh,4.660042762756348,0.5111898183822632,-4.63396692276001
pre_lmhead_contextual,en_100m__vs__en_fr_a,local->global,4.623476505279541,0.942594587802887,-4.571915149688721
pre_lmhead_contextual,en_100m__vs__en_fr_a,indigenous->diaspora,4.597579002380371,0.8878749012947083,-4.591921329498291
pre_lmhead_contextual,en_100m__vs__en_fr_a,mourning->celebration,4.507376194000244,0.7761238813400269,-4.29138708114624
pre_lmhead_contextual,en_100m__vs__en_fr_a,certainty->ambiguity,4.29172420501709,0.7217413187026978,3.8556129932403564
pre_lmhead_contextual,en_100m__vs__en_fr_a,homeland->migration,4.18994665145874,0.7033465504646301,2.7294862270355225
pre_lmhead_contextual,en_100m__vs__en_fr_a,tea->coffee,3.865431070327759,0.6538342237472534,3.7506260871887207
pre_lmhead_contextual,en_100m__vs__en_fr_a,restraint->indulgence,3.829414129257202,0.35244736075401306,-2.6016957759857178
pre_lmhead_contextual,en_100m__vs__en_fr_a,dragon->eagle,3.704637050628662,0.7355544567108154,3.603574275970459
pre_lmhead_contextual,en_100m__vs__en_fr_a,taboo->permissive,3.667976140975952,0.36202093958854675,-2.210249662399292
pre_lmhead_contextual,en_100m__vs__en_fr_a,vegetarian->meat,3.6569437980651855,0.5543259382247925,-3.5654287338256836
pre_lmhead_contextual,en_100m__vs__en_fr_a,individualism->collectivism,3.621264934539795,0.7917690873146057,-2.690483808517456
pre_lmhead_contextual,en_100m__vs__en_fr_a,prayer->reason,3.4955084323883057,0.45019984245300293,-3.351726531982422
pre_lmhead_contextual,en_100m__vs__en_fr_a,ornate->plain,3.398145914077759,0.4813022017478943,3.111419916152954
pre_lmhead_contextual,en_100m__vs__en_fr_a,sacred->secular,3.3477652072906494,0.8062939047813416,-0.38774374127388
pre_lmhead_contextual,en_100m__vs__en_fr_a,pilgrim->spectator,3.331239700317383,0.26556047797203064,3.1361522674560547
pre_lmhead_contextual,en_100m__vs__en_fr_a,kin->stranger,3.227555274963379,0.5080748200416565,3.0158941745758057
pre_lmhead_contextual,en_100m__vs__en_fr_a,ancestor->novelty,3.1549339294433594,0.7981736660003662,-0.210542693734169
pre_lmhead_contextual,en_100m__vs__en_fr_a,lineage->mobility,3.060068368911743,0.7659904956817627,0.636760950088501
pre_lmhead_contextual,en_100m__vs__en_fr_a,mother->father,3.0151655673980713,0.7935699820518494,-2.0824906826019287
pre_lmhead_contextual,en_100m__vs__en_fr_a,pilgrimage->tourism,2.9587974548339844,0.8213351368904114,2.728224039077759
pre_lmhead_contextual,en_100m__vs__en_fr_a,solidarity->competition,2.8026962280273438,0.5547673106193542,-1.9680298566818237
pre_lmhead_contextual,en_100m__vs__en_fr_a,authority->deliberation,2.7854256629943848,0.6059697270393372,2.5895285606384277
pre_lmhead_contextual,en_100m__vs__en_fr_a,obedience->autonomy,2.7787587642669678,0.4585169553756714,2.364497184753418
pre_lmhead_contextual,en_100m__vs__en_fr_a,lotus->rose,2.645263433456421,0.7436732053756714,-2.5877420902252197
pre_lmhead_contextual,en_100m__vs__en_fr_a,modest->revealing,2.4211692810058594,0.7093674540519714,-0.7192898988723755
pre_lmhead_contextual,en_100m__vs__en_fr_a,duty->freedom,2.352395534515381,0.7988852858543396,-1.2512972354888916
pre_lmhead_contextual,en_100m__vs__en_fr_a,hierarchy->equality,2.3386664390563965,0.6525703072547913,-0.45828455686569214
pre_lmhead_contextual,en_100m__vs__en_fr_a,veiled->unveiled,2.2381629943847656,0.3212426006793976,-1.5930495262145996
pre_lmhead_contextual,en_100m__vs__en_fr_a,elder->youth,2.2159218788146973,0.2726597487926483,1.472713589668274
pre_lmhead_contextual,en_100m__vs__en_fr_a,customary->codified,2.0691771507263184,0.43038585782051086,-0.9524189829826355
pre_lmhead_contextual,en_100m__vs__en_fr_a,lunar->solar,2.0648016929626465,0.5396932363510132,0.9118987321853638
pre_lmhead_contextual,en_100m__vs__en_fr_a,script->image,1.9253538846969604,0.6473063826560974,1.4618730545043945
pre_lmhead_contextual,en_100m__vs__en_fr_a,ritual->routine,1.879276156425476,0.5348691940307617,-0.22777684032917023
pre_lmhead_contextual,en_100m__vs__en_fr_a,honor->shame,1.8742314577102661,0.5127159357070923,0.04812861606478691
pre_lmhead_contextual,en_100m__vs__en_fr_a,patronage->meritocracy,1.812026023864746,0.34599336981773376,0.9124391078948975
pre_lmhead_contextual,en_100m__vs__en_fr_a,majority->minority,1.7431516647338867,0.4871772229671478,0.569890022277832
pre_lmhead_contextual,en_100m__vs__en_fr_a,formal->casual,1.592798113822937,0.2885110080242157,0.8882300853729248
pre_lmhead_contextual,en_100m__vs__en_fr_a,tradition->modernity,1.5648512840270996,0.5366770029067993,-0.3195118308067322
pre_lmhead_contextual,en_100m__vs__en_fr_a,black->gold,1.5632033348083496,0.2989813983440399,0.9671180248260498
pre_lmhead_contextual,en_100m__vs__en_fr_a,rice->bread,1.4216492176055908,0.3613443970680237,0.0715532898902893
pre_lmhead_contextual,en_100m__vs__en_fr_a,white->red,1.2232787609100342,0.273709774017334,0.45964306592941284
pre_lmhead_contextual,en_100m__vs__en_fr_b,uniform->personalized,8.837663650512695,0.9101733565330505,-8.228827476501465
pre_lmhead_contextual,en_100m__vs__en_fr_b,democracy->monarchy,7.646918296813965,0.8845093846321106,-7.631211757659912
pre_lmhead_contextual,en_100m__vs__en_fr_b,spicy->mild,7.631401062011719,0.9209159016609192,-7.535898208618164
pre_lmhead_contextual,en_100m__vs__en_fr_b,obedience->autonomy,6.8010735511779785,0.916787326335907,6.756667137145996
pre_lmhead_contextual,en_100m__vs__en_fr_b,fermented->fresh,6.5099005699157715,0.7833884358406067,-6.500200271606445
pre_lmhead_contextual,en_100m__vs__en_fr_b,clan->individual,6.223647594451904,0.821355402469635,6.219054698944092
pre_lmhead_contextual,en_100m__vs__en_fr_b,mourning->celebration,5.461974620819092,0.9112105369567871,-5.390751838684082
pre_lmhead_contextual,en_100m__vs__en_fr_b,federal->centralized,5.318899631500244,0.5356055498123169,5.27440881729126
pre_lmhead_contextual,en_100m__vs__en_fr_b,authority->deliberation,5.023326396942139,0.7417474985122681,4.9973297119140625
pre_lmhead_contextual,en_100m__vs__en_fr_b,assimilation->pluralism,4.8022990226745605,0.2982635498046875,4.67604923248291
pre_lmhead_contextual,en_100m__vs__en_fr_b,dragon->eagle,4.413463115692139,0.905759871006012,4.354610919952393
pre_lmhead_contextual,en_100m__vs__en_fr_b,lotus->rose,4.3201093673706055,0.9537463784217834,-4.319512844085693
pre_lmhead_contextual,en_100m__vs__en_fr_b,majority->minority,4.030765533447266,0.7882193326950073,2.3611068725585938
pre_lmhead_contextual,en_100m__vs__en_fr_b,customary->codified,3.7800533771514893,0.5120840668678284,3.695549726486206
pre_lmhead_contextual,en_100m__vs__en_fr_b,tradition->modernity,3.222909688949585,0.6551482677459717,-2.9966061115264893
pre_lmhead_contextual,en_100m__vs__en_fr_b,individualism->collectivism,3.2102978229522705,0.7836865782737732,-2.5528457164764404
pre_lmhead_contextual,en_100m__vs__en_fr_b,lineage->mobility,3.1256890296936035,0.7214502692222595,-2.3012771606445312
pre_lmhead_contextual,en_100m__vs__en_fr_b,ornate->plain,3.09342622756958,0.43492767214775085,2.7876293659210205
pre_lmhead_contextual,en_100m__vs__en_fr_b,homeland->migration,2.8682432174682617,0.6272838115692139,0.7906575798988342
pre_lmhead_contextual,en_100m__vs__en_fr_b,pilgrimage->tourism,2.723189115524292,0.6778667569160461,0.1137208566069603
pre_lmhead_contextual,en_100m__vs__en_fr_b,ancestor->novelty,2.700338363647461,0.6566225290298462,-1.8839411735534668
pre_lmhead_contextual,en_100m__vs__en_fr_b,elder->youth,2.667240619659424,0.29841017723083496,-0.13697701692581177
pre_lmhead_contextual,en_100m__vs__en_fr_b,hierarchy->equality,2.6381216049194336,0.7319072484970093,-0.0750017985701561
pre_lmhead_contextual,en_100m__vs__en_fr_b,vegetarian->meat,2.6070995330810547,0.3427339494228363,-1.8706755638122559
pre_lmhead_contextual,en_100m__vs__en_fr_b,solidarity->competition,2.562697172164917,0.541216254234314,-2.301527261734009
pre_lmhead_contextual,en_100m__vs__en_fr_b,modest->revealing,2.520045518875122,0.5978736281394958,-2.3779380321502686
pre_lmhead_contextual,en_100m__vs__en_fr_b,rice->bread,2.4944651126861572,0.5177919268608093,0.1803334355354309
pre_lmhead_contextual,en_100m__vs__en_fr_b,certainty->ambiguity,2.4791605472564697,0.37582671642303467,1.6023263931274414
pre_lmhead_contextual,en_100m__vs__en_fr_b,conformity->dissent,2.441727876663208,0.6699872016906738,0.7995697259902954
pre_lmhead_contextual,en_100m__vs__en_fr_b,veiled->unveiled,2.4400391578674316,0.32056835293769836,-2.1869301795959473
pre_lmhead_contextual,en_100m__vs__en_fr_b,black->gold,2.3329851627349854,0.5652962923049927,2.1416749954223633
pre_lmhead_contextual,en_100m__vs__en_fr_b,restraint->indulgence,2.2810094356536865,0.22256165742874146,-0.08027385175228119
pre_lmhead_contextual,en_100m__vs__en_fr_b,patronage->meritocracy,2.2538366317749023,0.39564135670661926,-0.6677320599555969
pre_lmhead_contextual,en_100m__vs__en_fr_b,formal->casual,2.2061192989349365,0.4195551872253418,2.031359910964966
pre_lmhead_contextual,en_100m__vs__en_fr_b,duty->freedom,2.1838555335998535,0.6619390249252319,0.06908776611089706
pre_lmhead_contextual,en_100m__vs__en_fr_b,sacred->secular,2.0697720050811768,0.665011465549469,0.5041685104370117
pre_lmhead_contextual,en_100m__vs__en_fr_b,prayer->reason,2.0097732543945312,0.23220625519752502,-1.2184574604034424
pre_lmhead_contextual,en_100m__vs__en_fr_b,indigenous->diaspora,1.9928897619247437,0.4597713053226471,-1.2859574556350708
pre_lmhead_contextual,en_100m__vs__en_fr_b,mother->father,1.9665828943252563,0.5563195943832397,-0.8657780885696411
pre_lmhead_contextual,en_100m__vs__en_fr_b,taboo->permissive,1.943941593170166,0.23067529499530792,-0.5878152847290039
pre_lmhead_contextual,en_100m__vs__en_fr_b,pilgrim->spectator,1.9428620338439941,0.14097009599208832,1.140685796737671
pre_lmhead_contextual,en_100m__vs__en_fr_b,fasting->feasting,1.8552863597869873,0.13507062196731567,-1.0866611003875732
pre_lmhead_contextual,en_100m__vs__en_fr_b,script->image,1.7963091135025024,0.7108612656593323,1.2047866582870483
pre_lmhead_contextual,en_100m__vs__en_fr_b,lunar->solar,1.7956624031066895,0.635536253452301,-1.231497883796692
pre_lmhead_contextual,en_100m__vs__en_fr_b,kin->stranger,1.7680286169052124,0.2777863144874573,-0.9522188305854797
pre_lmhead_contextual,en_100m__vs__en_fr_b,ritual->routine,1.7040053606033325,0.5152135491371155,-0.4132729470729828
pre_lmhead_contextual,en_100m__vs__en_fr_b,honor->shame,1.6433113813400269,0.4892140030860901,0.9715055227279663
pre_lmhead_contextual,en_100m__vs__en_fr_b,tea->coffee,1.572561502456665,0.21606899797916412,1.097578525543213
pre_lmhead_contextual,en_100m__vs__en_fr_b,white->red,1.564895749092102,0.37221643328666687,-0.7081905007362366
pre_lmhead_contextual,en_100m__vs__en_fr_b,local->global,1.306057333946228,0.47823309898376465,-1.0212310552597046
pre_lmhead_contextual,en_100m__vs__en_fas_a,federal->centralized,8.83251953125,0.8890018463134766,8.822890281677246
pre_lmhead_contextual,en_100m__vs__en_fas_a,certainty->ambiguity,8.11305046081543,0.9337881803512573,7.541579723358154
pre_lmhead_contextual,en_100m__vs__en_fas_a,spicy->mild,7.3196306228637695,0.8122402429580688,-6.819503307342529
pre_lmhead_contextual,en_100m__vs__en_fas_a,uniform->personalized,6.780776500701904,0.7685189247131348,-6.390120983123779
pre_lmhead_contextual,en_100m__vs__en_fas_a,prayer->reason,6.239316463470459,0.8576151728630066,-5.889776229858398
pre_lmhead_contextual,en_100m__vs__en_fas_a,assimilation->pluralism,6.1747727394104,0.4443109333515167,6.126140594482422
pre_lmhead_contextual,en_100m__vs__en_fas_a,democracy->monarchy,6.072485446929932,0.7660858035087585,-5.879481315612793
pre_lmhead_contextual,en_100m__vs__en_fas_a,fermented->fresh,5.942399501800537,0.6729176044464111,-5.931907653808594
pre_lmhead_contextual,en_100m__vs__en_fas_a,vegetarian->meat,5.393382549285889,0.8190985321998596,-5.3306684494018555
pre_lmhead_contextual,en_100m__vs__en_fas_a,homeland->migration,5.075501441955566,0.922204852104187,5.051685333251953
pre_lmhead_contextual,en_100m__vs__en_fas_a,obedience->autonomy,5.047488212585449,0.9260481595993042,5.033782005310059
pre_lmhead_contextual,en_100m__vs__en_fas_a,fasting->feasting,4.949132442474365,0.4271179735660553,-4.886629581451416
pre_lmhead_contextual,en_100m__vs__en_fas_a,rice->bread,4.855776309967041,0.9764653444290161,-4.723221778869629
pre_lmhead_contextual,en_100m__vs__en_fas_a,authority->deliberation,4.804788112640381,0.7107436656951904,4.716531276702881
pre_lmhead_contextual,en_100m__vs__en_fas_a,dragon->eagle,4.4083123207092285,0.8222655653953552,4.235721588134766
pre_lmhead_contextual,en_100m__vs__en_fas_a,mourning->celebration,4.3665547370910645,0.8044849038124084,-4.229711055755615
pre_lmhead_contextual,en_100m__vs__en_fas_a,lineage->mobility,4.117563247680664,0.8422266840934753,-2.4545090198516846
pre_lmhead_contextual,en_100m__vs__en_fas_a,ritual->routine,3.977609872817993,0.8810655474662781,-3.828993082046509
pre_lmhead_contextual,en_100m__vs__en_fas_a,taboo->permissive,3.8535468578338623,0.40514013171195984,-3.1309473514556885
pre_lmhead_contextual,en_100m__vs__en_fas_a,pilgrim->spectator,3.753765344619751,0.2891156077384949,3.6171422004699707
pre_lmhead_contextual,en_100m__vs__en_fas_a,solidarity->competition,3.705167770385742,0.8066744208335876,-3.4683284759521484
pre_lmhead_contextual,en_100m__vs__en_fas_a,conformity->dissent,3.6979150772094727,0.8546963930130005,3.382800817489624
pre_lmhead_contextual,en_100m__vs__en_fas_a,lotus->rose,3.6921138763427734,0.7905649542808533,-3.525010585784912
pre_lmhead_contextual,en_100m__vs__en_fas_a,clan->individual,3.596130847930908,0.5144346952438354,3.296013593673706
pre_lmhead_contextual,en_100m__vs__en_fas_a,majority->minority,3.471816301345825,0.6013026237487793,-0.7395572066307068
pre_lmhead_contextual,en_100m__vs__en_fas_a,honor->shame,3.3636293411254883,0.8746367692947388,2.3554799556732178
pre_lmhead_contextual,en_100m__vs__en_fas_a,hierarchy->equality,3.181255340576172,0.6762070059776306,-2.9272055625915527
pre_lmhead_contextual,en_100m__vs__en_fas_a,indigenous->diaspora,3.011772871017456,0.5516795516014099,-2.4420533180236816
pre_lmhead_contextual,en_100m__vs__en_fas_a,formal->casual,2.9223110675811768,0.5226025581359863,2.637165069580078
pre_lmhead_contextual,en_100m__vs__en_fas_a,tea->coffee,2.782233953475952,0.38139817118644714,1.9078809022903442
pre_lmhead_contextual,en_100m__vs__en_fas_a,restraint->indulgence,2.67789888381958,0.25671932101249695,-1.9772374629974365
pre_lmhead_contextual,en_100m__vs__en_fas_a,script->image,2.5397279262542725,0.5385632514953613,-2.1480188369750977
pre_lmhead_contextual,en_100m__vs__en_fas_a,patronage->meritocracy,2.4996719360351562,0.5113257765769958,0.8831917643547058
pre_lmhead_contextual,en_100m__vs__en_fas_a,sacred->secular,2.4880738258361816,0.7436602711677551,1.072519302368164
pre_lmhead_contextual,en_100m__vs__en_fas_a,individualism->collectivism,2.486315965652466,0.6663506031036377,-1.4100507497787476
pre_lmhead_contextual,en_100m__vs__en_fas_a,local->global,2.417314052581787,0.7764391899108887,-2.309480905532837
pre_lmhead_contextual,en_100m__vs__en_fas_a,duty->freedom,2.3682138919830322,0.7589804530143738,-1.38661789894104
pre_lmhead_contextual,en_100m__vs__en_fas_a,elder->youth,2.353536605834961,0.3147096633911133,2.177734851837158
pre_lmhead_contextual,en_100m__vs__en_fas_a,ancestor->novelty,2.2428300380706787,0.753812313079834,-0.5987707376480103
pre_lmhead_contextual,en_100m__vs__en_fas_a,lunar->solar,2.224815845489502,0.8081478476524353,-1.8436906337738037
pre_lmhead_contextual,en_100m__vs__en_fas_a,ornate->plain,2.1225414276123047,0.3027411103248596,1.4059449434280396
pre_lmhead_contextual,en_100m__vs__en_fas_a,kin->stranger,2.1093153953552246,0.32812708616256714,1.150681734085083
pre_lmhead_contextual,en_100m__vs__en_fas_a,pilgrimage->tourism,2.068979263305664,0.6125695705413818,0.36857476830482483
pre_lmhead_contextual,en_100m__vs__en_fas_a,white->red,2.035936117172241,0.4862912595272064,-1.152895212173462
pre_lmhead_contextual,en_100m__vs__en_fas_a,veiled->unveiled,1.9556738138198853,0.2892427444458008,-1.4575148820877075
pre_lmhead_contextual,en_100m__vs__en_fas_a,customary->codified,1.9428454637527466,0.38364022970199585,0.3797013461589813
pre_lmhead_contextual,en_100m__vs__en_fas_a,modest->revealing,1.7171014547348022,0.5363770723342896,-1.2182096242904663
pre_lmhead_contextual,en_100m__vs__en_fas_a,black->gold,1.5606991052627563,0.3303253650665283,0.6000994443893433
pre_lmhead_contextual,en_100m__vs__en_fas_a,mother->father,1.4484460353851318,0.37716734409332275,0.3177528381347656
pre_lmhead_contextual,en_100m__vs__en_fas_a,tradition->modernity,1.3529934883117676,0.42430952191352844,0.039435014128685
pre_lmhead_contextual,en_100m__vs__en_fas_b,democracy->monarchy,8.180818557739258,0.9788375496864319,-8.144303321838379
pre_lmhead_contextual,en_100m__vs__en_fas_b,vegetarian->meat,7.596759796142578,0.9481709003448486,-7.5884480476379395
pre_lmhead_contextual,en_100m__vs__en_fas_b,uniform->personalized,7.197841167449951,0.7743987441062927,-6.304074764251709
pre_lmhead_contextual,en_100m__vs__en_fas_b,spicy->mild,6.497444152832031,0.9003927707672119,-6.460261344909668
pre_lmhead_contextual,en_100m__vs__en_fas_b,certainty->ambiguity,6.4734110832214355,0.9617142081260681,6.391850471496582
pre_lmhead_contextual,en_100m__vs__en_fas_b,pilgrim->spectator,5.1785759925842285,0.4168729782104492,5.145798206329346
pre_lmhead_contextual,en_100m__vs__en_fas_b,authority->deliberation,5.137618064880371,0.7499756217002869,5.103316307067871
pre_lmhead_contextual,en_100m__vs__en_fas_b,kin->stranger,5.056020736694336,0.8371985554695129,4.301957130432129
pre_lmhead_contextual,en_100m__vs__en_fas_b,fermented->fresh,5.047070503234863,0.5364043712615967,-4.992847919464111
pre_lmhead_contextual,en_100m__vs__en_fas_b,assimilation->pluralism,5.0078911781311035,0.2887599468231201,4.705062389373779
pre_lmhead_contextual,en_100m__vs__en_fas_b,federal->centralized,4.911195278167725,0.4703512489795685,4.872855186462402
pre_lmhead_contextual,en_100m__vs__en_fas_b,veiled->unveiled,4.636059284210205,0.7616126537322998,4.427143573760986
pre_lmhead_contextual,en_100m__vs__en_fas_b,clan->individual,4.586724281311035,0.6775999069213867,4.5749969482421875
pre_lmhead_contextual,en_100m__vs__en_fas_b,tea->coffee,4.375927925109863,0.763005256652832,4.357158660888672
pre_lmhead_contextual,en_100m__vs__en_fas_b,ancestor->novelty,4.212618350982666,0.7202968001365662,3.3672351837158203
pre_lmhead_contextual,en_100m__vs__en_fas_b,ornate->plain,4.097249984741211,0.5703318119049072,4.032687664031982
pre_lmhead_contextual,en_100m__vs__en_fas_b,solidarity->competition,3.98484468460083,0.8445026874542236,-3.81536865234375
pre_lmhead_contextual,en_100m__vs__en_fas_b,local->global,3.721621036529541,0.9292189478874207,-3.674724817276001
pre_lmhead_contextual,en_100m__vs__en_fas_b,lunar->solar,3.695587396621704,0.8859022259712219,-3.498955726623535
pre_lmhead_contextual,en_100m__vs__en_fas_b,obedience->autonomy,3.6916682720184326,0.7057700753211975,3.6354868412017822
pre_lmhead_contextual,en_100m__vs__en_fas_b,fasting->feasting,3.656656265258789,0.28940898180007935,-3.5092718601226807
pre_lmhead_contextual,en_100m__vs__en_fas_b,majority->minority,3.642098903656006,0.6381542682647705,-0.1618076115846634
pre_lmhead_contextual,en_100m__vs__en_fas_b,taboo->permissive,3.428321361541748,0.37951356172561646,-2.8667774200439453
pre_lmhead_contextual,en_100m__vs__en_fas_b,formal->casual,3.4265267848968506,0.629024088382721,3.1286983489990234
pre_lmhead_contextual,en_100m__vs__en_fas_b,mourning->celebration,3.2947335243225098,0.5724756121635437,-2.7104790210723877
pre_lmhead_contextual,en_100m__vs__en_fas_b,indigenous->diaspora,3.1618998050689697,0.7168933153152466,-3.0019047260284424
pre_lmhead_contextual,en_100m__vs__en_fas_b,white->red,3.1474697589874268,0.8259289264678955,-2.598724126815796
pre_lmhead_contextual,en_100m__vs__en_fas_b,pilgrimage->tourism,3.12754487991333,0.6738234162330627,-0.4199015498161316
pre_lmhead_contextual,en_100m__vs__en_fas_b,hierarchy->equality,3.0946319103240967,0.7658900022506714,-1.8885737657546997
pre_lmhead_contextual,en_100m__vs__en_fas_b,restraint->indulgence,3.0404469966888428,0.2889130711555481,-2.3633952140808105
pre_lmhead_contextual,en_100m__vs__en_fas_b,prayer->reason,2.931631326675415,0.3323243260383606,-2.2259254455566406
pre_lmhead_contextual,en_100m__vs__en_fas_b,conformity->dissent,2.8924477100372314,0.8307143449783325,2.2168993949890137
pre_lmhead_contextual,en_100m__vs__en_fas_b,individualism->collectivism,2.7152035236358643,0.5764933228492737,0.5451061725616455
pre_lmhead_contextual,en_100m__vs__en_fas_b,duty->freedom,2.707901954650879,0.8330561518669128,-1.65085768699646
pre_lmhead_contextual,en_100m__vs__en_fas_b,rice->bread,2.6491823196411133,0.7749655842781067,-2.3827638626098633
pre_lmhead_contextual,en_100m__vs__en_fas_b,lineage->mobility,2.638261556625366,0.5674636960029602,2.1693129539489746
pre_lmhead_contextual,en_100m__vs__en_fas_b,mother->father,2.604673385620117,0.7940953969955444,-2.1927177906036377
pre_lmhead_contextual,en_100m__vs__en_fas_b,homeland->migration,2.51810359954834,0.5842475295066833,1.2425988912582397
pre_lmhead_contextual,en_100m__vs__en_fas_b,dragon->eagle,2.3647117614746094,0.43508610129356384,1.67226243019104
pre_lmhead_contextual,en_100m__vs__en_fas_b,script->image,2.2250609397888184,0.8393324613571167,1.9747549295425415
pre_lmhead_contextual,en_100m__vs__en_fas_b,patronage->meritocracy,2.1737022399902344,0.4401170611381531,1.2242047786712646
pre_lmhead_contextual,en_100m__vs__en_fas_b,modest->revealing,2.0788114070892334,0.7408165335655212,0.881691575050354
pre_lmhead_contextual,en_100m__vs__en_fas_b,honor->shame,2.0394468307495117,0.4852082431316376,-0.6244433522224426
pre_lmhead_contextual,en_100m__vs__en_fas_b,customary->codified,1.8405834436416626,0.40515875816345215,-0.4262186288833618
pre_lmhead_contextual,en_100m__vs__en_fas_b,elder->youth,1.6697221994400024,0.19311153888702393,0.9644742012023926
pre_lmhead_contextual,en_100m__vs__en_fas_b,sacred->secular,1.6163069009780884,0.5646398067474365,-0.3393968641757965
pre_lmhead_contextual,en_100m__vs__en_fas_b,ritual->routine,1.6012908220291138,0.41738656163215637,0.6370561718940735
pre_lmhead_contextual,en_100m__vs__en_fas_b,lotus->rose,1.4594372510910034,0.4119103252887726,-1.0100719928741455
pre_lmhead_contextual,en_100m__vs__en_fas_b,black->gold,1.3216513395309448,0.2558004856109619,0.8944735527038574
pre_lmhead_contextual,en_100m__vs__en_fas_b,tradition->modernity,1.2344588041305542,0.40756306052207947,-0.07109183073043823
pre_lmhead_contextual,en_100m__vs__en_nld_a,uniform->personalized,8.081610679626465,0.8310323357582092,-7.553726673126221
pre_lmhead_contextual,en_100m__vs__en_nld_a,democracy->monarchy,6.918529033660889,0.8684917092323303,-6.697141647338867
pre_lmhead_contextual,en_100m__vs__en_nld_a,federal->centralized,6.5925068855285645,0.6953793168067932,6.5925068855285645
pre_lmhead_contextual,en_100m__vs__en_nld_a,spicy->mild,6.382106781005859,0.8059850931167603,-6.186089992523193
pre_lmhead_contextual,en_100m__vs__en_nld_a,assimilation->pluralism,6.110607624053955,0.44048893451690674,6.101040363311768
pre_lmhead_contextual,en_100m__vs__en_nld_a,fasting->feasting,5.751219749450684,0.507987380027771,-5.73561429977417
pre_lmhead_contextual,en_100m__vs__en_nld_a,clan->individual,5.074707508087158,0.760447084903717,5.068915843963623
pre_lmhead_contextual,en_100m__vs__en_nld_a,kin->stranger,4.626871109008789,0.7467247247695923,4.271299839019775
pre_lmhead_contextual,en_100m__vs__en_nld_a,fermented->fresh,4.32870626449585,0.4309822916984558,-4.272210121154785
pre_lmhead_contextual,en_100m__vs__en_nld_a,tea->coffee,4.324382305145264,0.7404977083206177,4.289762496948242
pre_lmhead_contextual,en_100m__vs__en_nld_a,mother->father,4.180897235870361,0.9079115986824036,-4.008016109466553
pre_lmhead_contextual,en_100m__vs__en_nld_a,formal->casual,4.056698322296143,0.715791642665863,3.8631837368011475
pre_lmhead_contextual,en_100m__vs__en_nld_a,customary->codified,4.0219292640686035,0.5417340993881226,3.932593822479248
pre_lmhead_contextual,en_100m__vs__en_nld_a,taboo->permissive,3.937619686126709,0.4140116572380066,-2.6292505264282227
pre_lmhead_contextual,en_100m__vs__en_nld_a,mourning->celebration,3.8213207721710205,0.6687296032905579,-3.352039098739624
pre_lmhead_contextual,en_100m__vs__en_nld_a,lineage->mobility,3.7513186931610107,0.8488330245018005,-1.4950783252716064
pre_lmhead_contextual,en_100m__vs__en_nld_a,certainty->ambiguity,3.653964042663574,0.6146851181983948,3.1065313816070557
pre_lmhead_contextual,en_100m__vs__en_nld_a,majority->minority,3.453399896621704,0.582504153251648,-1.1101406812667847
pre_lmhead_contextual,en_100m__vs__en_nld_a,dragon->eagle,3.387145519256592,0.5804254412651062,2.523916244506836
pre_lmhead_contextual,en_100m__vs__en_nld_a,conformity->dissent,3.382331609725952,0.8580661416053772,2.9271533489227295
pre_lmhead_contextual,en_100m__vs__en_nld_a,vegetarian->meat,3.3599660396575928,0.4614863395690918,-3.0741889476776123
pre_lmhead_contextual,en_100m__vs__en_nld_a,sacred->secular,3.2246201038360596,0.768376350402832,-1.9754517078399658
pre_lmhead_contextual,en_100m__vs__en_nld_a,obedience->autonomy,3.0646581649780273,0.3627919852733612,-0.6767528057098389
pre_lmhead_contextual,en_100m__vs__en_nld_a,individualism->collectivism,2.998746156692505,0.7117505073547363,-0.9517132639884949
pre_lmhead_contextual,en_100m__vs__en_nld_a,honor->shame,2.9551568031311035,0.794362485408783,2.7073490619659424
pre_lmhead_contextual,en_100m__vs__en_nld_a,restraint->indulgence,2.791743755340576,0.2617463171482086,-1.0741102695465088
pre_lmhead_contextual,en_100m__vs__en_nld_a,tradition->modernity,2.7719478607177734,0.6265739798545837,-2.417954206466675
pre_lmhead_contextual,en_100m__vs__en_nld_a,modest->revealing,2.725674629211426,0.8091885447502136,0.9824215173721313
pre_lmhead_contextual,en_100m__vs__en_nld_a,authority->deliberation,2.639662981033325,0.5908494591712952,2.2225654125213623
pre_lmhead_contextual,en_100m__vs__en_nld_a,pilgrim->spectator,2.569596767425537,0.19638775289058685,2.2801709175109863
pre_lmhead_contextual,en_100m__vs__en_nld_a,indigenous->diaspora,2.436203718185425,0.49777090549468994,-1.713560938835144
pre_lmhead_contextual,en_100m__vs__en_nld_a,rice->bread,2.429091215133667,0.42187076807022095,1.706735372543335
pre_lmhead_contextual,en_100m__vs__en_nld_a,solidarity->competition,2.3614888191223145,0.451283723115921,-1.6066787242889404
pre_lmhead_contextual,en_100m__vs__en_nld_a,black->gold,2.3156659603118896,0.5689945220947266,2.2163333892822266
pre_lmhead_contextual,en_100m__vs__en_nld_a,duty->freedom,2.312222957611084,0.7457761168479919,-2.003241539001465
pre_lmhead_contextual,en_100m__vs__en_nld_a,elder->youth,2.2719485759735107,0.27816882729530334,1.6155102252960205
pre_lmhead_contextual,en_100m__vs__en_nld_a,homeland->migration,2.188645124435425,0.45506981015205383,-0.42687809467315674
pre_lmhead_contextual,en_100m__vs__en_nld_a,pilgrimage->tourism,2.116763114929199,0.661867082118988,1.0738331079483032
pre_lmhead_contextual,en_100m__vs__en_nld_a,prayer->reason,2.0936386585235596,0.2561573088169098,-1.734405755996704
pre_lmhead_contextual,en_100m__vs__en_nld_a,ancestor->novelty,1.9089775085449219,0.5704225897789001,-1.062390923500061
pre_lmhead_contextual,en_100m__vs__en_nld_a,patronage->meritocracy,1.830828070640564,0.34963932633399963,-0.20683228969573975
pre_lmhead_contextual,en_100m__vs__en_nld_a,ornate->plain,1.8256633281707764,0.26859959959983826,1.1990593671798706
pre_lmhead_contextual,en_100m__vs__en_nld_a,veiled->unveiled,1.8239612579345703,0.2881777882575989,-0.5042017102241516
pre_lmhead_contextual,en_100m__vs__en_nld_a,hierarchy->equality,1.6574583053588867,0.4930420219898224,0.015401199460029602
pre_lmhead_contextual,en_100m__vs__en_nld_a,script->image,1.5100781917572021,0.6459884643554688,0.8839518427848816
pre_lmhead_contextual,en_100m__vs__en_nld_a,ritual->routine,1.4158567190170288,0.4191904366016388,0.33357590436935425
pre_lmhead_contextual,en_100m__vs__en_nld_a,lunar->solar,1.406857967376709,0.6161461472511292,-0.9632818102836609
pre_lmhead_contextual,en_100m__vs__en_nld_a,local->global,1.3496149778366089,0.4498020112514496,-0.4118679165840149
pre_lmhead_contextual,en_100m__vs__en_nld_a,lotus->rose,1.3469351530075073,0.3300434648990631,-0.10312622040510178
pre_lmhead_contextual,en_100m__vs__en_nld_a,white->red,1.2727752923965454,0.2929481565952301,0.21682393550872803
pre_lmhead_contextual,en_100m__vs__en_nld_b,uniform->personalized,7.808588027954102,0.889756441116333,-7.598659992218018
pre_lmhead_contextual,en_100m__vs__en_nld_b,solidarity->competition,6.1588592529296875,0.924471914768219,-6.038917541503906
pre_lmhead_contextual,en_100m__vs__en_nld_b,honor->shame,5.6417412757873535,0.9334560632705688,4.486870288848877
pre_lmhead_contextual,en_100m__vs__en_nld_b,federal->centralized,5.526753902435303,0.5562363862991333,5.482451915740967
pre_lmhead_contextual,en_100m__vs__en_nld_b,fasting->feasting,5.257279872894287,0.46206262707710266,-5.2401251792907715
pre_lmhead_contextual,en_100m__vs__en_nld_b,democracy->monarchy,4.9925007820129395,0.6147586703300476,-4.980189323425293
pre_lmhead_contextual,en_100m__vs__en_nld_b,spicy->mild,4.7917890548706055,0.6023818850517273,-4.767185688018799
pre_lmhead_contextual,en_100m__vs__en_nld_b,lineage->mobility,4.650691509246826,0.8744077086448669,-1.9152514934539795
pre_lmhead_contextual,en_100m__vs__en_nld_b,hierarchy->equality,4.634076118469238,0.7792260646820068,2.1681957244873047
pre_lmhead_contextual,en_100m__vs__en_nld_b,fermented->fresh,4.620273113250732,0.4602980315685272,-4.516721725463867
pre_lmhead_contextual,en_100m__vs__en_nld_b,assimilation->pluralism,4.248537540435791,0.2696223855018616,4.192376136779785
pre_lmhead_contextual,en_100m__vs__en_nld_b,individualism->collectivism,4.074337959289551,0.777739405632019,-0.40895310044288635
pre_lmhead_contextual,en_100m__vs__en_nld_b,duty->freedom,3.9176888465881348,0.8390078544616699,-3.8043642044067383
pre_lmhead_contextual,en_100m__vs__en_nld_b,clan->individual,3.853461980819702,0.558808445930481,3.6500918865203857
pre_lmhead_contextual,en_100m__vs__en_nld_b,authority->deliberation,3.716874837875366,0.6926175355911255,3.615703821182251
pre_lmhead_contextual,en_100m__vs__en_nld_b,tea->coffee,3.712829113006592,0.5952505469322205,3.570024013519287
pre_lmhead_contextual,en_100m__vs__en_nld_b,dragon->eagle,3.6427855491638184,0.4965468645095825,0.12830163538455963
pre_lmhead_contextual,en_100m__vs__en_nld_b,ancestor->novelty,3.5987377166748047,0.7192138433456421,-3.4534988403320312
pre_lmhead_contextual,en_100m__vs__en_nld_b,veiled->unveiled,3.4353177547454834,0.3857229948043823,-3.3964457511901855
pre_lmhead_contextual,en_100m__vs__en_nld_b,majority->minority,3.273613214492798,0.7076166868209839,1.395693302154541
pre_lmhead_contextual,en_100m__vs__en_nld_b,pilgrim->spectator,3.2631940841674805,0.26579076051712036,3.1419570446014404
pre_lmhead_contextual,en_100m__vs__en_nld_b,conformity->dissent,3.238034725189209,0.8758048415184021,2.1465816497802734
pre_lmhead_contextual,en_100m__vs__en_nld_b,vegetarian->meat,3.188154697418213,0.4473649859428406,-2.9130513668060303
pre_lmhead_contextual,en_100m__vs__en_nld_b,homeland->migration,3.1380670070648193,0.5686408877372742,-0.6705418229103088
pre_lmhead_contextual,en_100m__vs__en_nld_b,elder->youth,3.115783929824829,0.34919074177742004,0.5144688487052917
pre_lmhead_contextual,en_100m__vs__en_nld_b,kin->stranger,3.038961410522461,0.4663262963294983,2.8580102920532227
pre_lmhead_contextual,en_100m__vs__en_nld_b,pilgrimage->tourism,3.0224897861480713,0.680627703666687,-0.16295838356018066
pre_lmhead_contextual,en_100m__vs__en_nld_b,obedience->autonomy,3.001619577407837,0.5269191265106201,2.7293941974639893
pre_lmhead_contextual,en_100m__vs__en_nld_b,prayer->reason,2.756068468093872,0.3224791884422302,-2.4034483432769775
pre_lmhead_contextual,en_100m__vs__en_nld_b,customary->codified,2.6752219200134277,0.4409155249595642,2.326505661010742
pre_lmhead_contextual,en_100m__vs__en_nld_b,certainty->ambiguity,2.563018560409546,0.4063165783882141,1.7631906270980835
pre_lmhead_contextual,en_100m__vs__en_nld_b,patronage->meritocracy,2.5587329864501953,0.49494096636772156,0.055310484021902084
pre_lmhead_contextual,en_100m__vs__en_nld_b,restraint->indulgence,2.5584042072296143,0.2566162049770355,-1.8963301181793213
pre_lmhead_contextual,en_100m__vs__en_nld_b,sacred->secular,2.5043838024139404,0.6578649878501892,-1.9563323259353638
pre_lmhead_contextual,en_100m__vs__en_nld_b,taboo->permissive,2.4224958419799805,0.2628444731235504,-1.668539047241211
pre_lmhead_contextual,en_100m__vs__en_nld_b,indigenous->diaspora,2.3831279277801514,0.5126602649688721,-1.74152410030365
pre_lmhead_contextual,en_100m__vs__en_nld_b,mother->father,2.323378801345825,0.4196319580078125,1.9420512914657593
pre_lmhead_contextual,en_100m__vs__en_nld_b,ornate->plain,2.1645495891571045,0.2500174939632416,-1.2280319929122925
pre_lmhead_contextual,en_100m__vs__en_nld_b,rice->bread,2.1516213417053223,0.4711898863315582,0.3049933612346649
pre_lmhead_contextual,en_100m__vs__en_nld_b,lunar->solar,2.1233761310577393,0.5393953919410706,1.2484279870986938
pre_lmhead_contextual,en_100m__vs__en_nld_b,white->red,2.0891051292419434,0.526722252368927,-1.4555044174194336
pre_lmhead_contextual,en_100m__vs__en_nld_b,mourning->celebration,2.012195348739624,0.3609692454338074,-1.1000117063522339
pre_lmhead_contextual,en_100m__vs__en_nld_b,formal->casual,1.9640779495239258,0.348776251077652,1.508080005645752
pre_lmhead_contextual,en_100m__vs__en_nld_b,lotus->rose,1.757630467414856,0.5257696509361267,-1.516891598701477
pre_lmhead_contextual,en_100m__vs__en_nld_b,ritual->routine,1.541492223739624,0.4820448160171509,-0.731449544429779
pre_lmhead_contextual,en_100m__vs__en_nld_b,script->image,1.3754628896713257,0.5416037440299988,0.2447492480278015
pre_lmhead_contextual,en_100m__vs__en_nld_b,local->global,1.3715604543685913,0.4561941623687744,-0.8094559907913208
pre_lmhead_contextual,en_100m__vs__en_nld_b,modest->revealing,1.330430030822754,0.46570178866386414,-0.6332117915153503
pre_lmhead_contextual,en_100m__vs__en_nld_b,black->gold,1.317339301109314,0.22462311387062073,-0.69111168384552
pre_lmhead_contextual,en_100m__vs__en_nld_b,tradition->modernity,1.175777792930603,0.40664035081863403,-0.12945841252803802
pre_lmhead_contextual,en_100m__vs__en_ukr_a,spicy->mild,11.76259994506836,0.991222083568573,-11.757695198059082
pre_lmhead_contextual,en_100m__vs__en_ukr_a,federal->centralized,11.156693458557129,0.9716722369194031,11.156693458557129
pre_lmhead_contextual,en_100m__vs__en_ukr_a,uniform->personalized,7.8680195808410645,0.8728557229042053,-7.395326137542725
pre_lmhead_contextual,en_100m__vs__en_ukr_a,conformity->dissent,7.185853004455566,0.9221623539924622,7.040234565734863
pre_lmhead_contextual,en_100m__vs__en_ukr_a,ancestor->novelty,7.081999778747559,0.8454740047454834,-7.056835651397705
pre_lmhead_contextual,en_100m__vs__en_ukr_a,authority->deliberation,6.9856367111206055,0.809301495552063,6.9758124351501465
pre_lmhead_contextual,en_100m__vs__en_ukr_a,dragon->eagle,6.388588905334473,0.9797623157501221,6.387516975402832
pre_lmhead_contextual,en_100m__vs__en_ukr_a,clan->individual,6.281016826629639,0.8326933979988098,6.275738716125488
pre_lmhead_contextual,en_100m__vs__en_ukr_a,vegetarian->meat,6.19437313079834,0.9072603583335876,-6.153494834899902
pre_lmhead_contextual,en_100m__vs__en_ukr_a,taboo->permissive,6.132055282592773,0.7422685027122498,-5.3666863441467285
pre_lmhead_contextual,en_100m__vs__en_ukr_a,assimilation->pluralism,5.331962585449219,0.32456958293914795,5.185790061950684
pre_lmhead_contextual,en_100m__vs__en_ukr_a,fasting->feasting,5.026169776916504,0.43727409839630127,-5.003350257873535
pre_lmhead_contextual,en_100m__vs__en_ukr_a,tea->coffee,5.004076957702637,0.867697536945343,5.000009059906006
pre_lmhead_contextual,en_100m__vs__en_ukr_a,solidarity->competition,4.804937362670898,0.7530981302261353,-3.6795942783355713
pre_lmhead_contextual,en_100m__vs__en_ukr_a,certainty->ambiguity,4.646022319793701,0.8088815212249756,4.315159797668457
pre_lmhead_contextual,en_100m__vs__en_ukr_a,pilgrim->spectator,4.348156452178955,0.3572949469089508,4.298774719238281
pre_lmhead_contextual,en_100m__vs__en_ukr_a,white->red,4.322655200958252,0.48645874857902527,4.263158321380615
pre_lmhead_contextual,en_100m__vs__en_ukr_a,homeland->migration,4.26135778427124,0.8748236298561096,4.121208190917969
pre_lmhead_contextual,en_100m__vs__en_ukr_a,rice->bread,4.259451389312744,0.5129452347755432,4.2052130699157715
pre_lmhead_contextual,en_100m__vs__en_ukr_a,democracy->monarchy,4.222495079040527,0.4561740756034851,-3.771247148513794
pre_lmhead_contextual,en_100m__vs__en_ukr_a,lineage->mobility,3.525709867477417,0.7890170812606812,-1.8329520225524902
pre_lmhead_contextual,en_100m__vs__en_ukr_a,hierarchy->equality,3.509474754333496,0.7591454982757568,0.9390051960945129
pre_lmhead_contextual,en_100m__vs__en_ukr_a,individualism->collectivism,3.403960943222046,0.5625893473625183,2.266730308532715
pre_lmhead_contextual,en_100m__vs__en_ukr_a,mourning->celebration,3.398193120956421,0.5814499258995056,-2.8823251724243164
pre_lmhead_contextual,en_100m__vs__en_ukr_a,obedience->autonomy,3.266840934753418,0.618095338344574,3.0877890586853027
pre_lmhead_contextual,en_100m__vs__en_ukr_a,majority->minority,3.261566638946533,0.8097635507583618,2.9411463737487793
pre_lmhead_contextual,en_100m__vs__en_ukr_a,lotus->rose,3.215501308441162,0.8423225283622742,-3.199496030807495
pre_lmhead_contextual,en_100m__vs__en_ukr_a,indigenous->diaspora,3.0048482418060303,0.48158684372901917,-1.1317895650863647
pre_lmhead_contextual,en_100m__vs__en_ukr_a,fermented->fresh,2.8557446002960205,0.2624850869178772,-2.7679531574249268
pre_lmhead_contextual,en_100m__vs__en_ukr_a,mother->father,2.6397430896759033,0.7321213483810425,-1.3566396236419678
pre_lmhead_contextual,en_100m__vs__en_ukr_a,script->image,2.5697875022888184,0.7583792209625244,2.191002368927002
pre_lmhead_contextual,en_100m__vs__en_ukr_a,restraint->indulgence,2.5063068866729736,0.24537484347820282,-1.6605417728424072
pre_lmhead_contextual,en_100m__vs__en_ukr_a,local->global,2.484102249145508,0.7393441200256348,-2.2132227420806885
pre_lmhead_contextual,en_100m__vs__en_ukr_a,formal->casual,2.4794976711273193,0.4742245376110077,2.1027140617370605
pre_lmhead_contextual,en_100m__vs__en_ukr_a,prayer->reason,2.425753355026245,0.2908487617969513,-2.1279287338256836
pre_lmhead_contextual,en_100m__vs__en_ukr_a,sacred->secular,2.3724687099456787,0.7423232197761536,-1.035129427909851
pre_lmhead_contextual,en_100m__vs__en_ukr_a,honor->shame,2.3548049926757812,0.6544392108917236,0.5896057486534119
pre_lmhead_contextual,en_100m__vs__en_ukr_a,pilgrimage->tourism,2.2955760955810547,0.6646149754524231,0.5853583216667175
pre_lmhead_contextual,en_100m__vs__en_ukr_a,modest->revealing,2.2580883502960205,0.6587558388710022,0.7828283905982971
pre_lmhead_contextual,en_100m__vs__en_ukr_a,ritual->routine,2.179882049560547,0.6742713451385498,-1.8560776710510254
pre_lmhead_contextual,en_100m__vs__en_ukr_a,duty->freedom,2.16790771484375,0.6746939420700073,0.10102168470621109
pre_lmhead_contextual,en_100m__vs__en_ukr_a,elder->youth,1.9800769090652466,0.25322696566581726,1.1945788860321045
pre_lmhead_contextual,en_100m__vs__en_ukr_a,patronage->meritocracy,1.9493298530578613,0.3586984872817993,0.2547619342803955
pre_lmhead_contextual,en_100m__vs__en_ukr_a,kin->stranger,1.9490363597869873,0.31733620166778564,0.5810486078262329
pre_lmhead_contextual,en_100m__vs__en_ukr_a,customary->codified,1.8564441204071045,0.3851621150970459,-0.22856219112873077
pre_lmhead_contextual,en_100m__vs__en_ukr_a,ornate->plain,1.7010598182678223,0.22837920486927032,-0.40219008922576904
pre_lmhead_contextual,en_100m__vs__en_ukr_a,lunar->solar,1.583109736442566,0.5959678888320923,-0.4050586521625519
pre_lmhead_contextual,en_100m__vs__en_ukr_a,veiled->unveiled,1.5735487937927246,0.245579794049263,0.37138640880584717
pre_lmhead_contextual,en_100m__vs__en_ukr_a,tradition->modernity,1.4336296319961548,0.4368429481983185,-0.0603768453001976
pre_lmhead_contextual,en_100m__vs__en_ukr_a,black->gold,1.3717225790023804,0.26926594972610474,0.3974660038948059
pre_lmhead_contextual,en_100m__vs__en_ukr_b,democracy->monarchy,8.036676406860352,0.9621960520744324,-8.031671524047852
pre_lmhead_contextual,en_100m__vs__en_ukr_b,federal->centralized,7.938862323760986,0.7764602899551392,7.918883323669434
pre_lmhead_contextual,en_100m__vs__en_ukr_b,uniform->personalized,7.541139602661133,0.7927498817443848,-6.274928569793701
pre_lmhead_contextual,en_100m__vs__en_ukr_b,vegetarian->meat,6.489958763122559,0.8276976346969604,-6.430508136749268
pre_lmhead_contextual,en_100m__vs__en_ukr_b,spicy->mild,5.793671131134033,0.7301468253135681,-5.749997615814209
pre_lmhead_contextual,en_100m__vs__en_ukr_b,clan->individual,5.67025899887085,0.8021141290664673,5.6582112312316895
pre_lmhead_contextual,en_100m__vs__en_ukr_b,authority->deliberation,5.098720550537109,0.7043969631195068,4.934728622436523
pre_lmhead_contextual,en_100m__vs__en_ukr_b,majority->minority,4.800572872161865,0.8910633325576782,4.644406318664551
pre_lmhead_contextual,en_100m__vs__en_ukr_b,mourning->celebration,4.757065773010254,0.8215557336807251,-4.691504001617432
pre_lmhead_contextual,en_100m__vs__en_ukr_b,fasting->feasting,4.620049953460693,0.39101171493530273,-4.572209358215332
pre_lmhead_contextual,en_100m__vs__en_ukr_b,obedience->autonomy,4.609129905700684,0.8465326428413391,4.575244903564453
pre_lmhead_contextual,en_100m__vs__en_ukr_b,pilgrim->spectator,4.042739391326904,0.3337309658527374,4.000924110412598
pre_lmhead_contextual,en_100m__vs__en_ukr_b,certainty->ambiguity,3.8383500576019287,0.6871391534805298,3.7732720375061035
pre_lmhead_contextual,en_100m__vs__en_ukr_b,fermented->fresh,3.750699758529663,0.37378042936325073,-3.692014694213867
pre_lmhead_contextual,en_100m__vs__en_ukr_b,assimilation->pluralism,3.730041742324829,0.26400792598724365,3.68190598487854
pre_lmhead_contextual,en_100m__vs__en_ukr_b,homeland->migration,3.723253011703491,0.673704206943512,0.7772689461708069
pre_lmhead_contextual,en_100m__vs__en_ukr_b,lineage->mobility,3.6069788932800293,0.753742516040802,-3.031625509262085
pre_lmhead_contextual,en_100m__vs__en_ukr_b,pilgrimage->tourism,3.51151442527771,0.7958245873451233,3.120016574859619
pre_lmhead_contextual,en_100m__vs__en_ukr_b,solidarity->competition,3.4823920726776123,0.7026545405387878,-3.1375370025634766
pre_lmhead_contextual,en_100m__vs__en_ukr_b,taboo->permissive,3.3581738471984863,0.38178595900535583,-2.8890585899353027
pre_lmhead_contextual,en_100m__vs__en_ukr_b,hierarchy->equality,3.3372793197631836,0.6609550714492798,-3.1446282863616943
pre_lmhead_contextual,en_100m__vs__en_ukr_b,script->image,3.3066248893737793,0.8451111912727356,2.3324525356292725
pre_lmhead_contextual,en_100m__vs__en_ukr_b,ancestor->novelty,3.3047046661376953,0.765001118183136,-2.3237318992614746
pre_lmhead_contextual,en_100m__vs__en_ukr_b,indigenous->diaspora,2.958132266998291,0.5921118259429932,-2.5780084133148193
pre_lmhead_contextual,en_100m__vs__en_ukr_b,individualism->collectivism,2.9206910133361816,0.6994807124137878,-0.9307882189750671
pre_lmhead_contextual,en_100m__vs__en_ukr_b,prayer->reason,2.843186616897583,0.32556211948394775,-2.048445701599121
pre_lmhead_contextual,en_100m__vs__en_ukr_b,formal->casual,2.7874064445495605,0.49890434741973877,2.6660244464874268
pre_lmhead_contextual,en_100m__vs__en_ukr_b,ritual->routine,2.7780239582061768,0.7115229368209839,-0.633991003036499
pre_lmhead_contextual,en_100m__vs__en_ukr_b,dragon->eagle,2.7529983520507812,0.5491180419921875,2.476168632507324
pre_lmhead_contextual,en_100m__vs__en_ukr_b,local->global,2.7318789958953857,0.8052045106887817,-2.4522364139556885
pre_lmhead_contextual,en_100m__vs__en_ukr_b,conformity->dissent,2.722444534301758,0.7768428921699524,1.3638408184051514
pre_lmhead_contextual,en_100m__vs__en_ukr_b,patronage->meritocracy,2.571531057357788,0.5312892198562622,1.1436281204223633
pre_lmhead_contextual,en_100m__vs__en_ukr_b,honor->shame,2.567840814590454,0.7173207998275757,1.0345430374145508
pre_lmhead_contextual,en_100m__vs__en_ukr_b,mother->father,2.5272841453552246,0.6739069223403931,-2.199155330657959
pre_lmhead_contextual,en_100m__vs__en_ukr_b,duty->freedom,2.5050597190856934,0.6887614727020264,0.4536387622356415
pre_lmhead_contextual,en_100m__vs__en_ukr_b,tea->coffee,2.489936113357544,0.34773918986320496,2.073634386062622
pre_lmhead_contextual,en_100m__vs__en_ukr_b,elder->youth,2.374453067779541,0.3072150647640228,1.290803074836731
pre_lmhead_contextual,en_100m__vs__en_ukr_b,restraint->indulgence,2.177084445953369,0.2260638177394867,-1.271484613418579
pre_lmhead_contextual,en_100m__vs__en_ukr_b,customary->codified,1.8810906410217285,0.3485085964202881,0.9739691615104675
pre_lmhead_contextual,en_100m__vs__en_ukr_b,veiled->unveiled,1.8541475534439087,0.2920198440551758,1.1640383005142212
pre_lmhead_contextual,en_100m__vs__en_ukr_b,sacred->secular,1.838302731513977,0.6438056826591492,-0.6350665092468262
pre_lmhead_contextual,en_100m__vs__en_ukr_b,tradition->modernity,1.8257842063903809,0.5267143845558167,0.02782302163541317
pre_lmhead_contextual,en_100m__vs__en_ukr_b,ornate->plain,1.690967321395874,0.24739031493663788,0.5731719732284546
pre_lmhead_contextual,en_100m__vs__en_ukr_b,lotus->rose,1.6530958414077759,0.5170968770980835,-1.4160195589065552
pre_lmhead_contextual,en_100m__vs__en_ukr_b,kin->stranger,1.635608196258545,0.26019397377967834,0.46914634108543396
pre_lmhead_contextual,en_100m__vs__en_ukr_b,rice->bread,1.469012975692749,0.4721682667732239,-0.6469631195068359
pre_lmhead_contextual,en_100m__vs__en_ukr_b,black->gold,1.419124960899353,0.25721442699432373,0.45817452669143677
pre_lmhead_contextual,en_100m__vs__en_ukr_b,lunar->solar,1.3482153415679932,0.4648800194263458,0.32224854826927185
pre_lmhead_contextual,en_100m__vs__en_ukr_b,modest->revealing,1.251705527305603,0.477820485830307,0.36303064227104187
pre_lmhead_contextual,en_100m__vs__en_ukr_b,white->red,1.215446949005127,0.30005720257759094,-0.6483484506607056
pre_lmhead_contextual,en_100m__vs__en_bul_a,democracy->monarchy,7.783343315124512,0.9484674334526062,-7.780043125152588
pre_lmhead_contextual,en_100m__vs__en_bul_a,uniform->personalized,7.6573896408081055,0.736068844795227,-6.176190376281738
pre_lmhead_contextual,en_100m__vs__en_bul_a,certainty->ambiguity,7.1584296226501465,0.958010196685791,7.14945125579834
pre_lmhead_contextual,en_100m__vs__en_bul_a,clan->individual,6.204583168029785,0.7838011980056763,6.17604398727417
pre_lmhead_contextual,en_100m__vs__en_bul_a,federal->centralized,6.072758674621582,0.6229956150054932,6.051590919494629
pre_lmhead_contextual,en_100m__vs__en_bul_a,obedience->autonomy,5.664522647857666,0.9503844976425171,5.652323246002197
pre_lmhead_contextual,en_100m__vs__en_bul_a,vegetarian->meat,5.5823259353637695,0.7781162858009338,-5.384269714355469
pre_lmhead_contextual,en_100m__vs__en_bul_a,fermented->fresh,5.56795072555542,0.6305684447288513,-5.559044361114502
pre_lmhead_contextual,en_100m__vs__en_bul_a,fasting->feasting,5.431690216064453,0.49318844079971313,-5.362347602844238
pre_lmhead_contextual,en_100m__vs__en_bul_a,conformity->dissent,5.327869415283203,0.9031888842582703,5.226634502410889
pre_lmhead_contextual,en_100m__vs__en_bul_a,spicy->mild,5.057760715484619,0.6104661226272583,-4.9469404220581055
pre_lmhead_contextual,en_100m__vs__en_bul_a,dragon->eagle,5.027413845062256,0.7877864837646484,4.6670331954956055
pre_lmhead_contextual,en_100m__vs__en_bul_a,authority->deliberation,4.922690391540527,0.7302181124687195,4.9058098793029785
pre_lmhead_contextual,en_100m__vs__en_bul_a,pilgrim->spectator,4.920780181884766,0.39481088519096375,4.8766584396362305
pre_lmhead_contextual,en_100m__vs__en_bul_a,formal->casual,4.730903148651123,0.7896949648857117,4.491990089416504
pre_lmhead_contextual,en_100m__vs__en_bul_a,taboo->permissive,4.663438320159912,0.5264418721199036,-4.103674411773682
pre_lmhead_contextual,en_100m__vs__en_bul_a,assimilation->pluralism,4.288693428039551,0.2415386289358139,4.025641918182373
pre_lmhead_contextual,en_100m__vs__en_bul_a,mourning->celebration,3.9340856075286865,0.7009944319725037,-3.7627005577087402
pre_lmhead_contextual,en_100m__vs__en_bul_a,pilgrimage->tourism,3.670254707336426,0.7124342322349548,-0.4695436954498291
pre_lmhead_contextual,en_100m__vs__en_bul_a,indigenous->diaspora,3.3528060913085938,0.6360260844230652,-2.6462714672088623
pre_lmhead_contextual,en_100m__vs__en_bul_a,duty->freedom,3.2462286949157715,0.8193485736846924,-2.4308695793151855
pre_lmhead_contextual,en_100m__vs__en_bul_a,homeland->migration,3.0173823833465576,0.5544818043708801,-0.45197179913520813
pre_lmhead_contextual,en_100m__vs__en_bul_a,local->global,2.9563558101654053,0.8186518549919128,-2.8458573818206787
pre_lmhead_contextual,en_100m__vs__en_bul_a,elder->youth,2.941594123840332,0.4221135973930359,2.757272243499756
pre_lmhead_contextual,en_100m__vs__en_bul_a,tea->coffee,2.8241593837738037,0.44205689430236816,2.7458603382110596
pre_lmhead_contextual,en_100m__vs__en_bul_a,solidarity->competition,2.781954526901245,0.5845401287078857,-2.7125160694122314
pre_lmhead_contextual,en_100m__vs__en_bul_a,sacred->secular,2.7524073123931885,0.6610397100448608,-2.2602972984313965
pre_lmhead_contextual,en_100m__vs__en_bul_a,ancestor->novelty,2.7521469593048096,0.6351189613342285,-1.4750584363937378
pre_lmhead_contextual,en_100m__vs__en_bul_a,lunar->solar,2.715707540512085,0.5503750443458557,2.524059534072876
pre_lmhead_contextual,en_100m__vs__en_bul_a,prayer->reason,2.678032875061035,0.3048938512802124,-1.861472725868225
pre_lmhead_contextual,en_100m__vs__en_bul_a,mother->father,2.6242077350616455,0.7463446259498596,-2.4772462844848633
pre_lmhead_contextual,en_100m__vs__en_bul_a,honor->shame,2.470956563949585,0.6247029900550842,1.2117136716842651
pre_lmhead_contextual,en_100m__vs__en_bul_a,majority->minority,2.3587450981140137,0.5900647640228271,2.0286717414855957
pre_lmhead_contextual,en_100m__vs__en_bul_a,ritual->routine,2.3143107891082764,0.5041956901550293,0.8758413791656494
pre_lmhead_contextual,en_100m__vs__en_bul_a,restraint->indulgence,2.248084306716919,0.22506186366081238,-1.3258928060531616
pre_lmhead_contextual,en_100m__vs__en_bul_a,lineage->mobility,2.2271289825439453,0.5436661243438721,-1.054960012435913
pre_lmhead_contextual,en_100m__vs__en_bul_a,hierarchy->equality,2.2107646465301514,0.6447464823722839,0.42808783054351807
pre_lmhead_contextual,en_100m__vs__en_bul_a,ornate->plain,2.031906843185425,0.2814730703830719,1.0212568044662476
pre_lmhead_contextual,en_100m__vs__en_bul_a,rice->bread,1.9154675006866455,0.416969358921051,0.5716661214828491
pre_lmhead_contextual,en_100m__vs__en_bul_a,veiled->unveiled,1.7424366474151611,0.26287561655044556,-1.0392709970474243
pre_lmhead_contextual,en_100m__vs__en_bul_a,patronage->meritocracy,1.7014139890670776,0.33203011751174927,-0.15782439708709717
pre_lmhead_contextual,en_100m__vs__en_bul_a,customary->codified,1.6971848011016846,0.3611427843570709,-0.16140231490135193
pre_lmhead_contextual,en_100m__vs__en_bul_a,kin->stranger,1.6744582653045654,0.28169453144073486,0.16515886783599854
pre_lmhead_contextual,en_100m__vs__en_bul_a,script->image,1.6602320671081543,0.49617505073547363,-0.34773245453834534
pre_lmhead_contextual,en_100m__vs__en_bul_a,lotus->rose,1.6418730020523071,0.3882054388523102,0.04719088599085808
pre_lmhead_contextual,en_100m__vs__en_bul_a,black->gold,1.5760772228240967,0.35762497782707214,1.3148025274276733
pre_lmhead_contextual,en_100m__vs__en_bul_a,tradition->modernity,1.532813310623169,0.43818339705467224,-0.2857716679573059
pre_lmhead_contextual,en_100m__vs__en_bul_a,individualism->collectivism,1.425403356552124,0.44163548946380615,-0.09531329572200775
pre_lmhead_contextual,en_100m__vs__en_bul_a,modest->revealing,1.4225578308105469,0.5389891266822815,0.3729315400123596
pre_lmhead_contextual,en_100m__vs__en_bul_a,white->red,1.3394204378128052,0.32617735862731934,-0.2803955078125
pre_lmhead_contextual,en_100m__vs__en_bul_b,spicy->mild,8.191221237182617,0.9840993881225586,-8.190056800842285
pre_lmhead_contextual,en_100m__vs__en_bul_b,certainty->ambiguity,7.626461505889893,0.9644243121147156,7.589413166046143
pre_lmhead_contextual,en_100m__vs__en_bul_b,uniform->personalized,7.482222080230713,0.7561847567558289,-6.2450127601623535
pre_lmhead_contextual,en_100m__vs__en_bul_b,federal->centralized,7.288519382476807,0.7217224836349487,7.255600929260254
pre_lmhead_contextual,en_100m__vs__en_bul_b,clan->individual,6.730071067810059,0.8900640606880188,6.730071067810059
pre_lmhead_contextual,en_100m__vs__en_bul_b,solidarity->competition,6.250133991241455,0.9154787659645081,-6.1332268714904785
pre_lmhead_contextual,en_100m__vs__en_bul_b,vegetarian->meat,4.950105667114258,0.7618440985679626,-4.8319292068481445
pre_lmhead_contextual,en_100m__vs__en_bul_b,majority->minority,4.864419937133789,0.8757503628730774,4.255383014678955
pre_lmhead_contextual,en_100m__vs__en_bul_b,authority->deliberation,4.4846014976501465,0.69539874792099,4.428081035614014
pre_lmhead_contextual,en_100m__vs__en_bul_b,fasting->feasting,4.404113292694092,0.3467138707637787,-4.319657325744629
pre_lmhead_contextual,en_100m__vs__en_bul_b,mother->father,4.208388805389404,0.8776851892471313,-3.123478889465332
pre_lmhead_contextual,en_100m__vs__en_bul_b,dragon->eagle,4.20197057723999,0.7261703014373779,3.9930319786071777
pre_lmhead_contextual,en_100m__vs__en_bul_b,obedience->autonomy,4.185662746429443,0.7755516767501831,4.106633186340332
pre_lmhead_contextual,en_100m__vs__en_bul_b,assimilation->pluralism,3.903744697570801,0.23155911266803741,3.7889959812164307
pre_lmhead_contextual,en_100m__vs__en_bul_b,pilgrim->spectator,3.658363103866577,0.30239376425743103,3.5928680896759033
pre_lmhead_contextual,en_100m__vs__en_bul_b,democracy->monarchy,3.3276796340942383,0.38217487931251526,-3.165998935699463
pre_lmhead_contextual,en_100m__vs__en_bul_b,lineage->mobility,3.0184340476989746,0.5710734128952026,2.7808899879455566
pre_lmhead_contextual,en_100m__vs__en_bul_b,sacred->secular,2.9495081901550293,0.7447951436042786,-1.2406443357467651
pre_lmhead_contextual,en_100m__vs__en_bul_b,patronage->meritocracy,2.8604350090026855,0.5049031972885132,-0.49198609590530396
pre_lmhead_contextual,en_100m__vs__en_bul_b,ritual->routine,2.8442156314849854,0.7087987065315247,-2.036886215209961
pre_lmhead_contextual,en_100m__vs__en_bul_b,duty->freedom,2.7871153354644775,0.813678503036499,-2.1382057666778564
pre_lmhead_contextual,en_100m__vs__en_bul_b,local->global,2.776455879211426,0.867842435836792,-2.7242558002471924
pre_lmhead_contextual,en_100m__vs__en_bul_b,individualism->collectivism,2.6061737537384033,0.6782134175300598,-1.545506477355957
pre_lmhead_contextual,en_100m__vs__en_bul_b,honor->shame,2.5910775661468506,0.6038679480552673,0.023913132026791573
pre_lmhead_contextual,en_100m__vs__en_bul_b,hierarchy->equality,2.54469633102417,0.6939108371734619,0.12528033554553986
pre_lmhead_contextual,en_100m__vs__en_bul_b,fermented->fresh,2.5137860774993896,0.21717071533203125,-2.336930751800537
pre_lmhead_contextual,en_100m__vs__en_bul_b,ornate->plain,2.5081210136413574,0.351017564535141,2.3442084789276123
pre_lmhead_contextual,en_100m__vs__en_bul_b,prayer->reason,2.471081495285034,0.28330257534980774,-1.6893126964569092
pre_lmhead_contextual,en_100m__vs__en_bul_b,tea->coffee,2.4145777225494385,0.3747846186161041,2.297635793685913
pre_lmhead_contextual,en_100m__vs__en_bul_b,customary->codified,2.3657453060150146,0.4176632761955261,1.8906614780426025
pre_lmhead_contextual,en_100m__vs__en_bul_b,homeland->migration,2.3174281120300293,0.5372962355613708,0.7787446975708008
pre_lmhead_contextual,en_100m__vs__en_bul_b,restraint->indulgence,2.2937378883361816,0.23257532715797424,-1.7318356037139893
pre_lmhead_contextual,en_100m__vs__en_bul_b,mourning->celebration,2.193819761276245,0.3879713714122772,-1.575048804283142
pre_lmhead_contextual,en_100m__vs__en_bul_b,ancestor->novelty,2.1497390270233154,0.6768614053726196,0.7133312821388245
pre_lmhead_contextual,en_100m__vs__en_bul_b,lotus->rose,2.0545575618743896,0.566433846950531,-1.2709068059921265
pre_lmhead_contextual,en_100m__vs__en_bul_b,kin->stranger,2.05348539352417,0.32643330097198486,1.4831196069717407
pre_lmhead_contextual,en_100m__vs__en_bul_b,elder->youth,2.0072224140167236,0.24103441834449768,0.3869313895702362
pre_lmhead_contextual,en_100m__vs__en_bul_b,rice->bread,1.872772216796875,0.37433162331581116,1.329403281211853
pre_lmhead_contextual,en_100m__vs__en_bul_b,pilgrimage->tourism,1.8075315952301025,0.6195822954177856,1.1571855545043945
pre_lmhead_contextual,en_100m__vs__en_bul_b,black->gold,1.789583444595337,0.3943946659564972,1.2888559103012085
pre_lmhead_contextual,en_100m__vs__en_bul_b,taboo->permissive,1.783187747001648,0.20439450442790985,-0.9462718367576599
pre_lmhead_contextual,en_100m__vs__en_bul_b,formal->casual,1.7817426919937134,0.3006899654865265,1.132416009902954
pre_lmhead_contextual,en_100m__vs__en_bul_b,veiled->unveiled,1.7378559112548828,0.27453240752220154,0.9127603769302368
pre_lmhead_contextual,en_100m__vs__en_bul_b,indigenous->diaspora,1.7129744291305542,0.3230602741241455,0.1661631166934967
pre_lmhead_contextual,en_100m__vs__en_bul_b,lunar->solar,1.6924524307250977,0.4854744076728821,1.1693544387817383
pre_lmhead_contextual,en_100m__vs__en_bul_b,modest->revealing,1.6917649507522583,0.4965895414352417,-1.370712399482727
pre_lmhead_contextual,en_100m__vs__en_bul_b,tradition->modernity,1.6833620071411133,0.4943336248397827,1.177329421043396
pre_lmhead_contextual,en_100m__vs__en_bul_b,conformity->dissent,1.6699748039245605,0.4209235906600952,-0.883211076259613
pre_lmhead_contextual,en_100m__vs__en_bul_b,script->image,1.4275319576263428,0.46468931436538696,-0.4810695946216583
pre_lmhead_contextual,en_100m__vs__en_bul_b,white->red,1.2735823392868042,0.3101258873939514,-0.10676920413970947
pre_lmhead_contextual,en_100m__vs__en_ind_a,uniform->personalized,8.200238227844238,0.8436541557312012,-7.455376148223877
pre_lmhead_contextual,en_100m__vs__en_ind_a,spicy->mild,8.031804084777832,0.8051064610481262,-6.6442718505859375
pre_lmhead_contextual,en_100m__vs__en_ind_a,tea->coffee,6.4927659034729,0.892127513885498,6.445019721984863
pre_lmhead_contextual,en_100m__vs__en_ind_a,conformity->dissent,6.488956928253174,0.9076448678970337,6.349765777587891
pre_lmhead_contextual,en_100m__vs__en_ind_a,democracy->monarchy,5.455598831176758,0.6605497002601624,-5.25913667678833
pre_lmhead_contextual,en_100m__vs__en_ind_a,certainty->ambiguity,5.066852569580078,0.8036630153656006,4.041774749755859
pre_lmhead_contextual,en_100m__vs__en_ind_a,solidarity->competition,5.046255111694336,0.8678704500198364,-4.691364288330078
pre_lmhead_contextual,en_100m__vs__en_ind_a,assimilation->pluralism,4.610743522644043,0.26197680830955505,4.208827972412109
pre_lmhead_contextual,en_100m__vs__en_ind_a,obedience->autonomy,4.408247947692871,0.8743785619735718,4.374324321746826
pre_lmhead_contextual,en_100m__vs__en_ind_a,dragon->eagle,4.39241361618042,0.8785631060600281,4.320329189300537
pre_lmhead_contextual,en_100m__vs__en_ind_a,mourning->celebration,4.373098850250244,0.7950618863105774,-4.206789016723633
pre_lmhead_contextual,en_100m__vs__en_ind_a,authority->deliberation,4.319476127624512,0.652444064617157,3.7103986740112305
pre_lmhead_contextual,en_100m__vs__en_ind_a,clan->individual,3.989212989807129,0.5876619815826416,3.9560306072235107
pre_lmhead_contextual,en_100m__vs__en_ind_a,federal->centralized,3.9651780128479004,0.34879961609840393,3.887108087539673
pre_lmhead_contextual,en_100m__vs__en_ind_a,prayer->reason,3.7085630893707275,0.4716399610042572,-3.44589900970459
pre_lmhead_contextual,en_100m__vs__en_ind_a,local->global,3.58859920501709,0.9060632586479187,-3.524874448776245
pre_lmhead_contextual,en_100m__vs__en_ind_a,mother->father,3.550259828567505,0.8651981353759766,-3.349459409713745
pre_lmhead_contextual,en_100m__vs__en_ind_a,pilgrimage->tourism,3.531043529510498,0.8454836010932922,3.4420742988586426
pre_lmhead_contextual,en_100m__vs__en_ind_a,formal->casual,3.530839443206787,0.6522219777107239,3.4397494792938232
pre_lmhead_contextual,en_100m__vs__en_ind_a,duty->freedom,3.3992836475372314,0.8520047664642334,-2.938551187515259
pre_lmhead_contextual,en_100m__vs__en_ind_a,hierarchy->equality,3.2999789714813232,0.6976426243782043,1.4036667346954346
pre_lmhead_contextual,en_100m__vs__en_ind_a,lunar->solar,3.2256627082824707,0.8342993259429932,-2.9132020473480225
pre_lmhead_contextual,en_100m__vs__en_ind_a,vegetarian->meat,3.182175636291504,0.42166629433631897,-2.871535062789917
pre_lmhead_contextual,en_100m__vs__en_ind_a,honor->shame,3.1674790382385254,0.8861377239227295,2.073631763458252
pre_lmhead_contextual,en_100m__vs__en_ind_a,indigenous->diaspora,3.0091679096221924,0.4957442879676819,-1.7498167753219604
pre_lmhead_contextual,en_100m__vs__en_ind_a,lineage->mobility,2.9824254512786865,0.6971235275268555,1.043847918510437
pre_lmhead_contextual,en_100m__vs__en_ind_a,fermented->fresh,2.974226951599121,0.2607784569263458,-2.8431296348571777
pre_lmhead_contextual,en_100m__vs__en_ind_a,fasting->feasting,2.9014878273010254,0.26183584332466125,-2.5857248306274414
pre_lmhead_contextual,en_100m__vs__en_ind_a,individualism->collectivism,2.830735921859741,0.6795334219932556,-2.1557204723358154
pre_lmhead_contextual,en_100m__vs__en_ind_a,pilgrim->spectator,2.782289981842041,0.23402568697929382,2.572842836380005
pre_lmhead_contextual,en_100m__vs__en_ind_a,homeland->migration,2.7632627487182617,0.5221520066261292,-0.6110895872116089
pre_lmhead_contextual,en_100m__vs__en_ind_a,elder->youth,2.7421813011169434,0.34619247913360596,1.6620014905929565
pre_lmhead_contextual,en_100m__vs__en_ind_a,customary->codified,2.6926815509796143,0.40584421157836914,2.114492654800415
pre_lmhead_contextual,en_100m__vs__en_ind_a,modest->revealing,2.4575836658477783,0.7667831182479858,-0.400429368019104
pre_lmhead_contextual,en_100m__vs__en_ind_a,sacred->secular,2.210390567779541,0.6542707085609436,0.17476150393486023
pre_lmhead_contextual,en_100m__vs__en_ind_a,tradition->modernity,2.1992387771606445,0.5483999252319336,-1.0390119552612305
pre_lmhead_contextual,en_100m__vs__en_ind_a,ancestor->novelty,2.1721696853637695,0.6454036831855774,-0.6898110508918762
pre_lmhead_contextual,en_100m__vs__en_ind_a,lotus->rose,2.1366918087005615,0.6008229851722717,-1.9358370304107666
pre_lmhead_contextual,en_100m__vs__en_ind_a,ornate->plain,2.132913589477539,0.2586148679256439,-0.7968838214874268
pre_lmhead_contextual,en_100m__vs__en_ind_a,majority->minority,2.07692551612854,0.5515706539154053,1.468139886856079
pre_lmhead_contextual,en_100m__vs__en_ind_a,ritual->routine,2.0106394290924072,0.5180007815361023,0.17874270677566528
pre_lmhead_contextual,en_100m__vs__en_ind_a,patronage->meritocracy,1.9610891342163086,0.3745972812175751,0.6534660458564758
pre_lmhead_contextual,en_100m__vs__en_ind_a,veiled->unveiled,1.95997154712677,0.25321248173713684,-1.3342877626419067
pre_lmhead_contextual,en_100m__vs__en_ind_a,white->red,1.9378774166107178,0.4639718532562256,-1.5766432285308838
pre_lmhead_contextual,en_100m__vs__en_ind_a,script->image,1.919313907623291,0.50638747215271,-1.2386789321899414
pre_lmhead_contextual,en_100m__vs__en_ind_a,rice->bread,1.8088061809539795,0.48295867443084717,-0.7101905345916748
pre_lmhead_contextual,en_100m__vs__en_ind_a,taboo->permissive,1.7707899808883667,0.21435721218585968,-1.0531467199325562
pre_lmhead_contextual,en_100m__vs__en_ind_a,restraint->indulgence,1.7148104906082153,0.19375476241111755,-0.4482813775539398
pre_lmhead_contextual,en_100m__vs__en_ind_a,kin->stranger,1.6041851043701172,0.2620868384838104,-0.4206627905368805
pre_lmhead_contextual,en_100m__vs__en_ind_a,black->gold,1.5085649490356445,0.3329422175884247,1.1096222400665283
pre_lmhead_contextual,en_100m__vs__en_ind_b,uniform->personalized,7.271902561187744,0.691939651966095,-5.553554534912109
pre_lmhead_contextual,en_100m__vs__en_ind_b,conformity->dissent,6.084068298339844,0.9136320948600769,5.823369979858398
pre_lmhead_contextual,en_100m__vs__en_ind_b,clan->individual,5.989550590515137,0.7954084277153015,5.970585823059082
pre_lmhead_contextual,en_100m__vs__en_ind_b,democracy->monarchy,5.7248077392578125,0.7253009676933289,-5.716568946838379
pre_lmhead_contextual,en_100m__vs__en_ind_b,vegetarian->meat,5.627193450927734,0.8597486615180969,-5.5884480476379395
pre_lmhead_contextual,en_100m__vs__en_ind_b,rice->bread,5.577141761779785,0.9803032279014587,-5.521592617034912
pre_lmhead_contextual,en_100m__vs__en_ind_b,lineage->mobility,5.488131046295166,0.8888152241706848,-2.385502338409424
pre_lmhead_contextual,en_100m__vs__en_ind_b,honor->shame,4.844742298126221,0.9068790078163147,4.3291778564453125
pre_lmhead_contextual,en_100m__vs__en_ind_b,ancestor->novelty,4.774735450744629,0.7663363218307495,-4.547824859619141
pre_lmhead_contextual,en_100m__vs__en_ind_b,spicy->mild,4.774021148681641,0.5413573980331421,-4.366644382476807
pre_lmhead_contextual,en_100m__vs__en_ind_b,prayer->reason,4.6326680183410645,0.5669785141944885,-3.05989933013916
pre_lmhead_contextual,en_100m__vs__en_ind_b,authority->deliberation,4.574458122253418,0.7123039364814758,4.54507303237915
pre_lmhead_contextual,en_100m__vs__en_ind_b,tea->coffee,4.310290813446045,0.746492326259613,4.304432392120361
pre_lmhead_contextual,en_100m__vs__en_ind_b,mother->father,4.213497161865234,0.9043359160423279,-3.438141107559204
pre_lmhead_contextual,en_100m__vs__en_ind_b,local->global,4.066094398498535,0.9241831302642822,-4.014535903930664
pre_lmhead_contextual,en_100m__vs__en_ind_b,homeland->migration,4.03079080581665,0.7764703631401062,3.3373196125030518
pre_lmhead_contextual,en_100m__vs__en_ind_b,hierarchy->equality,4.015567779541016,0.7225420475006104,2.059422254562378
pre_lmhead_contextual,en_100m__vs__en_ind_b,majority->minority,3.9984452724456787,0.8096979260444641,2.672027587890625
pre_lmhead_contextual,en_100m__vs__en_ind_b,indigenous->diaspora,3.7215685844421387,0.7486189007759094,-3.5986788272857666
pre_lmhead_contextual,en_100m__vs__en_ind_b,federal->centralized,3.562095880508423,0.32450005412101746,3.1382322311401367
pre_lmhead_contextual,en_100m__vs__en_ind_b,taboo->permissive,3.103030204772949,0.3180839419364929,-0.5761600136756897
pre_lmhead_contextual,en_100m__vs__en_ind_b,formal->casual,3.0857841968536377,0.5025087594985962,2.2229065895080566
pre_lmhead_contextual,en_100m__vs__en_ind_b,dragon->eagle,3.029616117477417,0.3577077090740204,-1.9066306352615356
pre_lmhead_contextual,en_100m__vs__en_ind_b,assimilation->pluralism,2.926189422607422,0.19564557075500488,2.7623701095581055
pre_lmhead_contextual,en_100m__vs__en_ind_b,ritual->routine,2.903238296508789,0.8084888458251953,-2.8005521297454834
pre_lmhead_contextual,en_100m__vs__en_ind_b,customary->codified,2.859081268310547,0.4930908977985382,2.234421968460083
pre_lmhead_contextual,en_100m__vs__en_ind_b,sacred->secular,2.600748300552368,0.712708592414856,-1.3410112857818604
pre_lmhead_contextual,en_100m__vs__en_ind_b,lotus->rose,2.58969783782959,0.7577534914016724,-2.558846950531006
pre_lmhead_contextual,en_100m__vs__en_ind_b,modest->revealing,2.524332046508789,0.6310310959815979,-2.373032808303833
pre_lmhead_contextual,en_100m__vs__en_ind_b,obedience->autonomy,2.461301803588867,0.43067052960395813,1.7861794233322144
pre_lmhead_contextual,en_100m__vs__en_ind_b,individualism->collectivism,2.3933706283569336,0.6514700651168823,-1.8576191663742065
pre_lmhead_contextual,en_100m__vs__en_ind_b,kin->stranger,2.257558584213257,0.3560088574886322,0.4333438277244568
pre_lmhead_contextual,en_100m__vs__en_ind_b,fasting->feasting,2.2371814250946045,0.1703193634748459,-1.8365345001220703
pre_lmhead_contextual,en_100m__vs__en_ind_b,pilgrim->spectator,2.2264761924743652,0.16190436482429504,1.7178750038146973
pre_lmhead_contextual,en_100m__vs__en_ind_b,script->image,2.2124886512756348,0.5048715472221375,-1.9667733907699585
pre_lmhead_contextual,en_100m__vs__en_ind_b,restraint->indulgence,2.206188440322876,0.2202368825674057,1.2370476722717285
pre_lmhead_contextual,en_100m__vs__en_ind_b,black->gold,2.2054953575134277,0.5651556849479675,2.1098973751068115
pre_lmhead_contextual,en_100m__vs__en_ind_b,fermented->fresh,2.121520757675171,0.17350442707538605,-1.8418315649032593
pre_lmhead_contextual,en_100m__vs__en_ind_b,duty->freedom,2.1141700744628906,0.7207905650138855,-0.8728963732719421
pre_lmhead_contextual,en_100m__vs__en_ind_b,solidarity->competition,2.0375514030456543,0.37327656149864197,-1.1135673522949219
pre_lmhead_contextual,en_100m__vs__en_ind_b,veiled->unveiled,1.976250410079956,0.2920325994491577,-1.5639175176620483
pre_lmhead_contextual,en_100m__vs__en_ind_b,patronage->meritocracy,1.916902780532837,0.38300931453704834,-0.02230810560286045
pre_lmhead_contextual,en_100m__vs__en_ind_b,certainty->ambiguity,1.9167191982269287,0.27157703042030334,-0.14142334461212158
pre_lmhead_contextual,en_100m__vs__en_ind_b,mourning->celebration,1.8810361623764038,0.29641294479370117,-0.9866350889205933
pre_lmhead_contextual,en_100m__vs__en_ind_b,ornate->plain,1.7740522623062134,0.22631937265396118,-1.2756664752960205
pre_lmhead_contextual,en_100m__vs__en_ind_b,pilgrimage->tourism,1.7372522354125977,0.5067738890647888,-0.36296430230140686
pre_lmhead_contextual,en_100m__vs__en_ind_b,lunar->solar,1.6341121196746826,0.6795627474784851,-1.378894567489624
pre_lmhead_contextual,en_100m__vs__en_ind_b,elder->youth,1.6147760152816772,0.19675733149051666,0.5507495403289795
pre_lmhead_contextual,en_100m__vs__en_ind_b,tradition->modernity,1.3335942029953003,0.440187931060791,0.35428062081336975
pre_lmhead_contextual,en_100m__vs__en_ind_b,white->red,1.1201603412628174,0.2817525267601013,0.17577803134918213
pre_lmhead_contextual,en_100m__vs__en_deu_a,taboo->permissive,7.7336955070495605,0.8812265396118164,-6.824577331542969
pre_lmhead_contextual,en_100m__vs__en_deu_a,democracy->monarchy,7.358851432800293,0.852196455001831,-7.249951362609863
pre_lmhead_contextual,en_100m__vs__en_deu_a,tea->coffee,7.204255104064941,0.9726811051368713,7.186825275421143
pre_lmhead_contextual,en_100m__vs__en_deu_a,dragon->eagle,7.161069393157959,0.980681300163269,7.161069393157959
pre_lmhead_contextual,en_100m__vs__en_deu_a,federal->centralized,6.548109531402588,0.6959478259086609,6.543673515319824
pre_lmhead_contextual,en_100m__vs__en_deu_a,uniform->personalized,6.189287185668945,0.6369189620018005,-5.270569324493408
pre_lmhead_contextual,en_100m__vs__en_deu_a,vegetarian->meat,5.979939937591553,0.8612399697303772,-5.945213794708252
pre_lmhead_contextual,en_100m__vs__en_deu_a,clan->individual,5.578371524810791,0.779872715473175,5.535182476043701
pre_lmhead_contextual,en_100m__vs__en_deu_a,kin->stranger,5.47012186050415,0.8292005658149719,5.257180690765381
pre_lmhead_contextual,en_100m__vs__en_deu_a,spicy->mild,5.403941631317139,0.6631828546524048,-5.276078224182129
pre_lmhead_contextual,en_100m__vs__en_deu_a,certainty->ambiguity,5.18086051940918,0.7804037928581238,4.032486438751221
pre_lmhead_contextual,en_100m__vs__en_deu_a,assimilation->pluralism,5.12363338470459,0.30811992287635803,4.934463977813721
pre_lmhead_contextual,en_100m__vs__en_deu_a,honor->shame,5.06182336807251,0.9089242219924927,4.360743522644043
pre_lmhead_contextual,en_100m__vs__en_deu_a,solidarity->competition,4.882717609405518,0.8180164098739624,-4.565212726593018
pre_lmhead_contextual,en_100m__vs__en_deu_a,authority->deliberation,4.415729999542236,0.6719908714294434,4.2438740730285645
pre_lmhead_contextual,en_100m__vs__en_deu_a,fermented->fresh,4.025510311126709,0.4300026297569275,-4.00431489944458
pre_lmhead_contextual,en_100m__vs__en_deu_a,majority->minority,3.985968828201294,0.8600983023643494,3.248361110687256
pre_lmhead_contextual,en_100m__vs__en_deu_a,lineage->mobility,3.9486680030822754,0.7886189222335815,-2.262345790863037
pre_lmhead_contextual,en_100m__vs__en_deu_a,mourning->celebration,3.9280545711517334,0.6600205898284912,-3.166923761367798
pre_lmhead_contextual,en_100m__vs__en_deu_a,pilgrim->spectator,3.681717872619629,0.2904551327228546,3.4979686737060547
pre_lmhead_contextual,en_100m__vs__en_deu_a,hierarchy->equality,3.5927670001983643,0.7265174984931946,1.6086933612823486
pre_lmhead_contextual,en_100m__vs__en_deu_a,tradition->modernity,3.4529008865356445,0.6479039192199707,-3.0117433071136475
pre_lmhead_contextual,en_100m__vs__en_deu_a,black->gold,3.113773822784424,0.6919112801551819,2.7917675971984863
pre_lmhead_contextual,en_100m__vs__en_deu_a,ancestor->novelty,3.0997183322906494,0.7875384092330933,0.5880507230758667
pre_lmhead_contextual,en_100m__vs__en_deu_a,homeland->migration,2.889404058456421,0.6595423817634583,1.6699997186660767
pre_lmhead_contextual,en_100m__vs__en_deu_a,indigenous->diaspora,2.8675899505615234,0.5704259276390076,-2.354543447494507
pre_lmhead_contextual,en_100m__vs__en_deu_a,local->global,2.806551694869995,0.8450326919555664,-2.7349061965942383
pre_lmhead_contextual,en_100m__vs__en_deu_a,conformity->dissent,2.72975492477417,0.8386070728302002,2.1451714038848877
pre_lmhead_contextual,en_100m__vs__en_deu_a,individualism->collectivism,2.715445041656494,0.672021746635437,-2.484499931335449
pre_lmhead_contextual,en_100m__vs__en_deu_a,pilgrimage->tourism,2.702047824859619,0.7726820111274719,2.316530704498291
pre_lmhead_contextual,en_100m__vs__en_deu_a,duty->freedom,2.6827402114868164,0.7632648944854736,-1.2099285125732422
pre_lmhead_contextual,en_100m__vs__en_deu_a,white->red,2.550760507583618,0.6348881721496582,-2.304093360900879
pre_lmhead_contextual,en_100m__vs__en_deu_a,customary->codified,2.4161124229431152,0.4169142544269562,1.9981831312179565
pre_lmhead_contextual,en_100m__vs__en_deu_a,fasting->feasting,2.3828012943267822,0.19735538959503174,-1.92390775680542
pre_lmhead_contextual,en_100m__vs__en_deu_a,restraint->indulgence,2.3585562705993652,0.23323112726211548,-0.7705336213111877
pre_lmhead_contextual,en_100m__vs__en_deu_a,patronage->meritocracy,2.322355270385742,0.3805307447910309,-1.829315423965454
pre_lmhead_contextual,en_100m__vs__en_deu_a,prayer->reason,2.3151190280914307,0.2681049406528473,-1.036916971206665
pre_lmhead_contextual,en_100m__vs__en_deu_a,mother->father,2.2653849124908447,0.687788188457489,-1.4286177158355713
pre_lmhead_contextual,en_100m__vs__en_deu_a,lotus->rose,2.2629053592681885,0.632507860660553,-2.085103988647461
pre_lmhead_contextual,en_100m__vs__en_deu_a,ritual->routine,2.2489120960235596,0.5312612056732178,0.5606279373168945
pre_lmhead_contextual,en_100m__vs__en_deu_a,sacred->secular,2.225893020629883,0.6875367164611816,0.2972887456417084
pre_lmhead_contextual,en_100m__vs__en_deu_a,obedience->autonomy,2.1308681964874268,0.3025253415107727,0.5281819105148315
pre_lmhead_contextual,en_100m__vs__en_deu_a,lunar->solar,1.9159119129180908,0.48760986328125,1.678249716758728
pre_lmhead_contextual,en_100m__vs__en_deu_a,formal->casual,1.9050730466842651,0.3624248802661896,1.6671000719070435
pre_lmhead_contextual,en_100m__vs__en_deu_a,rice->bread,1.8568406105041504,0.4415470063686371,0.09013973921537399
pre_lmhead_contextual,en_100m__vs__en_deu_a,veiled->unveiled,1.777827262878418,0.2756195068359375,-1.0071595907211304
pre_lmhead_contextual,en_100m__vs__en_deu_a,elder->youth,1.687118649482727,0.17980758845806122,-0.22324319183826447
pre_lmhead_contextual,en_100m__vs__en_deu_a,script->image,1.6294124126434326,0.4998834729194641,-0.5214792490005493
pre_lmhead_contextual,en_100m__vs__en_deu_a,modest->revealing,1.606696367263794,0.581565260887146,0.7866681814193726
pre_lmhead_contextual,en_100m__vs__en_deu_a,ornate->plain,1.4647297859191895,0.20686182379722595,-0.4586348533630371
pre_lmhead_contextual,en_100m__vs__en_deu_b,uniform->personalized,8.236576080322266,0.7810229659080505,-6.796933650970459
pre_lmhead_contextual,en_100m__vs__en_deu_b,fermented->fresh,7.114815711975098,0.8283243179321289,-7.0982279777526855
pre_lmhead_contextual,en_100m__vs__en_deu_b,vegetarian->meat,6.53531551361084,0.9017507433891296,-6.505659103393555
pre_lmhead_contextual,en_100m__vs__en_deu_b,clan->individual,6.441483020782471,0.7785947322845459,6.391094207763672
pre_lmhead_contextual,en_100m__vs__en_deu_b,federal->centralized,6.322882652282715,0.6419063806533813,6.266215801239014
pre_lmhead_contextual,en_100m__vs__en_deu_b,assimilation->pluralism,6.3120646476745605,0.4062446057796478,6.173287868499756
pre_lmhead_contextual,en_100m__vs__en_deu_b,spicy->mild,5.790616512298584,0.6760085821151733,-5.453804016113281
pre_lmhead_contextual,en_100m__vs__en_deu_b,certainty->ambiguity,5.156693458557129,0.9151377081871033,5.090584754943848
pre_lmhead_contextual,en_100m__vs__en_deu_b,individualism->collectivism,4.956133842468262,0.7447885274887085,0.9112792015075684
pre_lmhead_contextual,en_100m__vs__en_deu_b,kin->stranger,4.767783164978027,0.7640040516853333,4.681074619293213
pre_lmhead_contextual,en_100m__vs__en_deu_b,democracy->monarchy,4.618515491485596,0.5726455450057983,-4.551362991333008
pre_lmhead_contextual,en_100m__vs__en_deu_b,restraint->indulgence,4.537845611572266,0.4503668248653412,-4.30099630355835
pre_lmhead_contextual,en_100m__vs__en_deu_b,honor->shame,4.288734436035156,0.9095732569694519,3.5069692134857178
pre_lmhead_contextual,en_100m__vs__en_deu_b,pilgrimage->tourism,4.0952935218811035,0.7777702808380127,2.6920952796936035
pre_lmhead_contextual,en_100m__vs__en_deu_b,lotus->rose,4.0539679527282715,0.939654529094696,-4.04450798034668
pre_lmhead_contextual,en_100m__vs__en_deu_b,solidarity->competition,4.013763427734375,0.7787832021713257,-3.6505379676818848
pre_lmhead_contextual,en_100m__vs__en_deu_b,dragon->eagle,3.822361469268799,0.6879723072052002,3.3209972381591797
pre_lmhead_contextual,en_100m__vs__en_deu_b,pilgrim->spectator,3.7719638347625732,0.2700982689857483,3.5766513347625732
pre_lmhead_contextual,en_100m__vs__en_deu_b,authority->deliberation,3.6221635341644287,0.696358323097229,3.557814836502075
pre_lmhead_contextual,en_100m__vs__en_deu_b,obedience->autonomy,3.5192978382110596,0.6166139841079712,3.2645106315612793
pre_lmhead_contextual,en_100m__vs__en_deu_b,hierarchy->equality,3.3913919925689697,0.6835141777992249,2.1067163944244385
pre_lmhead_contextual,en_100m__vs__en_deu_b,veiled->unveiled,3.29482364654541,0.5436630249023438,2.6599628925323486
pre_lmhead_contextual,en_100m__vs__en_deu_b,majority->minority,3.244405508041382,0.6504023671150208,0.548818051815033
pre_lmhead_contextual,en_100m__vs__en_deu_b,sacred->secular,3.007206916809082,0.7721738219261169,-0.6021788120269775
pre_lmhead_contextual,en_100m__vs__en_deu_b,patronage->meritocracy,2.963158130645752,0.4323808550834656,-2.4817216396331787
pre_lmhead_contextual,en_100m__vs__en_deu_b,duty->freedom,2.962616443634033,0.7913516759872437,-2.3770556449890137
pre_lmhead_contextual,en_100m__vs__en_deu_b,indigenous->diaspora,2.8692147731781006,0.5813466310501099,-2.3522450923919678
pre_lmhead_contextual,en_100m__vs__en_deu_b,lineage->mobility,2.8612959384918213,0.7314592003822327,0.5299358367919922
pre_lmhead_contextual,en_100m__vs__en_deu_b,formal->casual,2.784517765045166,0.5227658748626709,2.634620189666748
pre_lmhead_contextual,en_100m__vs__en_deu_b,customary->codified,2.6918091773986816,0.4693811535835266,0.9578167796134949
pre_lmhead_contextual,en_100m__vs__en_deu_b,modest->revealing,2.6807355880737305,0.6235047578811646,-2.525491714477539
pre_lmhead_contextual,en_100m__vs__en_deu_b,rice->bread,2.680035352706909,0.48314526677131653,1.3988456726074219
pre_lmhead_contextual,en_100m__vs__en_deu_b,tea->coffee,2.6338188648223877,0.4235014319419861,2.5216064453125
pre_lmhead_contextual,en_100m__vs__en_deu_b,ancestor->novelty,2.592806339263916,0.6547970175743103,-2.3004496097564697
pre_lmhead_contextual,en_100m__vs__en_deu_b,ritual->routine,2.5710320472717285,0.6943671703338623,-2.4125022888183594
pre_lmhead_contextual,en_100m__vs__en_deu_b,conformity->dissent,2.5475082397460938,0.7509006261825562,1.4533625841140747
pre_lmhead_contextual,en_100m__vs__en_deu_b,fasting->feasting,2.5239980220794678,0.19131171703338623,-2.121213912963867
pre_lmhead_contextual,en_100m__vs__en_deu_b,script->image,2.5077948570251465,0.5785178542137146,-1.3622366189956665
pre_lmhead_contextual,en_100m__vs__en_deu_b,white->red,2.325976610183716,0.5686097741127014,-1.897491216659546
pre_lmhead_contextual,en_100m__vs__en_deu_b,elder->youth,2.132782459259033,0.24366362392902374,0.04671981930732727
pre_lmhead_contextual,en_100m__vs__en_deu_b,tradition->modernity,2.0374996662139893,0.5537625551223755,-1.395941138267517
pre_lmhead_contextual,en_100m__vs__en_deu_b,taboo->permissive,2.0132181644439697,0.22064736485481262,-1.3103665113449097
pre_lmhead_contextual,en_100m__vs__en_deu_b,local->global,2.0123674869537354,0.7013505697250366,-1.841737985610962
pre_lmhead_contextual,en_100m__vs__en_deu_b,prayer->reason,1.9564560651779175,0.22192111611366272,-0.9657456874847412
pre_lmhead_contextual,en_100m__vs__en_deu_b,homeland->migration,1.919410228729248,0.4728415012359619,0.4733133912086487
pre_lmhead_contextual,en_100m__vs__en_deu_b,mourning->celebration,1.8004472255706787,0.3037894070148468,-0.6931418776512146
pre_lmhead_contextual,en_100m__vs__en_deu_b,mother->father,1.7700700759887695,0.5415515303611755,-1.4464476108551025
pre_lmhead_contextual,en_100m__vs__en_deu_b,ornate->plain,1.7639796733856201,0.24758149683475494,0.5883846282958984
pre_lmhead_contextual,en_100m__vs__en_deu_b,lunar->solar,1.3828412294387817,0.46659448742866516,0.6689508557319641
pre_lmhead_contextual,en_100m__vs__en_deu_b,black->gold,1.2752631902694702,0.23502710461616516,-0.11051369458436966
